ab_enabled,ab_rollback_ready,ab_update_valid,action_count_m,action_count_mb,activation_success,artifact_hashes_new_sha256,artifact_hashes_old_sha256,artifact_type,baseline_name,block_size,block_size_bytes,blocks_remaining,blocks_total,boot_health_success,completed,compression_status,compression_status_source,dataset_id,dependency_versions_bsdiff4,dependency_versions_gym,dependency_versions_numpy,dependency_versions_tensorboard,dependency_versions_torch,deployment_ab_enabled,deployment_ab_rollback_ready,deployment_ab_update_valid,deployment_activation_success,deployment_active_slot,deployment_active_version,deployment_backup_area_bytes,deployment_boot_attempt_counter,deployment_boot_health_success,deployment_budget_violation_count,deployment_budget_violations,deployment_checkpoint_count,deployment_config_bandwidth_bytes_per_s,deployment_config_checkpoint_interval_ops,deployment_config_enable_ab_slots,deployment_config_flash_write_bytes_per_s,deployment_config_health_check_mode,deployment_config_max_boot_attempts,deployment_config_name,deployment_config_patch_apply_bytes_per_s,deployment_config_ram_budget_bytes,deployment_config_reboot_downtime_seconds,deployment_config_require_backup_for_overwrite,deployment_config_require_inactive_slot_install,deployment_config_slot_capacity_bytes,deployment_config_staging_strategy,deployment_config_storage_budget_bytes,deployment_current_persistent_storage_bytes,deployment_download_time_s,deployment_downtime_seconds,deployment_flash_write_bytes,deployment_health_verdict,deployment_inactive_slot,deployment_inactive_version,deployment_install_state,deployment_install_time_s,deployment_installed_image_bytes,deployment_latest_checkpoint_operation,deployment_max_boot_attempts,deployment_network_bytes,deployment_package_size_bytes,deployment_peak_persistent_storage_bytes,deployment_peak_ram_bytes,deployment_pending_activation,deployment_reboot_count,deployment_rollback_after_failed_boot,deployment_rollback_performed,deployment_rollback_ready,deployment_rollback_success,deployment_slot_capacity_bytes,deployment_slot_storage_bytes,deployment_slot_storage_violation,deployment_slot_switch_count,deployment_staging_area_bytes,deployment_total_time_s,deployment_unsafe_overwrite_count,domain,downtime_seconds,duration_s,encoding_cost,encoding_op_count,git_commit,git_dirty,interruption_percentages,interruption_results,interruption_setting_name,interruption_summary_checkpoint_resume_count,interruption_summary_failed_recovery_count,interruption_summary_final_replay_validity_all,interruption_summary_max_extra_flash_writes,interruption_summary_max_extra_network_bytes,interruption_summary_max_recovery_cost_operations,interruption_summary_rollback_success_count,interruption_summary_scenario_count,learned_reportable,license_notes,manifest_block_size_bytes,manifest_path,manifest_version,memory_cost,new_file,new_path,new_sha256,new_size_bytes,old_file,old_path,old_sha256,old_size_bytes,operation_counts_backup,operation_counts_copy,operation_counts_delta,operation_counts_keep,operation_counts_raw_insert,operation_counts_truncate,pair_id,policy,python_implementation,python_version,reboot_count,replay_errors,replay_valid,replay_validity,reward,rollback_after_failed_boot,rollback_success,runtime,runtime_s,scenario,seed,slot_storage_bytes,slot_storage_violation,slot_switch_count,source,steps,suite_result_runtime_s,suite_started_at_utc,tier,transformation_valid
,,,2,0,,2c89afcb33f91f3a249c50a92cc652778c267a28f5cb05ac69605cb2f2ba7053,53b13f0789ba85473f97c99d58ed0f4ef7c089cd0ac979a5cd3fe7e62fde6e3f,autoware_module_tar,full_replacement,4096,4096,0,13,,True,uncompressed,deterministic_tar_derivation,smartota-automotive,1.2.6,0.26.2,1.26.4,2.20.0,2.12.0,,,,,,,0,,,0,,0,100000000.0,,False,100000000.0,always_pass,1,unconstrained_default,50000000.0,268435456,0.0,False,True,,streaming,1073741824,51200,0.001198,,51200,,,,complete,0.000512,51200,0,,119763,119763,207723,51200,,,,,True,,,,,,0,0.00171,0,autoware_style_av_stack,,0.003186,119763,2,2942cbde2fd344cccea23aabbe8d5bf168610c71,False,0.25,"{'interruption_percentage': 0.25, 'interrupted_after_operations': 1, 'operation_count': 2, 'checkpoint_available': False, 'checkpoint_operation_index': 0, 'resumed_from_checkpoint': False, 'recovery_strategy': 'rollback_reinstall', 'recovery_success': True, 'rollback_success': True, 'rollback_ready_at_interruption': True, 'final_replay_validity': True, 'replay_errors': '', 'recovery_errors': '', 'extra_network_bytes': 119659, 'extra_flash_writes': 51200, 'total_network_bytes': 239422, 'total_flash_write_bytes': 102400, 'interrupted_metrics': {'install_state': 'interrupted', 'package_size_bytes': 119659, 'network_bytes': 119659, 'staging_area_bytes': 0, 'backup_area_bytes': 0, 'installed_image_bytes': 88064, 'current_persistent_storage_bytes': 88064, 'peak_persistent_storage_bytes': 207723, 'peak_ram_bytes': 51200, 'flash_write_bytes': 51200, 'download_time_s': 0.001197, 'install_time_s': 0.000512, 'total_time_s': 0.001709, 'checkpoint_count': 0, 'latest_checkpoint_operation': 0, 'rollback_ready': True, 'unsafe_overwrite_count': 0, 'budget_violation_count': 0, 'budget_violations': []}, 'recovered_metrics': {'install_state': 'complete', 'package_size_bytes': 239422, 'network_bytes': 239422, 'staging_area_bytes': 0, 'backup_area_bytes': 0, 'installed_image_bytes': 51200, 'current_persistent_storage_bytes': 51200, 'peak_persistent_storage_bytes': 207723, 'peak_ram_bytes': 51200, 'flash_write_bytes': 102400, 'download_time_s': 0.002394, 'install_time_s': 0.001024, 'total_time_s': 0.003418, 'checkpoint_count': 0, 'latest_checkpoint_operation': 0, 'rollback_ready': True, 'unsafe_overwrite_count': 0, 'budget_violation_count': 0, 'budget_violations': []}, 'recovery_cost': {'discarded_operation_count': 1, 'replayed_operation_count': 2, 'network_bytes': 119763, 'flash_write_bytes': 51200}}",interrupt_025,0,0,True,51200,119659,2,1,1,False,"Synthetic fixture; no Autoware source code, no proprietary AV software, and no third-party model weights",16384,/tmp/smartota-clean-rerun-2942cbd-copy/datasets/manifests/smartota-automotive.json,1,51200,/home/arpan/OTA/.cursor-tutor/ota_environment/data/raw/automotive/autoware-style-perception/autoware-style-perception-new.tar,/home/arpan/OTA/.cursor-tutor/ota_environment/data/raw/automotive/autoware-style-perception/autoware-style-perception-new.tar,2c89afcb33f91f3a249c50a92cc652778c267a28f5cb05ac69605cb2f2ba7053,51200,/home/arpan/OTA/.cursor-tutor/ota_environment/data/raw/automotive/autoware-style-perception/autoware-style-perception-old.tar,/home/arpan/OTA/.cursor-tutor/ota_environment/data/raw/automotive/autoware-style-perception/autoware-style-perception-old.tar,53b13f0789ba85473f97c99d58ed0f4ef7c089cd0ac979a5cd3fe7e62fde6e3f,40960,,,,,1,1,autoware_style_perception_module_update,full_replacement,CPython,"3.12.7 | packaged by Anaconda, Inc. | (main, Oct  4 2024, 13:27:36) [GCC 11.2.0]",,,True,True,0.0,,,0.003186,0.003186,autoware_style_perception_module_update,1,,,,Locally generated deterministic fixture inspired by Autoware-style module layout,2,0.012292,2026-07-17T15:45:42.120432+00:00,automotive,True
,,,2,0,,2c89afcb33f91f3a249c50a92cc652778c267a28f5cb05ac69605cb2f2ba7053,53b13f0789ba85473f97c99d58ed0f4ef7c089cd0ac979a5cd3fe7e62fde6e3f,autoware_module_tar,whole_file_bsdiff,4096,4096,0,13,,True,uncompressed,deterministic_tar_derivation,smartota-automotive,1.2.6,0.26.2,1.26.4,2.20.0,2.12.0,,,,,,,0,,,0,,0,100000000.0,,False,100000000.0,always_pass,1,unconstrained_default,50000000.0,268435456,0.0,False,True,,streaming,1073741824,51200,0.000702,,51200,,,,complete,0.00193,51200,0,,70216,70216,158176,122106,,,,,True,,,,,,0,0.002632,0,autoware_style_av_stack,,0.022971,70216,2,2942cbde2fd344cccea23aabbe8d5bf168610c71,False,0.25,"{'interruption_percentage': 0.25, 'interrupted_after_operations': 1, 'operation_count': 2, 'checkpoint_available': False, 'checkpoint_operation_index': 0, 'resumed_from_checkpoint': False, 'recovery_strategy': 'rollback_reinstall', 'recovery_success': True, 'rollback_success': True, 'rollback_ready_at_interruption': True, 'final_replay_validity': True, 'replay_errors': '', 'recovery_errors': '', 'extra_network_bytes': 70112, 'extra_flash_writes': 51200, 'total_network_bytes': 140328, 'total_flash_write_bytes': 102400, 'interrupted_metrics': {'install_state': 'interrupted', 'package_size_bytes': 70112, 'network_bytes': 70112, 'staging_area_bytes': 0, 'backup_area_bytes': 0, 'installed_image_bytes': 88064, 'current_persistent_storage_bytes': 88064, 'peak_persistent_storage_bytes': 158176, 'peak_ram_bytes': 122106, 'flash_write_bytes': 51200, 'download_time_s': 0.000701, 'install_time_s': 0.00193, 'total_time_s': 0.002631, 'checkpoint_count': 0, 'latest_checkpoint_operation': 0, 'rollback_ready': True, 'unsafe_overwrite_count': 0, 'budget_violation_count': 0, 'budget_violations': []}, 'recovered_metrics': {'install_state': 'complete', 'package_size_bytes': 140328, 'network_bytes': 140328, 'staging_area_bytes': 0, 'backup_area_bytes': 0, 'installed_image_bytes': 51200, 'current_persistent_storage_bytes': 51200, 'peak_persistent_storage_bytes': 158176, 'peak_ram_bytes': 122106, 'flash_write_bytes': 102400, 'download_time_s': 0.001403, 'install_time_s': 0.00386, 'total_time_s': 0.005264, 'checkpoint_count': 0, 'latest_checkpoint_operation': 0, 'rollback_ready': True, 'unsafe_overwrite_count': 0, 'budget_violation_count': 0, 'budget_violations': []}, 'recovery_cost': {'discarded_operation_count': 1, 'replayed_operation_count': 2, 'network_bytes': 70216, 'flash_write_bytes': 51200}}",interrupt_025,0,0,True,51200,70112,2,1,1,False,"Synthetic fixture; no Autoware source code, no proprietary AV software, and no third-party model weights",16384,/tmp/smartota-clean-rerun-2942cbd-copy/datasets/manifests/smartota-automotive.json,1,122106,/home/arpan/OTA/.cursor-tutor/ota_environment/data/raw/automotive/autoware-style-perception/autoware-style-perception-new.tar,/home/arpan/OTA/.cursor-tutor/ota_environment/data/raw/automotive/autoware-style-perception/autoware-style-perception-new.tar,2c89afcb33f91f3a249c50a92cc652778c267a28f5cb05ac69605cb2f2ba7053,51200,/home/arpan/OTA/.cursor-tutor/ota_environment/data/raw/automotive/autoware-style-perception/autoware-style-perception-old.tar,/home/arpan/OTA/.cursor-tutor/ota_environment/data/raw/automotive/autoware-style-perception/autoware-style-perception-old.tar,53b13f0789ba85473f97c99d58ed0f4ef7c089cd0ac979a5cd3fe7e62fde6e3f,40960,,,1,,,1,autoware_style_perception_module_update,whole_file_bsdiff,CPython,"3.12.7 | packaged by Anaconda, Inc. | (main, Oct  4 2024, 13:27:36) [GCC 11.2.0]",,,True,True,0.0,,,0.022971,0.022971,autoware_style_perception_module_update,1,,,,Locally generated deterministic fixture inspired by Autoware-style module layout,2,0.031123,2026-07-17T15:45:42.120432+00:00,automotive,True
,,,13,0,,2c89afcb33f91f3a249c50a92cc652778c267a28f5cb05ac69605cb2f2ba7053,53b13f0789ba85473f97c99d58ed0f4ef7c089cd0ac979a5cd3fe7e62fde6e3f,autoware_module_tar,blockwise_bsdiff,4096,4096,0,13,,True,uncompressed,deterministic_tar_derivation,smartota-automotive,1.2.6,0.26.2,1.26.4,2.20.0,2.12.0,,,,,,,0,,,0,,0,100000000.0,,False,100000000.0,always_pass,1,unconstrained_default,50000000.0,268435456,0.0,False,True,,streaming,1073741824,51200,0.001067,,51200,,,,complete,0.002017,51200,0,,106692,106692,58904,12890,,,,,True,,,,,,0,0.003084,0,autoware_style_av_stack,,0.0158,106692,13,2942cbde2fd344cccea23aabbe8d5bf168610c71,False,0.25,"{'interruption_percentage': 0.25, 'interrupted_after_operations': 4, 'operation_count': 13, 'checkpoint_available': False, 'checkpoint_operation_index': 0, 'resumed_from_checkpoint': False, 'recovery_strategy': 'rollback_reinstall', 'recovery_success': True, 'rollback_success': True, 'rollback_ready_at_interruption': True, 'final_replay_validity': True, 'replay_errors': '', 'recovery_errors': '', 'extra_network_bytes': 24182, 'extra_flash_writes': 16384, 'total_network_bytes': 130874, 'total_flash_write_bytes': 67584, 'interrupted_metrics': {'install_state': 'interrupted', 'package_size_bytes': 24182, 'network_bytes': 24182, 'staging_area_bytes': 0, 'backup_area_bytes': 0, 'installed_image_bytes': 40960, 'current_persistent_storage_bytes': 40960, 'peak_persistent_storage_bytes': 52045, 'peak_ram_bytes': 12849, 'flash_write_bytes': 16384, 'download_time_s': 0.000242, 'install_time_s': 0.000691, 'total_time_s': 0.000933, 'checkpoint_count': 0, 'latest_checkpoint_operation': 0, 'rollback_ready': True, 'unsafe_overwrite_count': 0, 'budget_violation_count': 0, 'budget_violations': []}, 'recovered_metrics': {'install_state': 'complete', 'package_size_bytes': 130874, 'network_bytes': 130874, 'staging_area_bytes': 0, 'backup_area_bytes': 0, 'installed_image_bytes': 51200, 'current_persistent_storage_bytes': 51200, 'peak_persistent_storage_bytes': 58904, 'peak_ram_bytes': 12890, 'flash_write_bytes': 67584, 'download_time_s': 0.001309, 'install_time_s': 0.002709, 'total_time_s': 0.004017, 'checkpoint_count': 0, 'latest_checkpoint_operation': 0, 'rollback_ready': True, 'unsafe_overwrite_count': 0, 'budget_violation_count': 0, 'budget_violations': []}, 'recovery_cost': {'discarded_operation_count': 4, 'replayed_operation_count': 13, 'network_bytes': 106692, 'flash_write_bytes': 51200}}",interrupt_025,0,0,True,16384,24182,13,1,1,False,"Synthetic fixture; no Autoware source code, no proprietary AV software, and no third-party model weights",16384,/tmp/smartota-clean-rerun-2942cbd-copy/datasets/manifests/smartota-automotive.json,1,12890,/home/arpan/OTA/.cursor-tutor/ota_environment/data/raw/automotive/autoware-style-perception/autoware-style-perception-new.tar,/home/arpan/OTA/.cursor-tutor/ota_environment/data/raw/automotive/autoware-style-perception/autoware-style-perception-new.tar,2c89afcb33f91f3a249c50a92cc652778c267a28f5cb05ac69605cb2f2ba7053,51200,/home/arpan/OTA/.cursor-tutor/ota_environment/data/raw/automotive/autoware-style-perception/autoware-style-perception-old.tar,/home/arpan/OTA/.cursor-tutor/ota_environment/data/raw/automotive/autoware-style-perception/autoware-style-perception-old.tar,53b13f0789ba85473f97c99d58ed0f4ef7c089cd0ac979a5cd3fe7e62fde6e3f,40960,,,10,,3,,autoware_style_perception_module_update,blockwise_bsdiff,CPython,"3.12.7 | packaged by Anaconda, Inc. | (main, Oct  4 2024, 13:27:36) [GCC 11.2.0]",,,True,True,0.0,,,0.0158,0.0158,autoware_style_perception_module_update,1,,,,Locally generated deterministic fixture inspired by Autoware-style module layout,13,0.02394,2026-07-17T15:45:42.120432+00:00,automotive,True
,,,13,0,,2c89afcb33f91f3a249c50a92cc652778c267a28f5cb05ac69605cb2f2ba7053,53b13f0789ba85473f97c99d58ed0f4ef7c089cd0ac979a5cd3fe7e62fde6e3f,autoware_module_tar,copy_only,4096,4096,0,13,,True,uncompressed,deterministic_tar_derivation,smartota-automotive,1.2.6,0.26.2,1.26.4,2.20.0,2.12.0,,,,,,,0,,,0,,0,100000000.0,,False,100000000.0,always_pass,1,unconstrained_default,50000000.0,268435456,0.0,False,True,,streaming,1073741824,51200,0.00122,,51200,,,,complete,0.000512,51200,0,,121986,121986,58904,4096,,,,,True,,,,,,0,0.001732,0,autoware_style_av_stack,,0.001038,121986,13,2942cbde2fd344cccea23aabbe8d5bf168610c71,False,0.25,"{'interruption_percentage': 0.25, 'interrupted_after_operations': 4, 'operation_count': 13, 'checkpoint_available': False, 'checkpoint_operation_index': 0, 'resumed_from_checkpoint': False, 'recovery_strategy': 'rollback_reinstall', 'recovery_success': True, 'rollback_success': True, 'rollback_ready_at_interruption': True, 'final_replay_validity': True, 'replay_errors': '', 'recovery_errors': '', 'extra_network_bytes': 39004, 'extra_flash_writes': 16384, 'total_network_bytes': 160990, 'total_flash_write_bytes': 67584, 'interrupted_metrics': {'install_state': 'interrupted', 'package_size_bytes': 39004, 'network_bytes': 39004, 'staging_area_bytes': 0, 'backup_area_bytes': 0, 'installed_image_bytes': 40960, 'current_persistent_storage_bytes': 40960, 'peak_persistent_storage_bytes': 50711, 'peak_ram_bytes': 4096, 'flash_write_bytes': 16384, 'download_time_s': 0.00039, 'install_time_s': 0.000164, 'total_time_s': 0.000554, 'checkpoint_count': 0, 'latest_checkpoint_operation': 0, 'rollback_ready': True, 'unsafe_overwrite_count': 0, 'budget_violation_count': 0, 'budget_violations': []}, 'recovered_metrics': {'install_state': 'complete', 'package_size_bytes': 160990, 'network_bytes': 160990, 'staging_area_bytes': 0, 'backup_area_bytes': 0, 'installed_image_bytes': 51200, 'current_persistent_storage_bytes': 51200, 'peak_persistent_storage_bytes': 58904, 'peak_ram_bytes': 4096, 'flash_write_bytes': 67584, 'download_time_s': 0.00161, 'install_time_s': 0.000676, 'total_time_s': 0.002286, 'checkpoint_count': 0, 'latest_checkpoint_operation': 0, 'rollback_ready': True, 'unsafe_overwrite_count': 0, 'budget_violation_count': 0, 'budget_violations': []}, 'recovery_cost': {'discarded_operation_count': 4, 'replayed_operation_count': 13, 'network_bytes': 121986, 'flash_write_bytes': 51200}}",interrupt_025,0,0,True,16384,39004,13,1,1,False,"Synthetic fixture; no Autoware source code, no proprietary AV software, and no third-party model weights",16384,/tmp/smartota-clean-rerun-2942cbd-copy/datasets/manifests/smartota-automotive.json,1,4096,/home/arpan/OTA/.cursor-tutor/ota_environment/data/raw/automotive/autoware-style-perception/autoware-style-perception-new.tar,/home/arpan/OTA/.cursor-tutor/ota_environment/data/raw/automotive/autoware-style-perception/autoware-style-perception-new.tar,2c89afcb33f91f3a249c50a92cc652778c267a28f5cb05ac69605cb2f2ba7053,51200,/home/arpan/OTA/.cursor-tutor/ota_environment/data/raw/automotive/autoware-style-perception/autoware-style-perception-old.tar,/home/arpan/OTA/.cursor-tutor/ota_environment/data/raw/automotive/autoware-style-perception/autoware-style-perception-old.tar,53b13f0789ba85473f97c99d58ed0f4ef7c089cd0ac979a5cd3fe7e62fde6e3f,40960,,,,,13,,autoware_style_perception_module_update,copy_only,CPython,"3.12.7 | packaged by Anaconda, Inc. | (main, Oct  4 2024, 13:27:36) [GCC 11.2.0]",,,True,True,0.0,,,0.001038,0.001038,autoware_style_perception_module_update,1,,,,Locally generated deterministic fixture inspired by Autoware-style module layout,13,0.003509,2026-07-17T15:45:42.120432+00:00,automotive,True
,,,13,0,,2c89afcb33f91f3a249c50a92cc652778c267a28f5cb05ac69605cb2f2ba7053,53b13f0789ba85473f97c99d58ed0f4ef7c089cd0ac979a5cd3fe7e62fde6e3f,autoware_module_tar,copy_delta,4096,4096,0,13,,True,uncompressed,deterministic_tar_derivation,smartota-automotive,1.2.6,0.26.2,1.26.4,2.20.0,2.12.0,,,,,,,0,,,0,,0,100000000.0,,False,100000000.0,always_pass,1,unconstrained_default,50000000.0,268435456,0.0,False,True,,streaming,1073741824,51200,0.000753,,51200,,,,complete,0.001053,51200,0,,75292,75292,51732,9116,,,,,True,,,,,,0,0.001806,0,autoware_style_av_stack,,0.016362,75292,13,2942cbde2fd344cccea23aabbe8d5bf168610c71,False,0.25,"{'interruption_percentage': 0.25, 'interrupted_after_operations': 4, 'operation_count': 13, 'checkpoint_available': False, 'checkpoint_operation_index': 0, 'resumed_from_checkpoint': False, 'recovery_strategy': 'rollback_reinstall', 'recovery_success': True, 'rollback_success': True, 'rollback_ready_at_interruption': True, 'final_replay_validity': True, 'replay_errors': '', 'recovery_errors': '', 'extra_network_bytes': 21535, 'extra_flash_writes': 16384, 'total_network_bytes': 96827, 'total_flash_write_bytes': 67584, 'interrupted_metrics': {'install_state': 'interrupted', 'package_size_bytes': 21535, 'network_bytes': 21535, 'staging_area_bytes': 0, 'backup_area_bytes': 0, 'installed_image_bytes': 40960, 'current_persistent_storage_bytes': 40960, 'peak_persistent_storage_bytes': 50711, 'peak_ram_bytes': 8589, 'flash_write_bytes': 16384, 'download_time_s': 0.000215, 'install_time_s': 0.000341, 'total_time_s': 0.000557, 'checkpoint_count': 0, 'latest_checkpoint_operation': 0, 'rollback_ready': True, 'unsafe_overwrite_count': 0, 'budget_violation_count': 0, 'budget_violations': []}, 'recovered_metrics': {'install_state': 'complete', 'package_size_bytes': 96827, 'network_bytes': 96827, 'staging_area_bytes': 0, 'backup_area_bytes': 0, 'installed_image_bytes': 51200, 'current_persistent_storage_bytes': 51200, 'peak_persistent_storage_bytes': 51732, 'peak_ram_bytes': 9116, 'flash_write_bytes': 67584, 'download_time_s': 0.000968, 'install_time_s': 0.001394, 'total_time_s': 0.002362, 'checkpoint_count': 0, 'latest_checkpoint_operation': 0, 'rollback_ready': True, 'unsafe_overwrite_count': 0, 'budget_violation_count': 0, 'budget_violations': []}, 'recovery_cost': {'discarded_operation_count': 4, 'replayed_operation_count': 13, 'network_bytes': 75292, 'flash_write_bytes': 51200}}",interrupt_025,0,0,True,16384,21535,13,1,1,False,"Synthetic fixture; no Autoware source code, no proprietary AV software, and no third-party model weights",16384,/tmp/smartota-clean-rerun-2942cbd-copy/datasets/manifests/smartota-automotive.json,1,9116,/home/arpan/OTA/.cursor-tutor/ota_environment/data/raw/automotive/autoware-style-perception/autoware-style-perception-new.tar,/home/arpan/OTA/.cursor-tutor/ota_environment/data/raw/automotive/autoware-style-perception/autoware-style-perception-new.tar,2c89afcb33f91f3a249c50a92cc652778c267a28f5cb05ac69605cb2f2ba7053,51200,/home/arpan/OTA/.cursor-tutor/ota_environment/data/raw/automotive/autoware-style-perception/autoware-style-perception-old.tar,/home/arpan/OTA/.cursor-tutor/ota_environment/data/raw/automotive/autoware-style-perception/autoware-style-perception-old.tar,53b13f0789ba85473f97c99d58ed0f4ef7c089cd0ac979a5cd3fe7e62fde6e3f,40960,,,6,,7,,autoware_style_perception_module_update,copy_delta,CPython,"3.12.7 | packaged by Anaconda, Inc. | (main, Oct  4 2024, 13:27:36) [GCC 11.2.0]",,,True,True,0.0,,,0.016362,0.016362,autoware_style_perception_module_update,1,,,,Locally generated deterministic fixture inspired by Autoware-style module layout,13,0.01955,2026-07-17T15:45:42.120432+00:00,automotive,True
,,,13,10,,2c89afcb33f91f3a249c50a92cc652778c267a28f5cb05ac69605cb2f2ba7053,53b13f0789ba85473f97c99d58ed0f4ef7c089cd0ac979a5cd3fe7e62fde6e3f,autoware_module_tar,backup_safe_copy_delta,4096,4096,0,13,,True,uncompressed,deterministic_tar_derivation,smartota-automotive,1.2.6,0.26.2,1.26.4,2.20.0,2.12.0,,,,,,,40960,,,0,,0,100000000.0,,False,100000000.0,always_pass,1,unconstrained_default,50000000.0,268435456,0.0,False,True,,streaming,1073741824,92160,0.000758,,92160,,,,complete,0.001374,51200,0,,75768,75768,92692,9116,,,,,True,,,,,,0,0.002132,0,autoware_style_av_stack,,0.027753,75768,23,2942cbde2fd344cccea23aabbe8d5bf168610c71,False,0.25,"{'interruption_percentage': 0.25, 'interrupted_after_operations': 6, 'operation_count': 23, 'checkpoint_available': False, 'checkpoint_operation_index': 0, 'resumed_from_checkpoint': False, 'recovery_strategy': 'rollback_reinstall', 'recovery_success': True, 'rollback_success': True, 'rollback_ready_at_interruption': True, 'final_replay_validity': True, 'replay_errors': '', 'recovery_errors': '', 'extra_network_bytes': 12132, 'extra_flash_writes': 24576, 'total_network_bytes': 87900, 'total_flash_write_bytes': 116736, 'interrupted_metrics': {'install_state': 'interrupted', 'package_size_bytes': 12132, 'network_bytes': 12132, 'staging_area_bytes': 0, 'backup_area_bytes': 12288, 'installed_image_bytes': 40960, 'current_persistent_storage_bytes': 53248, 'peak_persistent_storage_bytes': 62999, 'peak_ram_bytes': 8589, 'flash_write_bytes': 24576, 'download_time_s': 0.000121, 'install_time_s': 0.000423, 'total_time_s': 0.000545, 'checkpoint_count': 0, 'latest_checkpoint_operation': 0, 'rollback_ready': True, 'unsafe_overwrite_count': 0, 'budget_violation_count': 0, 'budget_violations': []}, 'recovered_metrics': {'install_state': 'complete', 'package_size_bytes': 87900, 'network_bytes': 87900, 'staging_area_bytes': 0, 'backup_area_bytes': 40960, 'installed_image_bytes': 51200, 'current_persistent_storage_bytes': 92160, 'peak_persistent_storage_bytes': 92692, 'peak_ram_bytes': 9116, 'flash_write_bytes': 116736, 'download_time_s': 0.000879, 'install_time_s': 0.001798, 'total_time_s': 0.002677, 'checkpoint_count': 0, 'latest_checkpoint_operation': 0, 'rollback_ready': True, 'unsafe_overwrite_count': 0, 'budget_violation_count': 0, 'budget_violations': []}, 'recovery_cost': {'discarded_operation_count': 6, 'replayed_operation_count': 23, 'network_bytes': 75768, 'flash_write_bytes': 92160}}",interrupt_025,0,0,True,24576,12132,23,1,1,False,"Synthetic fixture; no Autoware source code, no proprietary AV software, and no third-party model weights",16384,/tmp/smartota-clean-rerun-2942cbd-copy/datasets/manifests/smartota-automotive.json,1,9116,/home/arpan/OTA/.cursor-tutor/ota_environment/data/raw/automotive/autoware-style-perception/autoware-style-perception-new.tar,/home/arpan/OTA/.cursor-tutor/ota_environment/data/raw/automotive/autoware-style-perception/autoware-style-perception-new.tar,2c89afcb33f91f3a249c50a92cc652778c267a28f5cb05ac69605cb2f2ba7053,51200,/home/arpan/OTA/.cursor-tutor/ota_environment/data/raw/automotive/autoware-style-perception/autoware-style-perception-old.tar,/home/arpan/OTA/.cursor-tutor/ota_environment/data/raw/automotive/autoware-style-perception/autoware-style-perception-old.tar,53b13f0789ba85473f97c99d58ed0f4ef7c089cd0ac979a5cd3fe7e62fde6e3f,40960,10,1,5,,7,,autoware_style_perception_module_update,backup_safe_copy_delta,CPython,"3.12.7 | packaged by Anaconda, Inc. | (main, Oct  4 2024, 13:27:36) [GCC 11.2.0]",,,True,True,0.0,,,0.027753,0.027753,autoware_style_perception_module_update,1,,,,Locally generated deterministic fixture inspired by Autoware-style module layout,23,0.031028,2026-07-17T15:45:42.120432+00:00,automotive,True
,,,13,0,,2c89afcb33f91f3a249c50a92cc652778c267a28f5cb05ac69605cb2f2ba7053,53b13f0789ba85473f97c99d58ed0f4ef7c089cd0ac979a5cd3fe7e62fde6e3f,autoware_module_tar,deployment_aware_greedy,4096,4096,0,13,,True,uncompressed,deterministic_tar_derivation,smartota-automotive,1.2.6,0.26.2,1.26.4,2.20.0,2.12.0,,,,,,,0,,,0,,0,100000000.0,,False,100000000.0,always_pass,1,unconstrained_default,50000000.0,268435456,0.0,False,True,,streaming,1073741824,51200,0.000753,,51200,,,,complete,0.001053,51200,0,,75292,75292,51732,9116,,,,,True,,,,,,0,0.001806,0,autoware_style_av_stack,,0.021703,75292,13,2942cbde2fd344cccea23aabbe8d5bf168610c71,False,0.25,"{'interruption_percentage': 0.25, 'interrupted_after_operations': 4, 'operation_count': 13, 'checkpoint_available': False, 'checkpoint_operation_index': 0, 'resumed_from_checkpoint': False, 'recovery_strategy': 'rollback_reinstall', 'recovery_success': True, 'rollback_success': True, 'rollback_ready_at_interruption': True, 'final_replay_validity': True, 'replay_errors': '', 'recovery_errors': '', 'extra_network_bytes': 21535, 'extra_flash_writes': 16384, 'total_network_bytes': 96827, 'total_flash_write_bytes': 67584, 'interrupted_metrics': {'install_state': 'interrupted', 'package_size_bytes': 21535, 'network_bytes': 21535, 'staging_area_bytes': 0, 'backup_area_bytes': 0, 'installed_image_bytes': 40960, 'current_persistent_storage_bytes': 40960, 'peak_persistent_storage_bytes': 50711, 'peak_ram_bytes': 8589, 'flash_write_bytes': 16384, 'download_time_s': 0.000215, 'install_time_s': 0.000341, 'total_time_s': 0.000557, 'checkpoint_count': 0, 'latest_checkpoint_operation': 0, 'rollback_ready': True, 'unsafe_overwrite_count': 0, 'budget_violation_count': 0, 'budget_violations': []}, 'recovered_metrics': {'install_state': 'complete', 'package_size_bytes': 96827, 'network_bytes': 96827, 'staging_area_bytes': 0, 'backup_area_bytes': 0, 'installed_image_bytes': 51200, 'current_persistent_storage_bytes': 51200, 'peak_persistent_storage_bytes': 51732, 'peak_ram_bytes': 9116, 'flash_write_bytes': 67584, 'download_time_s': 0.000968, 'install_time_s': 0.001394, 'total_time_s': 0.002362, 'checkpoint_count': 0, 'latest_checkpoint_operation': 0, 'rollback_ready': True, 'unsafe_overwrite_count': 0, 'budget_violation_count': 0, 'budget_violations': []}, 'recovery_cost': {'discarded_operation_count': 4, 'replayed_operation_count': 13, 'network_bytes': 75292, 'flash_write_bytes': 51200}}",interrupt_025,0,0,True,16384,21535,13,1,1,False,"Synthetic fixture; no Autoware source code, no proprietary AV software, and no third-party model weights",16384,/tmp/smartota-clean-rerun-2942cbd-copy/datasets/manifests/smartota-automotive.json,1,9116,/home/arpan/OTA/.cursor-tutor/ota_environment/data/raw/automotive/autoware-style-perception/autoware-style-perception-new.tar,/home/arpan/OTA/.cursor-tutor/ota_environment/data/raw/automotive/autoware-style-perception/autoware-style-perception-new.tar,2c89afcb33f91f3a249c50a92cc652778c267a28f5cb05ac69605cb2f2ba7053,51200,/home/arpan/OTA/.cursor-tutor/ota_environment/data/raw/automotive/autoware-style-perception/autoware-style-perception-old.tar,/home/arpan/OTA/.cursor-tutor/ota_environment/data/raw/automotive/autoware-style-perception/autoware-style-perception-old.tar,53b13f0789ba85473f97c99d58ed0f4ef7c089cd0ac979a5cd3fe7e62fde6e3f,40960,,,6,,7,,autoware_style_perception_module_update,deployment_aware_greedy,CPython,"3.12.7 | packaged by Anaconda, Inc. | (main, Oct  4 2024, 13:27:36) [GCC 11.2.0]",,,True,True,0.0,,,0.021703,0.021703,autoware_style_perception_module_update,1,,,,Locally generated deterministic fixture inspired by Autoware-style module layout,13,0.025036,2026-07-17T15:45:42.120432+00:00,automotive,True
,,,13,0,,2c89afcb33f91f3a249c50a92cc652778c267a28f5cb05ac69605cb2f2ba7053,53b13f0789ba85473f97c99d58ed0f4ef7c089cd0ac979a5cd3fe7e62fde6e3f,autoware_module_tar,rsync_rolling_hash,4096,4096,0,13,,True,uncompressed,deterministic_tar_derivation,smartota-automotive,1.2.6,0.26.2,1.26.4,2.20.0,2.12.0,,,,,,,0,,,0,,0,100000000.0,,False,100000000.0,always_pass,1,unconstrained_default,50000000.0,268435456,0.0,False,True,,streaming,1073741824,51200,0.00122,,51200,,,,complete,0.000512,51200,0,,121986,121986,58904,4096,,,,,True,,,,,,0,0.001732,0,autoware_style_av_stack,,0.011604,121986,13,2942cbde2fd344cccea23aabbe8d5bf168610c71,False,0.25,"{'interruption_percentage': 0.25, 'interrupted_after_operations': 4, 'operation_count': 13, 'checkpoint_available': False, 'checkpoint_operation_index': 0, 'resumed_from_checkpoint': False, 'recovery_strategy': 'rollback_reinstall', 'recovery_success': True, 'rollback_success': True, 'rollback_ready_at_interruption': True, 'final_replay_validity': True, 'replay_errors': '', 'recovery_errors': '', 'extra_network_bytes': 39004, 'extra_flash_writes': 16384, 'total_network_bytes': 160990, 'total_flash_write_bytes': 67584, 'interrupted_metrics': {'install_state': 'interrupted', 'package_size_bytes': 39004, 'network_bytes': 39004, 'staging_area_bytes': 0, 'backup_area_bytes': 0, 'installed_image_bytes': 40960, 'current_persistent_storage_bytes': 40960, 'peak_persistent_storage_bytes': 50711, 'peak_ram_bytes': 4096, 'flash_write_bytes': 16384, 'download_time_s': 0.00039, 'install_time_s': 0.000164, 'total_time_s': 0.000554, 'checkpoint_count': 0, 'latest_checkpoint_operation': 0, 'rollback_ready': True, 'unsafe_overwrite_count': 0, 'budget_violation_count': 0, 'budget_violations': []}, 'recovered_metrics': {'install_state': 'complete', 'package_size_bytes': 160990, 'network_bytes': 160990, 'staging_area_bytes': 0, 'backup_area_bytes': 0, 'installed_image_bytes': 51200, 'current_persistent_storage_bytes': 51200, 'peak_persistent_storage_bytes': 58904, 'peak_ram_bytes': 4096, 'flash_write_bytes': 67584, 'download_time_s': 0.00161, 'install_time_s': 0.000676, 'total_time_s': 0.002286, 'checkpoint_count': 0, 'latest_checkpoint_operation': 0, 'rollback_ready': True, 'unsafe_overwrite_count': 0, 'budget_violation_count': 0, 'budget_violations': []}, 'recovery_cost': {'discarded_operation_count': 4, 'replayed_operation_count': 13, 'network_bytes': 121986, 'flash_write_bytes': 51200}}",interrupt_025,0,0,True,16384,39004,13,1,1,False,"Synthetic fixture; no Autoware source code, no proprietary AV software, and no third-party model weights",16384,/tmp/smartota-clean-rerun-2942cbd-copy/datasets/manifests/smartota-automotive.json,1,4096,/home/arpan/OTA/.cursor-tutor/ota_environment/data/raw/automotive/autoware-style-perception/autoware-style-perception-new.tar,/home/arpan/OTA/.cursor-tutor/ota_environment/data/raw/automotive/autoware-style-perception/autoware-style-perception-new.tar,2c89afcb33f91f3a249c50a92cc652778c267a28f5cb05ac69605cb2f2ba7053,51200,/home/arpan/OTA/.cursor-tutor/ota_environment/data/raw/automotive/autoware-style-perception/autoware-style-perception-old.tar,/home/arpan/OTA/.cursor-tutor/ota_environment/data/raw/automotive/autoware-style-perception/autoware-style-perception-old.tar,53b13f0789ba85473f97c99d58ed0f4ef7c089cd0ac979a5cd3fe7e62fde6e3f,40960,,,,,13,,autoware_style_perception_module_update,rsync_rolling_hash,CPython,"3.12.7 | packaged by Anaconda, Inc. | (main, Oct  4 2024, 13:27:36) [GCC 11.2.0]",,,True,True,0.0,,,0.011604,0.011604,autoware_style_perception_module_update,1,,,,Locally generated deterministic fixture inspired by Autoware-style module layout,13,0.014125,2026-07-17T15:45:42.120432+00:00,automotive,True
,,,2,0,,2c89afcb33f91f3a249c50a92cc652778c267a28f5cb05ac69605cb2f2ba7053,53b13f0789ba85473f97c99d58ed0f4ef7c089cd0ac979a5cd3fe7e62fde6e3f,autoware_module_tar,full_replacement,4096,4096,0,13,,True,uncompressed,deterministic_tar_derivation,smartota-automotive,1.2.6,0.26.2,1.26.4,2.20.0,2.12.0,,,,,,,0,,,0,,0,100000000.0,,False,100000000.0,always_pass,1,unconstrained_default,50000000.0,268435456,0.0,False,True,,streaming,1073741824,51200,0.001198,,51200,,,,complete,0.000512,51200,0,,119763,119763,207723,51200,,,,,True,,,,,,0,0.00171,0,autoware_style_av_stack,,0.000756,119763,2,2942cbde2fd344cccea23aabbe8d5bf168610c71,False,0.5,"{'interruption_percentage': 0.5, 'interrupted_after_operations': 1, 'operation_count': 2, 'checkpoint_available': False, 'checkpoint_operation_index': 0, 'resumed_from_checkpoint': False, 'recovery_strategy': 'rollback_reinstall', 'recovery_success': True, 'rollback_success': True, 'rollback_ready_at_interruption': True, 'final_replay_validity': True, 'replay_errors': '', 'recovery_errors': '', 'extra_network_bytes': 119659, 'extra_flash_writes': 51200, 'total_network_bytes': 239422, 'total_flash_write_bytes': 102400, 'interrupted_metrics': {'install_state': 'interrupted', 'package_size_bytes': 119659, 'network_bytes': 119659, 'staging_area_bytes': 0, 'backup_area_bytes': 0, 'installed_image_bytes': 88064, 'current_persistent_storage_bytes': 88064, 'peak_persistent_storage_bytes': 207723, 'peak_ram_bytes': 51200, 'flash_write_bytes': 51200, 'download_time_s': 0.001197, 'install_time_s': 0.000512, 'total_time_s': 0.001709, 'checkpoint_count': 0, 'latest_checkpoint_operation': 0, 'rollback_ready': True, 'unsafe_overwrite_count': 0, 'budget_violation_count': 0, 'budget_violations': []}, 'recovered_metrics': {'install_state': 'complete', 'package_size_bytes': 239422, 'network_bytes': 239422, 'staging_area_bytes': 0, 'backup_area_bytes': 0, 'installed_image_bytes': 51200, 'current_persistent_storage_bytes': 51200, 'peak_persistent_storage_bytes': 207723, 'peak_ram_bytes': 51200, 'flash_write_bytes': 102400, 'download_time_s': 0.002394, 'install_time_s': 0.001024, 'total_time_s': 0.003418, 'checkpoint_count': 0, 'latest_checkpoint_operation': 0, 'rollback_ready': True, 'unsafe_overwrite_count': 0, 'budget_violation_count': 0, 'budget_violations': []}, 'recovery_cost': {'discarded_operation_count': 1, 'replayed_operation_count': 2, 'network_bytes': 119763, 'flash_write_bytes': 51200}}",interrupt_050,0,0,True,51200,119659,2,1,1,False,"Synthetic fixture; no Autoware source code, no proprietary AV software, and no third-party model weights",16384,/tmp/smartota-clean-rerun-2942cbd-copy/datasets/manifests/smartota-automotive.json,1,51200,/home/arpan/OTA/.cursor-tutor/ota_environment/data/raw/automotive/autoware-style-perception/autoware-style-perception-new.tar,/home/arpan/OTA/.cursor-tutor/ota_environment/data/raw/automotive/autoware-style-perception/autoware-style-perception-new.tar,2c89afcb33f91f3a249c50a92cc652778c267a28f5cb05ac69605cb2f2ba7053,51200,/home/arpan/OTA/.cursor-tutor/ota_environment/data/raw/automotive/autoware-style-perception/autoware-style-perception-old.tar,/home/arpan/OTA/.cursor-tutor/ota_environment/data/raw/automotive/autoware-style-perception/autoware-style-perception-old.tar,53b13f0789ba85473f97c99d58ed0f4ef7c089cd0ac979a5cd3fe7e62fde6e3f,40960,,,,,1,1,autoware_style_perception_module_update,full_replacement,CPython,"3.12.7 | packaged by Anaconda, Inc. | (main, Oct  4 2024, 13:27:36) [GCC 11.2.0]",,,True,True,0.0,,,0.000756,0.000756,autoware_style_perception_module_update,1,,,,Locally generated deterministic fixture inspired by Autoware-style module layout,2,0.003309,2026-07-17T15:45:42.120432+00:00,automotive,True
,,,2,0,,2c89afcb33f91f3a249c50a92cc652778c267a28f5cb05ac69605cb2f2ba7053,53b13f0789ba85473f97c99d58ed0f4ef7c089cd0ac979a5cd3fe7e62fde6e3f,autoware_module_tar,whole_file_bsdiff,4096,4096,0,13,,True,uncompressed,deterministic_tar_derivation,smartota-automotive,1.2.6,0.26.2,1.26.4,2.20.0,2.12.0,,,,,,,0,,,0,,0,100000000.0,,False,100000000.0,always_pass,1,unconstrained_default,50000000.0,268435456,0.0,False,True,,streaming,1073741824,51200,0.000702,,51200,,,,complete,0.00193,51200,0,,70216,70216,158176,122106,,,,,True,,,,,,0,0.002632,0,autoware_style_av_stack,,0.014086,70216,2,2942cbde2fd344cccea23aabbe8d5bf168610c71,False,0.5,"{'interruption_percentage': 0.5, 'interrupted_after_operations': 1, 'operation_count': 2, 'checkpoint_available': False, 'checkpoint_operation_index': 0, 'resumed_from_checkpoint': False, 'recovery_strategy': 'rollback_reinstall', 'recovery_success': True, 'rollback_success': True, 'rollback_ready_at_interruption': True, 'final_replay_validity': True, 'replay_errors': '', 'recovery_errors': '', 'extra_network_bytes': 70112, 'extra_flash_writes': 51200, 'total_network_bytes': 140328, 'total_flash_write_bytes': 102400, 'interrupted_metrics': {'install_state': 'interrupted', 'package_size_bytes': 70112, 'network_bytes': 70112, 'staging_area_bytes': 0, 'backup_area_bytes': 0, 'installed_image_bytes': 88064, 'current_persistent_storage_bytes': 88064, 'peak_persistent_storage_bytes': 158176, 'peak_ram_bytes': 122106, 'flash_write_bytes': 51200, 'download_time_s': 0.000701, 'install_time_s': 0.00193, 'total_time_s': 0.002631, 'checkpoint_count': 0, 'latest_checkpoint_operation': 0, 'rollback_ready': True, 'unsafe_overwrite_count': 0, 'budget_violation_count': 0, 'budget_violations': []}, 'recovered_metrics': {'install_state': 'complete', 'package_size_bytes': 140328, 'network_bytes': 140328, 'staging_area_bytes': 0, 'backup_area_bytes': 0, 'installed_image_bytes': 51200, 'current_persistent_storage_bytes': 51200, 'peak_persistent_storage_bytes': 158176, 'peak_ram_bytes': 122106, 'flash_write_bytes': 102400, 'download_time_s': 0.001403, 'install_time_s': 0.00386, 'total_time_s': 0.005264, 'checkpoint_count': 0, 'latest_checkpoint_operation': 0, 'rollback_ready': True, 'unsafe_overwrite_count': 0, 'budget_violation_count': 0, 'budget_violations': []}, 'recovery_cost': {'discarded_operation_count': 1, 'replayed_operation_count': 2, 'network_bytes': 70216, 'flash_write_bytes': 51200}}",interrupt_050,0,0,True,51200,70112,2,1,1,False,"Synthetic fixture; no Autoware source code, no proprietary AV software, and no third-party model weights",16384,/tmp/smartota-clean-rerun-2942cbd-copy/datasets/manifests/smartota-automotive.json,1,122106,/home/arpan/OTA/.cursor-tutor/ota_environment/data/raw/automotive/autoware-style-perception/autoware-style-perception-new.tar,/home/arpan/OTA/.cursor-tutor/ota_environment/data/raw/automotive/autoware-style-perception/autoware-style-perception-new.tar,2c89afcb33f91f3a249c50a92cc652778c267a28f5cb05ac69605cb2f2ba7053,51200,/home/arpan/OTA/.cursor-tutor/ota_environment/data/raw/automotive/autoware-style-perception/autoware-style-perception-old.tar,/home/arpan/OTA/.cursor-tutor/ota_environment/data/raw/automotive/autoware-style-perception/autoware-style-perception-old.tar,53b13f0789ba85473f97c99d58ed0f4ef7c089cd0ac979a5cd3fe7e62fde6e3f,40960,,,1,,,1,autoware_style_perception_module_update,whole_file_bsdiff,CPython,"3.12.7 | packaged by Anaconda, Inc. | (main, Oct  4 2024, 13:27:36) [GCC 11.2.0]",,,True,True,0.0,,,0.014086,0.014086,autoware_style_perception_module_update,1,,,,Locally generated deterministic fixture inspired by Autoware-style module layout,2,0.021695,2026-07-17T15:45:42.120432+00:00,automotive,True
,,,13,0,,2c89afcb33f91f3a249c50a92cc652778c267a28f5cb05ac69605cb2f2ba7053,53b13f0789ba85473f97c99d58ed0f4ef7c089cd0ac979a5cd3fe7e62fde6e3f,autoware_module_tar,blockwise_bsdiff,4096,4096,0,13,,True,uncompressed,deterministic_tar_derivation,smartota-automotive,1.2.6,0.26.2,1.26.4,2.20.0,2.12.0,,,,,,,0,,,0,,0,100000000.0,,False,100000000.0,always_pass,1,unconstrained_default,50000000.0,268435456,0.0,False,True,,streaming,1073741824,51200,0.001067,,51200,,,,complete,0.002017,51200,0,,106692,106692,58904,12890,,,,,True,,,,,,0,0.003084,0,autoware_style_av_stack,,0.014864,106692,13,2942cbde2fd344cccea23aabbe8d5bf168610c71,False,0.5,"{'interruption_percentage': 0.5, 'interrupted_after_operations': 7, 'operation_count': 13, 'checkpoint_available': False, 'checkpoint_operation_index': 0, 'resumed_from_checkpoint': False, 'recovery_strategy': 'rollback_reinstall', 'recovery_success': True, 'rollback_success': True, 'rollback_ready_at_interruption': True, 'final_replay_validity': True, 'replay_errors': '', 'recovery_errors': '', 'extra_network_bytes': 57574, 'extra_flash_writes': 28672, 'total_network_bytes': 164266, 'total_flash_write_bytes': 79872, 'interrupted_metrics': {'install_state': 'interrupted', 'package_size_bytes': 57574, 'network_bytes': 57574, 'staging_area_bytes': 0, 'backup_area_bytes': 0, 'installed_image_bytes': 40960, 'current_persistent_storage_bytes': 40960, 'peak_persistent_storage_bytes': 52138, 'peak_ram_bytes': 12890, 'flash_write_bytes': 28672, 'download_time_s': 0.000576, 'install_time_s': 0.001341, 'total_time_s': 0.001916, 'checkpoint_count': 0, 'latest_checkpoint_operation': 0, 'rollback_ready': True, 'unsafe_overwrite_count': 0, 'budget_violation_count': 0, 'budget_violations': []}, 'recovered_metrics': {'install_state': 'complete', 'package_size_bytes': 164266, 'network_bytes': 164266, 'staging_area_bytes': 0, 'backup_area_bytes': 0, 'installed_image_bytes': 51200, 'current_persistent_storage_bytes': 51200, 'peak_persistent_storage_bytes': 58904, 'peak_ram_bytes': 12890, 'flash_write_bytes': 79872, 'download_time_s': 0.001643, 'install_time_s': 0.003358, 'total_time_s': 0.005001, 'checkpoint_count': 0, 'latest_checkpoint_operation': 0, 'rollback_ready': True, 'unsafe_overwrite_count': 0, 'budget_violation_count': 0, 'budget_violations': []}, 'recovery_cost': {'discarded_operation_count': 7, 'replayed_operation_count': 13, 'network_bytes': 106692, 'flash_write_bytes': 51200}}",interrupt_050,0,0,True,28672,57574,13,1,1,False,"Synthetic fixture; no Autoware source code, no proprietary AV software, and no third-party model weights",16384,/tmp/smartota-clean-rerun-2942cbd-copy/datasets/manifests/smartota-automotive.json,1,12890,/home/arpan/OTA/.cursor-tutor/ota_environment/data/raw/automotive/autoware-style-perception/autoware-style-perception-new.tar,/home/arpan/OTA/.cursor-tutor/ota_environment/data/raw/automotive/autoware-style-perception/autoware-style-perception-new.tar,2c89afcb33f91f3a249c50a92cc652778c267a28f5cb05ac69605cb2f2ba7053,51200,/home/arpan/OTA/.cursor-tutor/ota_environment/data/raw/automotive/autoware-style-perception/autoware-style-perception-old.tar,/home/arpan/OTA/.cursor-tutor/ota_environment/data/raw/automotive/autoware-style-perception/autoware-style-perception-old.tar,53b13f0789ba85473f97c99d58ed0f4ef7c089cd0ac979a5cd3fe7e62fde6e3f,40960,,,10,,3,,autoware_style_perception_module_update,blockwise_bsdiff,CPython,"3.12.7 | packaged by Anaconda, Inc. | (main, Oct  4 2024, 13:27:36) [GCC 11.2.0]",,,True,True,0.0,,,0.014864,0.014864,autoware_style_perception_module_update,1,,,,Locally generated deterministic fixture inspired by Autoware-style module layout,13,0.023942,2026-07-17T15:45:42.120432+00:00,automotive,True
,,,13,0,,2c89afcb33f91f3a249c50a92cc652778c267a28f5cb05ac69605cb2f2ba7053,53b13f0789ba85473f97c99d58ed0f4ef7c089cd0ac979a5cd3fe7e62fde6e3f,autoware_module_tar,copy_only,4096,4096,0,13,,True,uncompressed,deterministic_tar_derivation,smartota-automotive,1.2.6,0.26.2,1.26.4,2.20.0,2.12.0,,,,,,,0,,,0,,0,100000000.0,,False,100000000.0,always_pass,1,unconstrained_default,50000000.0,268435456,0.0,False,True,,streaming,1073741824,51200,0.00122,,51200,,,,complete,0.000512,51200,0,,121986,121986,58904,4096,,,,,True,,,,,,0,0.001732,0,autoware_style_av_stack,,0.001147,121986,13,2942cbde2fd344cccea23aabbe8d5bf168610c71,False,0.5,"{'interruption_percentage': 0.5, 'interrupted_after_operations': 7, 'operation_count': 13, 'checkpoint_available': False, 'checkpoint_operation_index': 0, 'resumed_from_checkpoint': False, 'recovery_strategy': 'rollback_reinstall', 'recovery_success': True, 'rollback_success': True, 'rollback_ready_at_interruption': True, 'final_replay_validity': True, 'replay_errors': '', 'recovery_errors': '', 'extra_network_bytes': 68257, 'extra_flash_writes': 28672, 'total_network_bytes': 190243, 'total_flash_write_bytes': 79872, 'interrupted_metrics': {'install_state': 'interrupted', 'package_size_bytes': 68257, 'network_bytes': 68257, 'staging_area_bytes': 0, 'backup_area_bytes': 0, 'installed_image_bytes': 40960, 'current_persistent_storage_bytes': 40960, 'peak_persistent_storage_bytes': 50711, 'peak_ram_bytes': 4096, 'flash_write_bytes': 28672, 'download_time_s': 0.000683, 'install_time_s': 0.000287, 'total_time_s': 0.000969, 'checkpoint_count': 0, 'latest_checkpoint_operation': 0, 'rollback_ready': True, 'unsafe_overwrite_count': 0, 'budget_violation_count': 0, 'budget_violations': []}, 'recovered_metrics': {'install_state': 'complete', 'package_size_bytes': 190243, 'network_bytes': 190243, 'staging_area_bytes': 0, 'backup_area_bytes': 0, 'installed_image_bytes': 51200, 'current_persistent_storage_bytes': 51200, 'peak_persistent_storage_bytes': 58904, 'peak_ram_bytes': 4096, 'flash_write_bytes': 79872, 'download_time_s': 0.001902, 'install_time_s': 0.000799, 'total_time_s': 0.002701, 'checkpoint_count': 0, 'latest_checkpoint_operation': 0, 'rollback_ready': True, 'unsafe_overwrite_count': 0, 'budget_violation_count': 0, 'budget_violations': []}, 'recovery_cost': {'discarded_operation_count': 7, 'replayed_operation_count': 13, 'network_bytes': 121986, 'flash_write_bytes': 51200}}",interrupt_050,0,0,True,28672,68257,13,1,1,False,"Synthetic fixture; no Autoware source code, no proprietary AV software, and no third-party model weights",16384,/tmp/smartota-clean-rerun-2942cbd-copy/datasets/manifests/smartota-automotive.json,1,4096,/home/arpan/OTA/.cursor-tutor/ota_environment/data/raw/automotive/autoware-style-perception/autoware-style-perception-new.tar,/home/arpan/OTA/.cursor-tutor/ota_environment/data/raw/automotive/autoware-style-perception/autoware-style-perception-new.tar,2c89afcb33f91f3a249c50a92cc652778c267a28f5cb05ac69605cb2f2ba7053,51200,/home/arpan/OTA/.cursor-tutor/ota_environment/data/raw/automotive/autoware-style-perception/autoware-style-perception-old.tar,/home/arpan/OTA/.cursor-tutor/ota_environment/data/raw/automotive/autoware-style-perception/autoware-style-perception-old.tar,53b13f0789ba85473f97c99d58ed0f4ef7c089cd0ac979a5cd3fe7e62fde6e3f,40960,,,,,13,,autoware_style_perception_module_update,copy_only,CPython,"3.12.7 | packaged by Anaconda, Inc. | (main, Oct  4 2024, 13:27:36) [GCC 11.2.0]",,,True,True,0.0,,,0.001147,0.001147,autoware_style_perception_module_update,1,,,,Locally generated deterministic fixture inspired by Autoware-style module layout,13,0.003859,2026-07-17T15:45:42.120432+00:00,automotive,True
,,,13,0,,2c89afcb33f91f3a249c50a92cc652778c267a28f5cb05ac69605cb2f2ba7053,53b13f0789ba85473f97c99d58ed0f4ef7c089cd0ac979a5cd3fe7e62fde6e3f,autoware_module_tar,copy_delta,4096,4096,0,13,,True,uncompressed,deterministic_tar_derivation,smartota-automotive,1.2.6,0.26.2,1.26.4,2.20.0,2.12.0,,,,,,,0,,,0,,0,100000000.0,,False,100000000.0,always_pass,1,unconstrained_default,50000000.0,268435456,0.0,False,True,,streaming,1073741824,51200,0.000753,,51200,,,,complete,0.001053,51200,0,,75292,75292,51732,9116,,,,,True,,,,,,0,0.001806,0,autoware_style_av_stack,,0.015922,75292,13,2942cbde2fd344cccea23aabbe8d5bf168610c71,False,0.5,"{'interruption_percentage': 0.5, 'interrupted_after_operations': 7, 'operation_count': 13, 'checkpoint_available': False, 'checkpoint_operation_index': 0, 'resumed_from_checkpoint': False, 'recovery_strategy': 'rollback_reinstall', 'recovery_success': True, 'rollback_success': True, 'rollback_ready_at_interruption': True, 'final_replay_validity': True, 'replay_errors': '', 'recovery_errors': '', 'extra_network_bytes': 50788, 'extra_flash_writes': 28672, 'total_network_bytes': 126080, 'total_flash_write_bytes': 79872, 'interrupted_metrics': {'install_state': 'interrupted', 'package_size_bytes': 50788, 'network_bytes': 50788, 'staging_area_bytes': 0, 'backup_area_bytes': 0, 'installed_image_bytes': 40960, 'current_persistent_storage_bytes': 40960, 'peak_persistent_storage_bytes': 50711, 'peak_ram_bytes': 8589, 'flash_write_bytes': 28672, 'download_time_s': 0.000508, 'install_time_s': 0.000464, 'total_time_s': 0.000972, 'checkpoint_count': 0, 'latest_checkpoint_operation': 0, 'rollback_ready': True, 'unsafe_overwrite_count': 0, 'budget_violation_count': 0, 'budget_violations': []}, 'recovered_metrics': {'install_state': 'complete', 'package_size_bytes': 126080, 'network_bytes': 126080, 'staging_area_bytes': 0, 'backup_area_bytes': 0, 'installed_image_bytes': 51200, 'current_persistent_storage_bytes': 51200, 'peak_persistent_storage_bytes': 51732, 'peak_ram_bytes': 9116, 'flash_write_bytes': 79872, 'download_time_s': 0.001261, 'install_time_s': 0.001517, 'total_time_s': 0.002778, 'checkpoint_count': 0, 'latest_checkpoint_operation': 0, 'rollback_ready': True, 'unsafe_overwrite_count': 0, 'budget_violation_count': 0, 'budget_violations': []}, 'recovery_cost': {'discarded_operation_count': 7, 'replayed_operation_count': 13, 'network_bytes': 75292, 'flash_write_bytes': 51200}}",interrupt_050,0,0,True,28672,50788,13,1,1,False,"Synthetic fixture; no Autoware source code, no proprietary AV software, and no third-party model weights",16384,/tmp/smartota-clean-rerun-2942cbd-copy/datasets/manifests/smartota-automotive.json,1,9116,/home/arpan/OTA/.cursor-tutor/ota_environment/data/raw/automotive/autoware-style-perception/autoware-style-perception-new.tar,/home/arpan/OTA/.cursor-tutor/ota_environment/data/raw/automotive/autoware-style-perception/autoware-style-perception-new.tar,2c89afcb33f91f3a249c50a92cc652778c267a28f5cb05ac69605cb2f2ba7053,51200,/home/arpan/OTA/.cursor-tutor/ota_environment/data/raw/automotive/autoware-style-perception/autoware-style-perception-old.tar,/home/arpan/OTA/.cursor-tutor/ota_environment/data/raw/automotive/autoware-style-perception/autoware-style-perception-old.tar,53b13f0789ba85473f97c99d58ed0f4ef7c089cd0ac979a5cd3fe7e62fde6e3f,40960,,,6,,7,,autoware_style_perception_module_update,copy_delta,CPython,"3.12.7 | packaged by Anaconda, Inc. | (main, Oct  4 2024, 13:27:36) [GCC 11.2.0]",,,True,True,0.0,,,0.015922,0.015922,autoware_style_perception_module_update,1,,,,Locally generated deterministic fixture inspired by Autoware-style module layout,13,0.019211,2026-07-17T15:45:42.120432+00:00,automotive,True
,,,13,10,,2c89afcb33f91f3a249c50a92cc652778c267a28f5cb05ac69605cb2f2ba7053,53b13f0789ba85473f97c99d58ed0f4ef7c089cd0ac979a5cd3fe7e62fde6e3f,autoware_module_tar,backup_safe_copy_delta,4096,4096,0,13,,True,uncompressed,deterministic_tar_derivation,smartota-automotive,1.2.6,0.26.2,1.26.4,2.20.0,2.12.0,,,,,,,40960,,,0,,0,100000000.0,,False,100000000.0,always_pass,1,unconstrained_default,50000000.0,268435456,0.0,False,True,,streaming,1073741824,92160,0.000758,,92160,,,,complete,0.001374,51200,0,,75768,75768,92692,9116,,,,,True,,,,,,0,0.002132,0,autoware_style_av_stack,,0.027614,75768,23,2942cbde2fd344cccea23aabbe8d5bf168610c71,False,0.5,"{'interruption_percentage': 0.5, 'interrupted_after_operations': 12, 'operation_count': 23, 'checkpoint_available': False, 'checkpoint_operation_index': 0, 'resumed_from_checkpoint': False, 'recovery_strategy': 'rollback_reinstall', 'recovery_success': True, 'rollback_success': True, 'rollback_ready_at_interruption': True, 'final_replay_validity': True, 'replay_errors': '', 'recovery_errors': '', 'extra_network_bytes': 41733, 'extra_flash_writes': 49152, 'total_network_bytes': 117501, 'total_flash_write_bytes': 141312, 'interrupted_metrics': {'install_state': 'interrupted', 'package_size_bytes': 41733, 'network_bytes': 41733, 'staging_area_bytes': 0, 'backup_area_bytes': 24576, 'installed_image_bytes': 40960, 'current_persistent_storage_bytes': 65536, 'peak_persistent_storage_bytes': 75287, 'peak_ram_bytes': 8589, 'flash_write_bytes': 49152, 'download_time_s': 0.000417, 'install_time_s': 0.000669, 'total_time_s': 0.001086, 'checkpoint_count': 0, 'latest_checkpoint_operation': 0, 'rollback_ready': True, 'unsafe_overwrite_count': 0, 'budget_violation_count': 0, 'budget_violations': []}, 'recovered_metrics': {'install_state': 'complete', 'package_size_bytes': 117501, 'network_bytes': 117501, 'staging_area_bytes': 0, 'backup_area_bytes': 40960, 'installed_image_bytes': 51200, 'current_persistent_storage_bytes': 92160, 'peak_persistent_storage_bytes': 92692, 'peak_ram_bytes': 9116, 'flash_write_bytes': 141312, 'download_time_s': 0.001175, 'install_time_s': 0.002043, 'total_time_s': 0.003218, 'checkpoint_count': 0, 'latest_checkpoint_operation': 0, 'rollback_ready': True, 'unsafe_overwrite_count': 0, 'budget_violation_count': 0, 'budget_violations': []}, 'recovery_cost': {'discarded_operation_count': 12, 'replayed_operation_count': 23, 'network_bytes': 75768, 'flash_write_bytes': 92160}}",interrupt_050,0,0,True,49152,41733,23,1,1,False,"Synthetic fixture; no Autoware source code, no proprietary AV software, and no third-party model weights",16384,/tmp/smartota-clean-rerun-2942cbd-copy/datasets/manifests/smartota-automotive.json,1,9116,/home/arpan/OTA/.cursor-tutor/ota_environment/data/raw/automotive/autoware-style-perception/autoware-style-perception-new.tar,/home/arpan/OTA/.cursor-tutor/ota_environment/data/raw/automotive/autoware-style-perception/autoware-style-perception-new.tar,2c89afcb33f91f3a249c50a92cc652778c267a28f5cb05ac69605cb2f2ba7053,51200,/home/arpan/OTA/.cursor-tutor/ota_environment/data/raw/automotive/autoware-style-perception/autoware-style-perception-old.tar,/home/arpan/OTA/.cursor-tutor/ota_environment/data/raw/automotive/autoware-style-perception/autoware-style-perception-old.tar,53b13f0789ba85473f97c99d58ed0f4ef7c089cd0ac979a5cd3fe7e62fde6e3f,40960,10,1,5,,7,,autoware_style_perception_module_update,backup_safe_copy_delta,CPython,"3.12.7 | packaged by Anaconda, Inc. | (main, Oct  4 2024, 13:27:36) [GCC 11.2.0]",,,True,True,0.0,,,0.027614,0.027614,autoware_style_perception_module_update,1,,,,Locally generated deterministic fixture inspired by Autoware-style module layout,23,0.031388,2026-07-17T15:45:42.120432+00:00,automotive,True
,,,13,0,,2c89afcb33f91f3a249c50a92cc652778c267a28f5cb05ac69605cb2f2ba7053,53b13f0789ba85473f97c99d58ed0f4ef7c089cd0ac979a5cd3fe7e62fde6e3f,autoware_module_tar,deployment_aware_greedy,4096,4096,0,13,,True,uncompressed,deterministic_tar_derivation,smartota-automotive,1.2.6,0.26.2,1.26.4,2.20.0,2.12.0,,,,,,,0,,,0,,0,100000000.0,,False,100000000.0,always_pass,1,unconstrained_default,50000000.0,268435456,0.0,False,True,,streaming,1073741824,51200,0.000753,,51200,,,,complete,0.001053,51200,0,,75292,75292,51732,9116,,,,,True,,,,,,0,0.001806,0,autoware_style_av_stack,,0.021835,75292,13,2942cbde2fd344cccea23aabbe8d5bf168610c71,False,0.5,"{'interruption_percentage': 0.5, 'interrupted_after_operations': 7, 'operation_count': 13, 'checkpoint_available': False, 'checkpoint_operation_index': 0, 'resumed_from_checkpoint': False, 'recovery_strategy': 'rollback_reinstall', 'recovery_success': True, 'rollback_success': True, 'rollback_ready_at_interruption': True, 'final_replay_validity': True, 'replay_errors': '', 'recovery_errors': '', 'extra_network_bytes': 50788, 'extra_flash_writes': 28672, 'total_network_bytes': 126080, 'total_flash_write_bytes': 79872, 'interrupted_metrics': {'install_state': 'interrupted', 'package_size_bytes': 50788, 'network_bytes': 50788, 'staging_area_bytes': 0, 'backup_area_bytes': 0, 'installed_image_bytes': 40960, 'current_persistent_storage_bytes': 40960, 'peak_persistent_storage_bytes': 50711, 'peak_ram_bytes': 8589, 'flash_write_bytes': 28672, 'download_time_s': 0.000508, 'install_time_s': 0.000464, 'total_time_s': 0.000972, 'checkpoint_count': 0, 'latest_checkpoint_operation': 0, 'rollback_ready': True, 'unsafe_overwrite_count': 0, 'budget_violation_count': 0, 'budget_violations': []}, 'recovered_metrics': {'install_state': 'complete', 'package_size_bytes': 126080, 'network_bytes': 126080, 'staging_area_bytes': 0, 'backup_area_bytes': 0, 'installed_image_bytes': 51200, 'current_persistent_storage_bytes': 51200, 'peak_persistent_storage_bytes': 51732, 'peak_ram_bytes': 9116, 'flash_write_bytes': 79872, 'download_time_s': 0.001261, 'install_time_s': 0.001517, 'total_time_s': 0.002778, 'checkpoint_count': 0, 'latest_checkpoint_operation': 0, 'rollback_ready': True, 'unsafe_overwrite_count': 0, 'budget_violation_count': 0, 'budget_violations': []}, 'recovery_cost': {'discarded_operation_count': 7, 'replayed_operation_count': 13, 'network_bytes': 75292, 'flash_write_bytes': 51200}}",interrupt_050,0,0,True,28672,50788,13,1,1,False,"Synthetic fixture; no Autoware source code, no proprietary AV software, and no third-party model weights",16384,/tmp/smartota-clean-rerun-2942cbd-copy/datasets/manifests/smartota-automotive.json,1,9116,/home/arpan/OTA/.cursor-tutor/ota_environment/data/raw/automotive/autoware-style-perception/autoware-style-perception-new.tar,/home/arpan/OTA/.cursor-tutor/ota_environment/data/raw/automotive/autoware-style-perception/autoware-style-perception-new.tar,2c89afcb33f91f3a249c50a92cc652778c267a28f5cb05ac69605cb2f2ba7053,51200,/home/arpan/OTA/.cursor-tutor/ota_environment/data/raw/automotive/autoware-style-perception/autoware-style-perception-old.tar,/home/arpan/OTA/.cursor-tutor/ota_environment/data/raw/automotive/autoware-style-perception/autoware-style-perception-old.tar,53b13f0789ba85473f97c99d58ed0f4ef7c089cd0ac979a5cd3fe7e62fde6e3f,40960,,,6,,7,,autoware_style_perception_module_update,deployment_aware_greedy,CPython,"3.12.7 | packaged by Anaconda, Inc. | (main, Oct  4 2024, 13:27:36) [GCC 11.2.0]",,,True,True,0.0,,,0.021835,0.021835,autoware_style_perception_module_update,1,,,,Locally generated deterministic fixture inspired by Autoware-style module layout,13,0.025164,2026-07-17T15:45:42.120432+00:00,automotive,True
,,,13,0,,2c89afcb33f91f3a249c50a92cc652778c267a28f5cb05ac69605cb2f2ba7053,53b13f0789ba85473f97c99d58ed0f4ef7c089cd0ac979a5cd3fe7e62fde6e3f,autoware_module_tar,rsync_rolling_hash,4096,4096,0,13,,True,uncompressed,deterministic_tar_derivation,smartota-automotive,1.2.6,0.26.2,1.26.4,2.20.0,2.12.0,,,,,,,0,,,0,,0,100000000.0,,False,100000000.0,always_pass,1,unconstrained_default,50000000.0,268435456,0.0,False,True,,streaming,1073741824,51200,0.00122,,51200,,,,complete,0.000512,51200,0,,121986,121986,58904,4096,,,,,True,,,,,,0,0.001732,0,autoware_style_av_stack,,0.011326,121986,13,2942cbde2fd344cccea23aabbe8d5bf168610c71,False,0.5,"{'interruption_percentage': 0.5, 'interrupted_after_operations': 7, 'operation_count': 13, 'checkpoint_available': False, 'checkpoint_operation_index': 0, 'resumed_from_checkpoint': False, 'recovery_strategy': 'rollback_reinstall', 'recovery_success': True, 'rollback_success': True, 'rollback_ready_at_interruption': True, 'final_replay_validity': True, 'replay_errors': '', 'recovery_errors': '', 'extra_network_bytes': 68257, 'extra_flash_writes': 28672, 'total_network_bytes': 190243, 'total_flash_write_bytes': 79872, 'interrupted_metrics': {'install_state': 'interrupted', 'package_size_bytes': 68257, 'network_bytes': 68257, 'staging_area_bytes': 0, 'backup_area_bytes': 0, 'installed_image_bytes': 40960, 'current_persistent_storage_bytes': 40960, 'peak_persistent_storage_bytes': 50711, 'peak_ram_bytes': 4096, 'flash_write_bytes': 28672, 'download_time_s': 0.000683, 'install_time_s': 0.000287, 'total_time_s': 0.000969, 'checkpoint_count': 0, 'latest_checkpoint_operation': 0, 'rollback_ready': True, 'unsafe_overwrite_count': 0, 'budget_violation_count': 0, 'budget_violations': []}, 'recovered_metrics': {'install_state': 'complete', 'package_size_bytes': 190243, 'network_bytes': 190243, 'staging_area_bytes': 0, 'backup_area_bytes': 0, 'installed_image_bytes': 51200, 'current_persistent_storage_bytes': 51200, 'peak_persistent_storage_bytes': 58904, 'peak_ram_bytes': 4096, 'flash_write_bytes': 79872, 'download_time_s': 0.001902, 'install_time_s': 0.000799, 'total_time_s': 0.002701, 'checkpoint_count': 0, 'latest_checkpoint_operation': 0, 'rollback_ready': True, 'unsafe_overwrite_count': 0, 'budget_violation_count': 0, 'budget_violations': []}, 'recovery_cost': {'discarded_operation_count': 7, 'replayed_operation_count': 13, 'network_bytes': 121986, 'flash_write_bytes': 51200}}",interrupt_050,0,0,True,28672,68257,13,1,1,False,"Synthetic fixture; no Autoware source code, no proprietary AV software, and no third-party model weights",16384,/tmp/smartota-clean-rerun-2942cbd-copy/datasets/manifests/smartota-automotive.json,1,4096,/home/arpan/OTA/.cursor-tutor/ota_environment/data/raw/automotive/autoware-style-perception/autoware-style-perception-new.tar,/home/arpan/OTA/.cursor-tutor/ota_environment/data/raw/automotive/autoware-style-perception/autoware-style-perception-new.tar,2c89afcb33f91f3a249c50a92cc652778c267a28f5cb05ac69605cb2f2ba7053,51200,/home/arpan/OTA/.cursor-tutor/ota_environment/data/raw/automotive/autoware-style-perception/autoware-style-perception-old.tar,/home/arpan/OTA/.cursor-tutor/ota_environment/data/raw/automotive/autoware-style-perception/autoware-style-perception-old.tar,53b13f0789ba85473f97c99d58ed0f4ef7c089cd0ac979a5cd3fe7e62fde6e3f,40960,,,,,13,,autoware_style_perception_module_update,rsync_rolling_hash,CPython,"3.12.7 | packaged by Anaconda, Inc. | (main, Oct  4 2024, 13:27:36) [GCC 11.2.0]",,,True,True,0.0,,,0.011326,0.011326,autoware_style_perception_module_update,1,,,,Locally generated deterministic fixture inspired by Autoware-style module layout,13,0.013945,2026-07-17T15:45:42.120432+00:00,automotive,True
,,,2,0,,2c89afcb33f91f3a249c50a92cc652778c267a28f5cb05ac69605cb2f2ba7053,53b13f0789ba85473f97c99d58ed0f4ef7c089cd0ac979a5cd3fe7e62fde6e3f,autoware_module_tar,full_replacement,4096,4096,0,13,,True,uncompressed,deterministic_tar_derivation,smartota-automotive,1.2.6,0.26.2,1.26.4,2.20.0,2.12.0,,,,,,,0,,,0,,0,100000000.0,,False,100000000.0,always_pass,1,unconstrained_default,50000000.0,268435456,0.0,False,True,,streaming,1073741824,51200,0.001198,,51200,,,,complete,0.000512,51200,0,,119763,119763,207723,51200,,,,,True,,,,,,0,0.00171,0,autoware_style_av_stack,,0.000757,119763,2,2942cbde2fd344cccea23aabbe8d5bf168610c71,False,0.75,"{'interruption_percentage': 0.75, 'interrupted_after_operations': 1, 'operation_count': 2, 'checkpoint_available': False, 'checkpoint_operation_index': 0, 'resumed_from_checkpoint': False, 'recovery_strategy': 'rollback_reinstall', 'recovery_success': True, 'rollback_success': True, 'rollback_ready_at_interruption': True, 'final_replay_validity': True, 'replay_errors': '', 'recovery_errors': '', 'extra_network_bytes': 119659, 'extra_flash_writes': 51200, 'total_network_bytes': 239422, 'total_flash_write_bytes': 102400, 'interrupted_metrics': {'install_state': 'interrupted', 'package_size_bytes': 119659, 'network_bytes': 119659, 'staging_area_bytes': 0, 'backup_area_bytes': 0, 'installed_image_bytes': 88064, 'current_persistent_storage_bytes': 88064, 'peak_persistent_storage_bytes': 207723, 'peak_ram_bytes': 51200, 'flash_write_bytes': 51200, 'download_time_s': 0.001197, 'install_time_s': 0.000512, 'total_time_s': 0.001709, 'checkpoint_count': 0, 'latest_checkpoint_operation': 0, 'rollback_ready': True, 'unsafe_overwrite_count': 0, 'budget_violation_count': 0, 'budget_violations': []}, 'recovered_metrics': {'install_state': 'complete', 'package_size_bytes': 239422, 'network_bytes': 239422, 'staging_area_bytes': 0, 'backup_area_bytes': 0, 'installed_image_bytes': 51200, 'current_persistent_storage_bytes': 51200, 'peak_persistent_storage_bytes': 207723, 'peak_ram_bytes': 51200, 'flash_write_bytes': 102400, 'download_time_s': 0.002394, 'install_time_s': 0.001024, 'total_time_s': 0.003418, 'checkpoint_count': 0, 'latest_checkpoint_operation': 0, 'rollback_ready': True, 'unsafe_overwrite_count': 0, 'budget_violation_count': 0, 'budget_violations': []}, 'recovery_cost': {'discarded_operation_count': 1, 'replayed_operation_count': 2, 'network_bytes': 119763, 'flash_write_bytes': 51200}}",interrupt_075,0,0,True,51200,119659,2,1,1,False,"Synthetic fixture; no Autoware source code, no proprietary AV software, and no third-party model weights",16384,/tmp/smartota-clean-rerun-2942cbd-copy/datasets/manifests/smartota-automotive.json,1,51200,/home/arpan/OTA/.cursor-tutor/ota_environment/data/raw/automotive/autoware-style-perception/autoware-style-perception-new.tar,/home/arpan/OTA/.cursor-tutor/ota_environment/data/raw/automotive/autoware-style-perception/autoware-style-perception-new.tar,2c89afcb33f91f3a249c50a92cc652778c267a28f5cb05ac69605cb2f2ba7053,51200,/home/arpan/OTA/.cursor-tutor/ota_environment/data/raw/automotive/autoware-style-perception/autoware-style-perception-old.tar,/home/arpan/OTA/.cursor-tutor/ota_environment/data/raw/automotive/autoware-style-perception/autoware-style-perception-old.tar,53b13f0789ba85473f97c99d58ed0f4ef7c089cd0ac979a5cd3fe7e62fde6e3f,40960,,,,,1,1,autoware_style_perception_module_update,full_replacement,CPython,"3.12.7 | packaged by Anaconda, Inc. | (main, Oct  4 2024, 13:27:36) [GCC 11.2.0]",,,True,True,0.0,,,0.000757,0.000757,autoware_style_perception_module_update,1,,,,Locally generated deterministic fixture inspired by Autoware-style module layout,2,0.003409,2026-07-17T15:45:42.120432+00:00,automotive,True
,,,2,0,,2c89afcb33f91f3a249c50a92cc652778c267a28f5cb05ac69605cb2f2ba7053,53b13f0789ba85473f97c99d58ed0f4ef7c089cd0ac979a5cd3fe7e62fde6e3f,autoware_module_tar,whole_file_bsdiff,4096,4096,0,13,,True,uncompressed,deterministic_tar_derivation,smartota-automotive,1.2.6,0.26.2,1.26.4,2.20.0,2.12.0,,,,,,,0,,,0,,0,100000000.0,,False,100000000.0,always_pass,1,unconstrained_default,50000000.0,268435456,0.0,False,True,,streaming,1073741824,51200,0.000702,,51200,,,,complete,0.00193,51200,0,,70216,70216,158176,122106,,,,,True,,,,,,0,0.002632,0,autoware_style_av_stack,,0.014262,70216,2,2942cbde2fd344cccea23aabbe8d5bf168610c71,False,0.75,"{'interruption_percentage': 0.75, 'interrupted_after_operations': 1, 'operation_count': 2, 'checkpoint_available': False, 'checkpoint_operation_index': 0, 'resumed_from_checkpoint': False, 'recovery_strategy': 'rollback_reinstall', 'recovery_success': True, 'rollback_success': True, 'rollback_ready_at_interruption': True, 'final_replay_validity': True, 'replay_errors': '', 'recovery_errors': '', 'extra_network_bytes': 70112, 'extra_flash_writes': 51200, 'total_network_bytes': 140328, 'total_flash_write_bytes': 102400, 'interrupted_metrics': {'install_state': 'interrupted', 'package_size_bytes': 70112, 'network_bytes': 70112, 'staging_area_bytes': 0, 'backup_area_bytes': 0, 'installed_image_bytes': 88064, 'current_persistent_storage_bytes': 88064, 'peak_persistent_storage_bytes': 158176, 'peak_ram_bytes': 122106, 'flash_write_bytes': 51200, 'download_time_s': 0.000701, 'install_time_s': 0.00193, 'total_time_s': 0.002631, 'checkpoint_count': 0, 'latest_checkpoint_operation': 0, 'rollback_ready': True, 'unsafe_overwrite_count': 0, 'budget_violation_count': 0, 'budget_violations': []}, 'recovered_metrics': {'install_state': 'complete', 'package_size_bytes': 140328, 'network_bytes': 140328, 'staging_area_bytes': 0, 'backup_area_bytes': 0, 'installed_image_bytes': 51200, 'current_persistent_storage_bytes': 51200, 'peak_persistent_storage_bytes': 158176, 'peak_ram_bytes': 122106, 'flash_write_bytes': 102400, 'download_time_s': 0.001403, 'install_time_s': 0.00386, 'total_time_s': 0.005264, 'checkpoint_count': 0, 'latest_checkpoint_operation': 0, 'rollback_ready': True, 'unsafe_overwrite_count': 0, 'budget_violation_count': 0, 'budget_violations': []}, 'recovery_cost': {'discarded_operation_count': 1, 'replayed_operation_count': 2, 'network_bytes': 70216, 'flash_write_bytes': 51200}}",interrupt_075,0,0,True,51200,70112,2,1,1,False,"Synthetic fixture; no Autoware source code, no proprietary AV software, and no third-party model weights",16384,/tmp/smartota-clean-rerun-2942cbd-copy/datasets/manifests/smartota-automotive.json,1,122106,/home/arpan/OTA/.cursor-tutor/ota_environment/data/raw/automotive/autoware-style-perception/autoware-style-perception-new.tar,/home/arpan/OTA/.cursor-tutor/ota_environment/data/raw/automotive/autoware-style-perception/autoware-style-perception-new.tar,2c89afcb33f91f3a249c50a92cc652778c267a28f5cb05ac69605cb2f2ba7053,51200,/home/arpan/OTA/.cursor-tutor/ota_environment/data/raw/automotive/autoware-style-perception/autoware-style-perception-old.tar,/home/arpan/OTA/.cursor-tutor/ota_environment/data/raw/automotive/autoware-style-perception/autoware-style-perception-old.tar,53b13f0789ba85473f97c99d58ed0f4ef7c089cd0ac979a5cd3fe7e62fde6e3f,40960,,,1,,,1,autoware_style_perception_module_update,whole_file_bsdiff,CPython,"3.12.7 | packaged by Anaconda, Inc. | (main, Oct  4 2024, 13:27:36) [GCC 11.2.0]",,,True,True,0.0,,,0.014262,0.014262,autoware_style_perception_module_update,1,,,,Locally generated deterministic fixture inspired by Autoware-style module layout,2,0.022027,2026-07-17T15:45:42.120432+00:00,automotive,True
,,,13,0,,2c89afcb33f91f3a249c50a92cc652778c267a28f5cb05ac69605cb2f2ba7053,53b13f0789ba85473f97c99d58ed0f4ef7c089cd0ac979a5cd3fe7e62fde6e3f,autoware_module_tar,blockwise_bsdiff,4096,4096,0,13,,True,uncompressed,deterministic_tar_derivation,smartota-automotive,1.2.6,0.26.2,1.26.4,2.20.0,2.12.0,,,,,,,0,,,0,,0,100000000.0,,False,100000000.0,always_pass,1,unconstrained_default,50000000.0,268435456,0.0,False,True,,streaming,1073741824,51200,0.001067,,51200,,,,complete,0.002017,51200,0,,106692,106692,58904,12890,,,,,True,,,,,,0,0.003084,0,autoware_style_av_stack,,0.015694,106692,13,2942cbde2fd344cccea23aabbe8d5bf168610c71,False,0.75,"{'interruption_percentage': 0.75, 'interrupted_after_operations': 10, 'operation_count': 13, 'checkpoint_available': False, 'checkpoint_operation_index': 0, 'resumed_from_checkpoint': False, 'recovery_strategy': 'rollback_reinstall', 'recovery_success': True, 'rollback_success': True, 'rollback_ready_at_interruption': True, 'final_replay_validity': True, 'replay_errors': '', 'recovery_errors': '', 'extra_network_bytes': 82216, 'extra_flash_writes': 40960, 'total_network_bytes': 188908, 'total_flash_write_bytes': 92160, 'interrupted_metrics': {'install_state': 'interrupted', 'package_size_bytes': 82216, 'network_bytes': 82216, 'staging_area_bytes': 0, 'backup_area_bytes': 0, 'installed_image_bytes': 40960, 'current_persistent_storage_bytes': 40960, 'peak_persistent_storage_bytes': 52138, 'peak_ram_bytes': 12890, 'flash_write_bytes': 40960, 'download_time_s': 0.000822, 'install_time_s': 0.001915, 'total_time_s': 0.002737, 'checkpoint_count': 0, 'latest_checkpoint_operation': 0, 'rollback_ready': True, 'unsafe_overwrite_count': 0, 'budget_violation_count': 0, 'budget_violations': []}, 'recovered_metrics': {'install_state': 'complete', 'package_size_bytes': 188908, 'network_bytes': 188908, 'staging_area_bytes': 0, 'backup_area_bytes': 0, 'installed_image_bytes': 51200, 'current_persistent_storage_bytes': 51200, 'peak_persistent_storage_bytes': 58904, 'peak_ram_bytes': 12890, 'flash_write_bytes': 92160, 'download_time_s': 0.001889, 'install_time_s': 0.003932, 'total_time_s': 0.005821, 'checkpoint_count': 0, 'latest_checkpoint_operation': 0, 'rollback_ready': True, 'unsafe_overwrite_count': 0, 'budget_violation_count': 0, 'budget_violations': []}, 'recovery_cost': {'discarded_operation_count': 10, 'replayed_operation_count': 13, 'network_bytes': 106692, 'flash_write_bytes': 51200}}",interrupt_075,0,0,True,40960,82216,13,1,1,False,"Synthetic fixture; no Autoware source code, no proprietary AV software, and no third-party model weights",16384,/tmp/smartota-clean-rerun-2942cbd-copy/datasets/manifests/smartota-automotive.json,1,12890,/home/arpan/OTA/.cursor-tutor/ota_environment/data/raw/automotive/autoware-style-perception/autoware-style-perception-new.tar,/home/arpan/OTA/.cursor-tutor/ota_environment/data/raw/automotive/autoware-style-perception/autoware-style-perception-new.tar,2c89afcb33f91f3a249c50a92cc652778c267a28f5cb05ac69605cb2f2ba7053,51200,/home/arpan/OTA/.cursor-tutor/ota_environment/data/raw/automotive/autoware-style-perception/autoware-style-perception-old.tar,/home/arpan/OTA/.cursor-tutor/ota_environment/data/raw/automotive/autoware-style-perception/autoware-style-perception-old.tar,53b13f0789ba85473f97c99d58ed0f4ef7c089cd0ac979a5cd3fe7e62fde6e3f,40960,,,10,,3,,autoware_style_perception_module_update,blockwise_bsdiff,CPython,"3.12.7 | packaged by Anaconda, Inc. | (main, Oct  4 2024, 13:27:36) [GCC 11.2.0]",,,True,True,0.0,,,0.015694,0.015694,autoware_style_perception_module_update,1,,,,Locally generated deterministic fixture inspired by Autoware-style module layout,13,0.026069,2026-07-17T15:45:42.120432+00:00,automotive,True
,,,13,0,,2c89afcb33f91f3a249c50a92cc652778c267a28f5cb05ac69605cb2f2ba7053,53b13f0789ba85473f97c99d58ed0f4ef7c089cd0ac979a5cd3fe7e62fde6e3f,autoware_module_tar,copy_only,4096,4096,0,13,,True,uncompressed,deterministic_tar_derivation,smartota-automotive,1.2.6,0.26.2,1.26.4,2.20.0,2.12.0,,,,,,,0,,,0,,0,100000000.0,,False,100000000.0,always_pass,1,unconstrained_default,50000000.0,268435456,0.0,False,True,,streaming,1073741824,51200,0.00122,,51200,,,,complete,0.000512,51200,0,,121986,121986,58904,4096,,,,,True,,,,,,0,0.001732,0,autoware_style_av_stack,,0.001137,121986,13,2942cbde2fd344cccea23aabbe8d5bf168610c71,False,0.75,"{'interruption_percentage': 0.75, 'interrupted_after_operations': 10, 'operation_count': 13, 'checkpoint_available': False, 'checkpoint_operation_index': 0, 'resumed_from_checkpoint': False, 'recovery_strategy': 'rollback_reinstall', 'recovery_success': True, 'rollback_success': True, 'rollback_ready_at_interruption': True, 'final_replay_validity': True, 'replay_errors': '', 'recovery_errors': '', 'extra_network_bytes': 97510, 'extra_flash_writes': 40960, 'total_network_bytes': 219496, 'total_flash_write_bytes': 92160, 'interrupted_metrics': {'install_state': 'interrupted', 'package_size_bytes': 97510, 'network_bytes': 97510, 'staging_area_bytes': 0, 'backup_area_bytes': 0, 'installed_image_bytes': 40960, 'current_persistent_storage_bytes': 40960, 'peak_persistent_storage_bytes': 50711, 'peak_ram_bytes': 4096, 'flash_write_bytes': 40960, 'download_time_s': 0.000975, 'install_time_s': 0.00041, 'total_time_s': 0.001385, 'checkpoint_count': 0, 'latest_checkpoint_operation': 0, 'rollback_ready': True, 'unsafe_overwrite_count': 0, 'budget_violation_count': 0, 'budget_violations': []}, 'recovered_metrics': {'install_state': 'complete', 'package_size_bytes': 219496, 'network_bytes': 219496, 'staging_area_bytes': 0, 'backup_area_bytes': 0, 'installed_image_bytes': 51200, 'current_persistent_storage_bytes': 51200, 'peak_persistent_storage_bytes': 58904, 'peak_ram_bytes': 4096, 'flash_write_bytes': 92160, 'download_time_s': 0.002195, 'install_time_s': 0.000922, 'total_time_s': 0.003117, 'checkpoint_count': 0, 'latest_checkpoint_operation': 0, 'rollback_ready': True, 'unsafe_overwrite_count': 0, 'budget_violation_count': 0, 'budget_violations': []}, 'recovery_cost': {'discarded_operation_count': 10, 'replayed_operation_count': 13, 'network_bytes': 121986, 'flash_write_bytes': 51200}}",interrupt_075,0,0,True,40960,97510,13,1,1,False,"Synthetic fixture; no Autoware source code, no proprietary AV software, and no third-party model weights",16384,/tmp/smartota-clean-rerun-2942cbd-copy/datasets/manifests/smartota-automotive.json,1,4096,/home/arpan/OTA/.cursor-tutor/ota_environment/data/raw/automotive/autoware-style-perception/autoware-style-perception-new.tar,/home/arpan/OTA/.cursor-tutor/ota_environment/data/raw/automotive/autoware-style-perception/autoware-style-perception-new.tar,2c89afcb33f91f3a249c50a92cc652778c267a28f5cb05ac69605cb2f2ba7053,51200,/home/arpan/OTA/.cursor-tutor/ota_environment/data/raw/automotive/autoware-style-perception/autoware-style-perception-old.tar,/home/arpan/OTA/.cursor-tutor/ota_environment/data/raw/automotive/autoware-style-perception/autoware-style-perception-old.tar,53b13f0789ba85473f97c99d58ed0f4ef7c089cd0ac979a5cd3fe7e62fde6e3f,40960,,,,,13,,autoware_style_perception_module_update,copy_only,CPython,"3.12.7 | packaged by Anaconda, Inc. | (main, Oct  4 2024, 13:27:36) [GCC 11.2.0]",,,True,True,0.0,,,0.001137,0.001137,autoware_style_perception_module_update,1,,,,Locally generated deterministic fixture inspired by Autoware-style module layout,13,0.004078,2026-07-17T15:45:42.120432+00:00,automotive,True
,,,13,0,,2c89afcb33f91f3a249c50a92cc652778c267a28f5cb05ac69605cb2f2ba7053,53b13f0789ba85473f97c99d58ed0f4ef7c089cd0ac979a5cd3fe7e62fde6e3f,autoware_module_tar,copy_delta,4096,4096,0,13,,True,uncompressed,deterministic_tar_derivation,smartota-automotive,1.2.6,0.26.2,1.26.4,2.20.0,2.12.0,,,,,,,0,,,0,,0,100000000.0,,False,100000000.0,always_pass,1,unconstrained_default,50000000.0,268435456,0.0,False,True,,streaming,1073741824,51200,0.000753,,51200,,,,complete,0.001053,51200,0,,75292,75292,51732,9116,,,,,True,,,,,,0,0.001806,0,autoware_style_av_stack,,0.016386,75292,13,2942cbde2fd344cccea23aabbe8d5bf168610c71,False,0.75,"{'interruption_percentage': 0.75, 'interrupted_after_operations': 10, 'operation_count': 13, 'checkpoint_available': False, 'checkpoint_operation_index': 0, 'resumed_from_checkpoint': False, 'recovery_strategy': 'rollback_reinstall', 'recovery_success': True, 'rollback_success': True, 'rollback_ready_at_interruption': True, 'final_replay_validity': True, 'replay_errors': '', 'recovery_errors': '', 'extra_network_bytes': 72662, 'extra_flash_writes': 40960, 'total_network_bytes': 147954, 'total_flash_write_bytes': 92160, 'interrupted_metrics': {'install_state': 'interrupted', 'package_size_bytes': 72662, 'network_bytes': 72662, 'staging_area_bytes': 0, 'backup_area_bytes': 0, 'installed_image_bytes': 40960, 'current_persistent_storage_bytes': 40960, 'peak_persistent_storage_bytes': 50711, 'peak_ram_bytes': 9116, 'flash_write_bytes': 40960, 'download_time_s': 0.000727, 'install_time_s': 0.000688, 'total_time_s': 0.001414, 'checkpoint_count': 0, 'latest_checkpoint_operation': 0, 'rollback_ready': True, 'unsafe_overwrite_count': 0, 'budget_violation_count': 0, 'budget_violations': []}, 'recovered_metrics': {'install_state': 'complete', 'package_size_bytes': 147954, 'network_bytes': 147954, 'staging_area_bytes': 0, 'backup_area_bytes': 0, 'installed_image_bytes': 51200, 'current_persistent_storage_bytes': 51200, 'peak_persistent_storage_bytes': 51732, 'peak_ram_bytes': 9116, 'flash_write_bytes': 92160, 'download_time_s': 0.00148, 'install_time_s': 0.00174, 'total_time_s': 0.00322, 'checkpoint_count': 0, 'latest_checkpoint_operation': 0, 'rollback_ready': True, 'unsafe_overwrite_count': 0, 'budget_violation_count': 0, 'budget_violations': []}, 'recovery_cost': {'discarded_operation_count': 10, 'replayed_operation_count': 13, 'network_bytes': 75292, 'flash_write_bytes': 51200}}",interrupt_075,0,0,True,40960,72662,13,1,1,False,"Synthetic fixture; no Autoware source code, no proprietary AV software, and no third-party model weights",16384,/tmp/smartota-clean-rerun-2942cbd-copy/datasets/manifests/smartota-automotive.json,1,9116,/home/arpan/OTA/.cursor-tutor/ota_environment/data/raw/automotive/autoware-style-perception/autoware-style-perception-new.tar,/home/arpan/OTA/.cursor-tutor/ota_environment/data/raw/automotive/autoware-style-perception/autoware-style-perception-new.tar,2c89afcb33f91f3a249c50a92cc652778c267a28f5cb05ac69605cb2f2ba7053,51200,/home/arpan/OTA/.cursor-tutor/ota_environment/data/raw/automotive/autoware-style-perception/autoware-style-perception-old.tar,/home/arpan/OTA/.cursor-tutor/ota_environment/data/raw/automotive/autoware-style-perception/autoware-style-perception-old.tar,53b13f0789ba85473f97c99d58ed0f4ef7c089cd0ac979a5cd3fe7e62fde6e3f,40960,,,6,,7,,autoware_style_perception_module_update,copy_delta,CPython,"3.12.7 | packaged by Anaconda, Inc. | (main, Oct  4 2024, 13:27:36) [GCC 11.2.0]",,,True,True,0.0,,,0.016386,0.016386,autoware_style_perception_module_update,1,,,,Locally generated deterministic fixture inspired by Autoware-style module layout,13,0.020013,2026-07-17T15:45:42.120432+00:00,automotive,True
,,,13,10,,2c89afcb33f91f3a249c50a92cc652778c267a28f5cb05ac69605cb2f2ba7053,53b13f0789ba85473f97c99d58ed0f4ef7c089cd0ac979a5cd3fe7e62fde6e3f,autoware_module_tar,backup_safe_copy_delta,4096,4096,0,13,,True,uncompressed,deterministic_tar_derivation,smartota-automotive,1.2.6,0.26.2,1.26.4,2.20.0,2.12.0,,,,,,,40960,,,0,,0,100000000.0,,False,100000000.0,always_pass,1,unconstrained_default,50000000.0,268435456,0.0,False,True,,streaming,1073741824,92160,0.000758,,92160,,,,complete,0.001374,51200,0,,75768,75768,92692,9116,,,,,True,,,,,,0,0.002132,0,autoware_style_av_stack,,0.02758,75768,23,2942cbde2fd344cccea23aabbe8d5bf168610c71,False,0.75,"{'interruption_percentage': 0.75, 'interrupted_after_operations': 18, 'operation_count': 23, 'checkpoint_available': False, 'checkpoint_operation_index': 0, 'resumed_from_checkpoint': False, 'recovery_strategy': 'rollback_reinstall', 'recovery_success': True, 'rollback_success': True, 'rollback_ready_at_interruption': True, 'final_replay_validity': True, 'replay_errors': '', 'recovery_errors': '', 'extra_network_bytes': 71334, 'extra_flash_writes': 73728, 'total_network_bytes': 147102, 'total_flash_write_bytes': 165888, 'interrupted_metrics': {'install_state': 'interrupted', 'package_size_bytes': 71334, 'network_bytes': 71334, 'staging_area_bytes': 0, 'backup_area_bytes': 36864, 'installed_image_bytes': 40960, 'current_persistent_storage_bytes': 77824, 'peak_persistent_storage_bytes': 87575, 'peak_ram_bytes': 8589, 'flash_write_bytes': 73728, 'download_time_s': 0.000713, 'install_time_s': 0.000915, 'total_time_s': 0.001628, 'checkpoint_count': 0, 'latest_checkpoint_operation': 0, 'rollback_ready': True, 'unsafe_overwrite_count': 0, 'budget_violation_count': 0, 'budget_violations': []}, 'recovered_metrics': {'install_state': 'complete', 'package_size_bytes': 147102, 'network_bytes': 147102, 'staging_area_bytes': 0, 'backup_area_bytes': 40960, 'installed_image_bytes': 51200, 'current_persistent_storage_bytes': 92160, 'peak_persistent_storage_bytes': 92692, 'peak_ram_bytes': 9116, 'flash_write_bytes': 165888, 'download_time_s': 0.001471, 'install_time_s': 0.002289, 'total_time_s': 0.00376, 'checkpoint_count': 0, 'latest_checkpoint_operation': 0, 'rollback_ready': True, 'unsafe_overwrite_count': 0, 'budget_violation_count': 0, 'budget_violations': []}, 'recovery_cost': {'discarded_operation_count': 18, 'replayed_operation_count': 23, 'network_bytes': 75768, 'flash_write_bytes': 92160}}",interrupt_075,0,0,True,73728,71334,23,1,1,False,"Synthetic fixture; no Autoware source code, no proprietary AV software, and no third-party model weights",16384,/tmp/smartota-clean-rerun-2942cbd-copy/datasets/manifests/smartota-automotive.json,1,9116,/home/arpan/OTA/.cursor-tutor/ota_environment/data/raw/automotive/autoware-style-perception/autoware-style-perception-new.tar,/home/arpan/OTA/.cursor-tutor/ota_environment/data/raw/automotive/autoware-style-perception/autoware-style-perception-new.tar,2c89afcb33f91f3a249c50a92cc652778c267a28f5cb05ac69605cb2f2ba7053,51200,/home/arpan/OTA/.cursor-tutor/ota_environment/data/raw/automotive/autoware-style-perception/autoware-style-perception-old.tar,/home/arpan/OTA/.cursor-tutor/ota_environment/data/raw/automotive/autoware-style-perception/autoware-style-perception-old.tar,53b13f0789ba85473f97c99d58ed0f4ef7c089cd0ac979a5cd3fe7e62fde6e3f,40960,10,1,5,,7,,autoware_style_perception_module_update,backup_safe_copy_delta,CPython,"3.12.7 | packaged by Anaconda, Inc. | (main, Oct  4 2024, 13:27:36) [GCC 11.2.0]",,,True,True,0.0,,,0.02758,0.02758,autoware_style_perception_module_update,1,,,,Locally generated deterministic fixture inspired by Autoware-style module layout,23,0.031505,2026-07-17T15:45:42.120432+00:00,automotive,True
,,,13,0,,2c89afcb33f91f3a249c50a92cc652778c267a28f5cb05ac69605cb2f2ba7053,53b13f0789ba85473f97c99d58ed0f4ef7c089cd0ac979a5cd3fe7e62fde6e3f,autoware_module_tar,deployment_aware_greedy,4096,4096,0,13,,True,uncompressed,deterministic_tar_derivation,smartota-automotive,1.2.6,0.26.2,1.26.4,2.20.0,2.12.0,,,,,,,0,,,0,,0,100000000.0,,False,100000000.0,always_pass,1,unconstrained_default,50000000.0,268435456,0.0,False,True,,streaming,1073741824,51200,0.000753,,51200,,,,complete,0.001053,51200,0,,75292,75292,51732,9116,,,,,True,,,,,,0,0.001806,0,autoware_style_av_stack,,0.022775,75292,13,2942cbde2fd344cccea23aabbe8d5bf168610c71,False,0.75,"{'interruption_percentage': 0.75, 'interrupted_after_operations': 10, 'operation_count': 13, 'checkpoint_available': False, 'checkpoint_operation_index': 0, 'resumed_from_checkpoint': False, 'recovery_strategy': 'rollback_reinstall', 'recovery_success': True, 'rollback_success': True, 'rollback_ready_at_interruption': True, 'final_replay_validity': True, 'replay_errors': '', 'recovery_errors': '', 'extra_network_bytes': 72662, 'extra_flash_writes': 40960, 'total_network_bytes': 147954, 'total_flash_write_bytes': 92160, 'interrupted_metrics': {'install_state': 'interrupted', 'package_size_bytes': 72662, 'network_bytes': 72662, 'staging_area_bytes': 0, 'backup_area_bytes': 0, 'installed_image_bytes': 40960, 'current_persistent_storage_bytes': 40960, 'peak_persistent_storage_bytes': 50711, 'peak_ram_bytes': 9116, 'flash_write_bytes': 40960, 'download_time_s': 0.000727, 'install_time_s': 0.000688, 'total_time_s': 0.001414, 'checkpoint_count': 0, 'latest_checkpoint_operation': 0, 'rollback_ready': True, 'unsafe_overwrite_count': 0, 'budget_violation_count': 0, 'budget_violations': []}, 'recovered_metrics': {'install_state': 'complete', 'package_size_bytes': 147954, 'network_bytes': 147954, 'staging_area_bytes': 0, 'backup_area_bytes': 0, 'installed_image_bytes': 51200, 'current_persistent_storage_bytes': 51200, 'peak_persistent_storage_bytes': 51732, 'peak_ram_bytes': 9116, 'flash_write_bytes': 92160, 'download_time_s': 0.00148, 'install_time_s': 0.00174, 'total_time_s': 0.00322, 'checkpoint_count': 0, 'latest_checkpoint_operation': 0, 'rollback_ready': True, 'unsafe_overwrite_count': 0, 'budget_violation_count': 0, 'budget_violations': []}, 'recovery_cost': {'discarded_operation_count': 10, 'replayed_operation_count': 13, 'network_bytes': 75292, 'flash_write_bytes': 51200}}",interrupt_075,0,0,True,40960,72662,13,1,1,False,"Synthetic fixture; no Autoware source code, no proprietary AV software, and no third-party model weights",16384,/tmp/smartota-clean-rerun-2942cbd-copy/datasets/manifests/smartota-automotive.json,1,9116,/home/arpan/OTA/.cursor-tutor/ota_environment/data/raw/automotive/autoware-style-perception/autoware-style-perception-new.tar,/home/arpan/OTA/.cursor-tutor/ota_environment/data/raw/automotive/autoware-style-perception/autoware-style-perception-new.tar,2c89afcb33f91f3a249c50a92cc652778c267a28f5cb05ac69605cb2f2ba7053,51200,/home/arpan/OTA/.cursor-tutor/ota_environment/data/raw/automotive/autoware-style-perception/autoware-style-perception-old.tar,/home/arpan/OTA/.cursor-tutor/ota_environment/data/raw/automotive/autoware-style-perception/autoware-style-perception-old.tar,53b13f0789ba85473f97c99d58ed0f4ef7c089cd0ac979a5cd3fe7e62fde6e3f,40960,,,6,,7,,autoware_style_perception_module_update,deployment_aware_greedy,CPython,"3.12.7 | packaged by Anaconda, Inc. | (main, Oct  4 2024, 13:27:36) [GCC 11.2.0]",,,True,True,0.0,,,0.022775,0.022775,autoware_style_perception_module_update,1,,,,Locally generated deterministic fixture inspired by Autoware-style module layout,13,0.026421,2026-07-17T15:45:42.120432+00:00,automotive,True
,,,13,0,,2c89afcb33f91f3a249c50a92cc652778c267a28f5cb05ac69605cb2f2ba7053,53b13f0789ba85473f97c99d58ed0f4ef7c089cd0ac979a5cd3fe7e62fde6e3f,autoware_module_tar,rsync_rolling_hash,4096,4096,0,13,,True,uncompressed,deterministic_tar_derivation,smartota-automotive,1.2.6,0.26.2,1.26.4,2.20.0,2.12.0,,,,,,,0,,,0,,0,100000000.0,,False,100000000.0,always_pass,1,unconstrained_default,50000000.0,268435456,0.0,False,True,,streaming,1073741824,51200,0.00122,,51200,,,,complete,0.000512,51200,0,,121986,121986,58904,4096,,,,,True,,,,,,0,0.001732,0,autoware_style_av_stack,,0.012246,121986,13,2942cbde2fd344cccea23aabbe8d5bf168610c71,False,0.75,"{'interruption_percentage': 0.75, 'interrupted_after_operations': 10, 'operation_count': 13, 'checkpoint_available': False, 'checkpoint_operation_index': 0, 'resumed_from_checkpoint': False, 'recovery_strategy': 'rollback_reinstall', 'recovery_success': True, 'rollback_success': True, 'rollback_ready_at_interruption': True, 'final_replay_validity': True, 'replay_errors': '', 'recovery_errors': '', 'extra_network_bytes': 97510, 'extra_flash_writes': 40960, 'total_network_bytes': 219496, 'total_flash_write_bytes': 92160, 'interrupted_metrics': {'install_state': 'interrupted', 'package_size_bytes': 97510, 'network_bytes': 97510, 'staging_area_bytes': 0, 'backup_area_bytes': 0, 'installed_image_bytes': 40960, 'current_persistent_storage_bytes': 40960, 'peak_persistent_storage_bytes': 50711, 'peak_ram_bytes': 4096, 'flash_write_bytes': 40960, 'download_time_s': 0.000975, 'install_time_s': 0.00041, 'total_time_s': 0.001385, 'checkpoint_count': 0, 'latest_checkpoint_operation': 0, 'rollback_ready': True, 'unsafe_overwrite_count': 0, 'budget_violation_count': 0, 'budget_violations': []}, 'recovered_metrics': {'install_state': 'complete', 'package_size_bytes': 219496, 'network_bytes': 219496, 'staging_area_bytes': 0, 'backup_area_bytes': 0, 'installed_image_bytes': 51200, 'current_persistent_storage_bytes': 51200, 'peak_persistent_storage_bytes': 58904, 'peak_ram_bytes': 4096, 'flash_write_bytes': 92160, 'download_time_s': 0.002195, 'install_time_s': 0.000922, 'total_time_s': 0.003117, 'checkpoint_count': 0, 'latest_checkpoint_operation': 0, 'rollback_ready': True, 'unsafe_overwrite_count': 0, 'budget_violation_count': 0, 'budget_violations': []}, 'recovery_cost': {'discarded_operation_count': 10, 'replayed_operation_count': 13, 'network_bytes': 121986, 'flash_write_bytes': 51200}}",interrupt_075,0,0,True,40960,97510,13,1,1,False,"Synthetic fixture; no Autoware source code, no proprietary AV software, and no third-party model weights",16384,/tmp/smartota-clean-rerun-2942cbd-copy/datasets/manifests/smartota-automotive.json,1,4096,/home/arpan/OTA/.cursor-tutor/ota_environment/data/raw/automotive/autoware-style-perception/autoware-style-perception-new.tar,/home/arpan/OTA/.cursor-tutor/ota_environment/data/raw/automotive/autoware-style-perception/autoware-style-perception-new.tar,2c89afcb33f91f3a249c50a92cc652778c267a28f5cb05ac69605cb2f2ba7053,51200,/home/arpan/OTA/.cursor-tutor/ota_environment/data/raw/automotive/autoware-style-perception/autoware-style-perception-old.tar,/home/arpan/OTA/.cursor-tutor/ota_environment/data/raw/automotive/autoware-style-perception/autoware-style-perception-old.tar,53b13f0789ba85473f97c99d58ed0f4ef7c089cd0ac979a5cd3fe7e62fde6e3f,40960,,,,,13,,autoware_style_perception_module_update,rsync_rolling_hash,CPython,"3.12.7 | packaged by Anaconda, Inc. | (main, Oct  4 2024, 13:27:36) [GCC 11.2.0]",,,True,True,0.0,,,0.012246,0.012246,autoware_style_perception_module_update,1,,,,Locally generated deterministic fixture inspired by Autoware-style module layout,13,0.015015,2026-07-17T15:45:42.120432+00:00,automotive,True
True,True,True,2,0,True,2c89afcb33f91f3a249c50a92cc652778c267a28f5cb05ac69605cb2f2ba7053,53b13f0789ba85473f97c99d58ed0f4ef7c089cd0ac979a5cd3fe7e62fde6e3f,autoware_module_tar,full_replacement,4096,4096,0,13,True,True,uncompressed,deterministic_tar_derivation,smartota-automotive,1.2.6,0.26.2,1.26.4,2.20.0,2.12.0,True,True,True,True,B,2c89afcb33f91f3a249c50a92cc652778c267a28f5cb05ac69605cb2f2ba7053,0,1,True,0,,0,2000000.0,25,True,20000000.0,always_pass,2,realistic,10000000.0,8388608,30.0,True,True,16777216,full_package,25165824,51200,0.059882,30.0,51200,pass,A,53b13f0789ba85473f97c99d58ed0f4ef7c089cd0ac979a5cd3fe7e62fde6e3f,complete,0.00256,51200,0,2,119763,119763,207827,51200,False,1,False,False,False,False,16777216,51200,False,1,0,0.062442,1,autoware_style_av_stack,30.0,0.00094,119763,2,2942cbde2fd344cccea23aabbe8d5bf168610c71,False,0.25,"{'interruption_percentage': 0.25, 'interrupted_after_operations': 1, 'operation_count': 2, 'checkpoint_available': False, 'checkpoint_operation_index': 0, 'resumed_from_checkpoint': False, 'recovery_strategy': 'failed', 'recovery_success': False, 'rollback_success': False, 'rollback_ready_at_interruption': False, 'final_replay_validity': False, 'replay_errors': '', 'recovery_errors': 'no checkpoint and rollback is not ready', 'extra_network_bytes': 0, 'extra_flash_writes': 0, 'total_network_bytes': 119659, 'total_flash_write_bytes': 51200, 'interrupted_metrics': {'install_state': 'interrupted', 'package_size_bytes': 119659, 'network_bytes': 119659, 'staging_area_bytes': 119659, 'backup_area_bytes': 0, 'installed_image_bytes': 88064, 'current_persistent_storage_bytes': 207723, 'peak_persistent_storage_bytes': 207723, 'peak_ram_bytes': 51200, 'flash_write_bytes': 51200, 'download_time_s': 0.05983, 'install_time_s': 0.00256, 'total_time_s': 0.06239, 'checkpoint_count': 0, 'latest_checkpoint_operation': 0, 'rollback_ready': False, 'unsafe_overwrite_count': 1, 'budget_violation_count': 0, 'budget_violations': [], 'ab_enabled': True, 'active_slot': 'A', 'inactive_slot': 'B', 'active_version': '53b13f0789ba85473f97c99d58ed0f4ef7c089cd0ac979a5cd3fe7e62fde6e3f', 'inactive_version': '53b13f0789ba85473f97c99d58ed0f4ef7c089cd0ac979a5cd3fe7e62fde6e3f', 'slot_capacity_bytes': 16777216, 'boot_attempt_counter': 0, 'max_boot_attempts': 2, 'pending_activation': False, 'health_verdict': 'not_run', 'rollback_performed': False, 'ab_update_valid': False, 'ab_rollback_ready': True, 'slot_storage_bytes': 40960, 'slot_storage_violation': False, 'activation_success': False, 'boot_health_success': False, 'rollback_after_failed_boot': False, 'rollback_success': False, 'reboot_count': 0, 'downtime_seconds': 0.0, 'slot_switch_count': 0}, 'recovered_metrics': {}, 'recovery_cost': {'discarded_operation_count': 1, 'replayed_operation_count': 0, 'network_bytes': 0, 'flash_write_bytes': 0}}",interrupt_025,0,1,False,0,0,0,0,1,False,"Synthetic fixture; no Autoware source code, no proprietary AV software, and no third-party model weights",16384,/tmp/smartota-clean-rerun-2942cbd-copy/datasets/manifests/smartota-automotive.json,1,51200,/home/arpan/OTA/.cursor-tutor/ota_environment/data/raw/automotive/autoware-style-perception/autoware-style-perception-new.tar,/home/arpan/OTA/.cursor-tutor/ota_environment/data/raw/automotive/autoware-style-perception/autoware-style-perception-new.tar,2c89afcb33f91f3a249c50a92cc652778c267a28f5cb05ac69605cb2f2ba7053,51200,/home/arpan/OTA/.cursor-tutor/ota_environment/data/raw/automotive/autoware-style-perception/autoware-style-perception-old.tar,/home/arpan/OTA/.cursor-tutor/ota_environment/data/raw/automotive/autoware-style-perception/autoware-style-perception-old.tar,53b13f0789ba85473f97c99d58ed0f4ef7c089cd0ac979a5cd3fe7e62fde6e3f,40960,,,,,1,1,autoware_style_perception_module_update,full_replacement,CPython,"3.12.7 | packaged by Anaconda, Inc. | (main, Oct  4 2024, 13:27:36) [GCC 11.2.0]",1,,True,True,0.0,False,False,0.00094,0.00094,autoware_style_perception_module_update,1,51200,False,1,Locally generated deterministic fixture inspired by Autoware-style module layout,2,0.002446,2026-07-17T15:45:42.120432+00:00,automotive,True
True,True,True,2,0,True,2c89afcb33f91f3a249c50a92cc652778c267a28f5cb05ac69605cb2f2ba7053,53b13f0789ba85473f97c99d58ed0f4ef7c089cd0ac979a5cd3fe7e62fde6e3f,autoware_module_tar,whole_file_bsdiff,4096,4096,0,13,True,True,uncompressed,deterministic_tar_derivation,smartota-automotive,1.2.6,0.26.2,1.26.4,2.20.0,2.12.0,True,True,True,True,B,2c89afcb33f91f3a249c50a92cc652778c267a28f5cb05ac69605cb2f2ba7053,0,1,True,0,,0,2000000.0,25,True,20000000.0,always_pass,2,realistic,10000000.0,8388608,30.0,True,True,16777216,full_package,25165824,51200,0.035108,30.0,51200,pass,A,53b13f0789ba85473f97c99d58ed0f4ef7c089cd0ac979a5cd3fe7e62fde6e3f,complete,0.009651,51200,0,2,70216,70216,158280,122106,False,1,False,False,False,False,16777216,51200,False,1,0,0.044759,1,autoware_style_av_stack,30.0,0.014288,70216,2,2942cbde2fd344cccea23aabbe8d5bf168610c71,False,0.25,"{'interruption_percentage': 0.25, 'interrupted_after_operations': 1, 'operation_count': 2, 'checkpoint_available': False, 'checkpoint_operation_index': 0, 'resumed_from_checkpoint': False, 'recovery_strategy': 'failed', 'recovery_success': False, 'rollback_success': False, 'rollback_ready_at_interruption': False, 'final_replay_validity': False, 'replay_errors': '', 'recovery_errors': 'no checkpoint and rollback is not ready', 'extra_network_bytes': 0, 'extra_flash_writes': 0, 'total_network_bytes': 70112, 'total_flash_write_bytes': 51200, 'interrupted_metrics': {'install_state': 'interrupted', 'package_size_bytes': 70112, 'network_bytes': 70112, 'staging_area_bytes': 70112, 'backup_area_bytes': 0, 'installed_image_bytes': 88064, 'current_persistent_storage_bytes': 158176, 'peak_persistent_storage_bytes': 158176, 'peak_ram_bytes': 122106, 'flash_write_bytes': 51200, 'download_time_s': 0.035056, 'install_time_s': 0.009651, 'total_time_s': 0.044707, 'checkpoint_count': 0, 'latest_checkpoint_operation': 0, 'rollback_ready': False, 'unsafe_overwrite_count': 1, 'budget_violation_count': 0, 'budget_violations': [], 'ab_enabled': True, 'active_slot': 'A', 'inactive_slot': 'B', 'active_version': '53b13f0789ba85473f97c99d58ed0f4ef7c089cd0ac979a5cd3fe7e62fde6e3f', 'inactive_version': '53b13f0789ba85473f97c99d58ed0f4ef7c089cd0ac979a5cd3fe7e62fde6e3f', 'slot_capacity_bytes': 16777216, 'boot_attempt_counter': 0, 'max_boot_attempts': 2, 'pending_activation': False, 'health_verdict': 'not_run', 'rollback_performed': False, 'ab_update_valid': False, 'ab_rollback_ready': True, 'slot_storage_bytes': 40960, 'slot_storage_violation': False, 'activation_success': False, 'boot_health_success': False, 'rollback_after_failed_boot': False, 'rollback_success': False, 'reboot_count': 0, 'downtime_seconds': 0.0, 'slot_switch_count': 0}, 'recovered_metrics': {}, 'recovery_cost': {'discarded_operation_count': 1, 'replayed_operation_count': 0, 'network_bytes': 0, 'flash_write_bytes': 0}}",interrupt_025,0,1,False,0,0,0,0,1,False,"Synthetic fixture; no Autoware source code, no proprietary AV software, and no third-party model weights",16384,/tmp/smartota-clean-rerun-2942cbd-copy/datasets/manifests/smartota-automotive.json,1,122106,/home/arpan/OTA/.cursor-tutor/ota_environment/data/raw/automotive/autoware-style-perception/autoware-style-perception-new.tar,/home/arpan/OTA/.cursor-tutor/ota_environment/data/raw/automotive/autoware-style-perception/autoware-style-perception-new.tar,2c89afcb33f91f3a249c50a92cc652778c267a28f5cb05ac69605cb2f2ba7053,51200,/home/arpan/OTA/.cursor-tutor/ota_environment/data/raw/automotive/autoware-style-perception/autoware-style-perception-old.tar,/home/arpan/OTA/.cursor-tutor/ota_environment/data/raw/automotive/autoware-style-perception/autoware-style-perception-old.tar,53b13f0789ba85473f97c99d58ed0f4ef7c089cd0ac979a5cd3fe7e62fde6e3f,40960,,,1,,,1,autoware_style_perception_module_update,whole_file_bsdiff,CPython,"3.12.7 | packaged by Anaconda, Inc. | (main, Oct  4 2024, 13:27:36) [GCC 11.2.0]",1,,True,True,0.0,False,False,0.014288,0.014288,autoware_style_perception_module_update,1,51200,False,1,Locally generated deterministic fixture inspired by Autoware-style module layout,2,0.018435,2026-07-17T15:45:42.120432+00:00,automotive,True
True,True,True,13,0,True,2c89afcb33f91f3a249c50a92cc652778c267a28f5cb05ac69605cb2f2ba7053,53b13f0789ba85473f97c99d58ed0f4ef7c089cd0ac979a5cd3fe7e62fde6e3f,autoware_module_tar,blockwise_bsdiff,4096,4096,0,13,True,True,uncompressed,deterministic_tar_derivation,smartota-automotive,1.2.6,0.26.2,1.26.4,2.20.0,2.12.0,True,True,True,True,B,2c89afcb33f91f3a249c50a92cc652778c267a28f5cb05ac69605cb2f2ba7053,0,1,True,0,,0,2000000.0,25,True,20000000.0,always_pass,2,realistic,10000000.0,8388608,30.0,True,True,16777216,full_package,25165824,51200,0.053346,30.0,51200,pass,A,53b13f0789ba85473f97c99d58ed0f4ef7c089cd0ac979a5cd3fe7e62fde6e3f,complete,0.010086,51200,0,2,106692,106692,157892,12890,False,1,False,False,False,False,16777216,51200,False,1,0,0.063432,10,autoware_style_av_stack,30.0,0.015261,106692,13,2942cbde2fd344cccea23aabbe8d5bf168610c71,False,0.25,"{'interruption_percentage': 0.25, 'interrupted_after_operations': 4, 'operation_count': 13, 'checkpoint_available': False, 'checkpoint_operation_index': 0, 'resumed_from_checkpoint': False, 'recovery_strategy': 'failed', 'recovery_success': False, 'rollback_success': False, 'rollback_ready_at_interruption': False, 'final_replay_validity': False, 'replay_errors': '', 'recovery_errors': 'no checkpoint and rollback is not ready', 'extra_network_bytes': 0, 'extra_flash_writes': 0, 'total_network_bytes': 24182, 'total_flash_write_bytes': 16384, 'interrupted_metrics': {'install_state': 'interrupted', 'package_size_bytes': 24182, 'network_bytes': 24182, 'staging_area_bytes': 24182, 'backup_area_bytes': 0, 'installed_image_bytes': 40960, 'current_persistent_storage_bytes': 65142, 'peak_persistent_storage_bytes': 65142, 'peak_ram_bytes': 12849, 'flash_write_bytes': 16384, 'download_time_s': 0.012091, 'install_time_s': 0.003457, 'total_time_s': 0.015548, 'checkpoint_count': 0, 'latest_checkpoint_operation': 0, 'rollback_ready': False, 'unsafe_overwrite_count': 4, 'budget_violation_count': 0, 'budget_violations': [], 'ab_enabled': True, 'active_slot': 'A', 'inactive_slot': 'B', 'active_version': '53b13f0789ba85473f97c99d58ed0f4ef7c089cd0ac979a5cd3fe7e62fde6e3f', 'inactive_version': '53b13f0789ba85473f97c99d58ed0f4ef7c089cd0ac979a5cd3fe7e62fde6e3f', 'slot_capacity_bytes': 16777216, 'boot_attempt_counter': 0, 'max_boot_attempts': 2, 'pending_activation': False, 'health_verdict': 'not_run', 'rollback_performed': False, 'ab_update_valid': False, 'ab_rollback_ready': True, 'slot_storage_bytes': 40960, 'slot_storage_violation': False, 'activation_success': False, 'boot_health_success': False, 'rollback_after_failed_boot': False, 'rollback_success': False, 'reboot_count': 0, 'downtime_seconds': 0.0, 'slot_switch_count': 0}, 'recovered_metrics': {}, 'recovery_cost': {'discarded_operation_count': 4, 'replayed_operation_count': 0, 'network_bytes': 0, 'flash_write_bytes': 0}}",interrupt_025,0,1,False,0,0,0,0,1,False,"Synthetic fixture; no Autoware source code, no proprietary AV software, and no third-party model weights",16384,/tmp/smartota-clean-rerun-2942cbd-copy/datasets/manifests/smartota-automotive.json,1,12890,/home/arpan/OTA/.cursor-tutor/ota_environment/data/raw/automotive/autoware-style-perception/autoware-style-perception-new.tar,/home/arpan/OTA/.cursor-tutor/ota_environment/data/raw/automotive/autoware-style-perception/autoware-style-perception-new.tar,2c89afcb33f91f3a249c50a92cc652778c267a28f5cb05ac69605cb2f2ba7053,51200,/home/arpan/OTA/.cursor-tutor/ota_environment/data/raw/automotive/autoware-style-perception/autoware-style-perception-old.tar,/home/arpan/OTA/.cursor-tutor/ota_environment/data/raw/automotive/autoware-style-perception/autoware-style-perception-old.tar,53b13f0789ba85473f97c99d58ed0f4ef7c089cd0ac979a5cd3fe7e62fde6e3f,40960,,,10,,3,,autoware_style_perception_module_update,blockwise_bsdiff,CPython,"3.12.7 | packaged by Anaconda, Inc. | (main, Oct  4 2024, 13:27:36) [GCC 11.2.0]",1,,True,True,0.0,False,False,0.015261,0.015261,autoware_style_perception_module_update,1,51200,False,1,Locally generated deterministic fixture inspired by Autoware-style module layout,13,0.018951,2026-07-17T15:45:42.120432+00:00,automotive,True
True,True,True,13,0,True,2c89afcb33f91f3a249c50a92cc652778c267a28f5cb05ac69605cb2f2ba7053,53b13f0789ba85473f97c99d58ed0f4ef7c089cd0ac979a5cd3fe7e62fde6e3f,autoware_module_tar,copy_only,4096,4096,0,13,True,True,uncompressed,deterministic_tar_derivation,smartota-automotive,1.2.6,0.26.2,1.26.4,2.20.0,2.12.0,True,True,True,True,B,2c89afcb33f91f3a249c50a92cc652778c267a28f5cb05ac69605cb2f2ba7053,0,1,True,0,,0,2000000.0,25,True,20000000.0,always_pass,2,realistic,10000000.0,8388608,30.0,True,True,16777216,full_package,25165824,51200,0.060993,30.0,51200,pass,A,53b13f0789ba85473f97c99d58ed0f4ef7c089cd0ac979a5cd3fe7e62fde6e3f,complete,0.00256,51200,0,2,121986,121986,173186,4096,False,1,False,False,False,False,16777216,51200,False,1,0,0.063553,10,autoware_style_av_stack,30.0,0.001256,121986,13,2942cbde2fd344cccea23aabbe8d5bf168610c71,False,0.25,"{'interruption_percentage': 0.25, 'interrupted_after_operations': 4, 'operation_count': 13, 'checkpoint_available': False, 'checkpoint_operation_index': 0, 'resumed_from_checkpoint': False, 'recovery_strategy': 'failed', 'recovery_success': False, 'rollback_success': False, 'rollback_ready_at_interruption': False, 'final_replay_validity': False, 'replay_errors': '', 'recovery_errors': 'no checkpoint and rollback is not ready', 'extra_network_bytes': 0, 'extra_flash_writes': 0, 'total_network_bytes': 39004, 'total_flash_write_bytes': 16384, 'interrupted_metrics': {'install_state': 'interrupted', 'package_size_bytes': 39004, 'network_bytes': 39004, 'staging_area_bytes': 39004, 'backup_area_bytes': 0, 'installed_image_bytes': 40960, 'current_persistent_storage_bytes': 79964, 'peak_persistent_storage_bytes': 79964, 'peak_ram_bytes': 4096, 'flash_write_bytes': 16384, 'download_time_s': 0.019502, 'install_time_s': 0.000819, 'total_time_s': 0.020321, 'checkpoint_count': 0, 'latest_checkpoint_operation': 0, 'rollback_ready': False, 'unsafe_overwrite_count': 4, 'budget_violation_count': 0, 'budget_violations': [], 'ab_enabled': True, 'active_slot': 'A', 'inactive_slot': 'B', 'active_version': '53b13f0789ba85473f97c99d58ed0f4ef7c089cd0ac979a5cd3fe7e62fde6e3f', 'inactive_version': '53b13f0789ba85473f97c99d58ed0f4ef7c089cd0ac979a5cd3fe7e62fde6e3f', 'slot_capacity_bytes': 16777216, 'boot_attempt_counter': 0, 'max_boot_attempts': 2, 'pending_activation': False, 'health_verdict': 'not_run', 'rollback_performed': False, 'ab_update_valid': False, 'ab_rollback_ready': True, 'slot_storage_bytes': 40960, 'slot_storage_violation': False, 'activation_success': False, 'boot_health_success': False, 'rollback_after_failed_boot': False, 'rollback_success': False, 'reboot_count': 0, 'downtime_seconds': 0.0, 'slot_switch_count': 0}, 'recovered_metrics': {}, 'recovery_cost': {'discarded_operation_count': 4, 'replayed_operation_count': 0, 'network_bytes': 0, 'flash_write_bytes': 0}}",interrupt_025,0,1,False,0,0,0,0,1,False,"Synthetic fixture; no Autoware source code, no proprietary AV software, and no third-party model weights",16384,/tmp/smartota-clean-rerun-2942cbd-copy/datasets/manifests/smartota-automotive.json,1,4096,/home/arpan/OTA/.cursor-tutor/ota_environment/data/raw/automotive/autoware-style-perception/autoware-style-perception-new.tar,/home/arpan/OTA/.cursor-tutor/ota_environment/data/raw/automotive/autoware-style-perception/autoware-style-perception-new.tar,2c89afcb33f91f3a249c50a92cc652778c267a28f5cb05ac69605cb2f2ba7053,51200,/home/arpan/OTA/.cursor-tutor/ota_environment/data/raw/automotive/autoware-style-perception/autoware-style-perception-old.tar,/home/arpan/OTA/.cursor-tutor/ota_environment/data/raw/automotive/autoware-style-perception/autoware-style-perception-old.tar,53b13f0789ba85473f97c99d58ed0f4ef7c089cd0ac979a5cd3fe7e62fde6e3f,40960,,,,,13,,autoware_style_perception_module_update,copy_only,CPython,"3.12.7 | packaged by Anaconda, Inc. | (main, Oct  4 2024, 13:27:36) [GCC 11.2.0]",1,,True,True,0.0,False,False,0.001256,0.001256,autoware_style_perception_module_update,1,51200,False,1,Locally generated deterministic fixture inspired by Autoware-style module layout,13,0.002537,2026-07-17T15:45:42.120432+00:00,automotive,True
True,True,True,13,0,True,2c89afcb33f91f3a249c50a92cc652778c267a28f5cb05ac69605cb2f2ba7053,53b13f0789ba85473f97c99d58ed0f4ef7c089cd0ac979a5cd3fe7e62fde6e3f,autoware_module_tar,copy_delta,4096,4096,0,13,True,True,uncompressed,deterministic_tar_derivation,smartota-automotive,1.2.6,0.26.2,1.26.4,2.20.0,2.12.0,True,True,True,True,B,2c89afcb33f91f3a249c50a92cc652778c267a28f5cb05ac69605cb2f2ba7053,0,1,True,0,,0,2000000.0,25,True,20000000.0,always_pass,2,realistic,10000000.0,8388608,30.0,True,True,16777216,full_package,25165824,51200,0.037646,30.0,51200,pass,A,53b13f0789ba85473f97c99d58ed0f4ef7c089cd0ac979a5cd3fe7e62fde6e3f,complete,0.005263,51200,0,2,75292,75292,126492,9116,False,1,False,False,False,False,16777216,51200,False,1,0,0.042909,10,autoware_style_av_stack,30.0,0.016429,75292,13,2942cbde2fd344cccea23aabbe8d5bf168610c71,False,0.25,"{'interruption_percentage': 0.25, 'interrupted_after_operations': 4, 'operation_count': 13, 'checkpoint_available': False, 'checkpoint_operation_index': 0, 'resumed_from_checkpoint': False, 'recovery_strategy': 'failed', 'recovery_success': False, 'rollback_success': False, 'rollback_ready_at_interruption': False, 'final_replay_validity': False, 'replay_errors': '', 'recovery_errors': 'no checkpoint and rollback is not ready', 'extra_network_bytes': 0, 'extra_flash_writes': 0, 'total_network_bytes': 21535, 'total_flash_write_bytes': 16384, 'interrupted_metrics': {'install_state': 'interrupted', 'package_size_bytes': 21535, 'network_bytes': 21535, 'staging_area_bytes': 21535, 'backup_area_bytes': 0, 'installed_image_bytes': 40960, 'current_persistent_storage_bytes': 62495, 'peak_persistent_storage_bytes': 62495, 'peak_ram_bytes': 8589, 'flash_write_bytes': 16384, 'download_time_s': 0.010767, 'install_time_s': 0.001707, 'total_time_s': 0.012474, 'checkpoint_count': 0, 'latest_checkpoint_operation': 0, 'rollback_ready': False, 'unsafe_overwrite_count': 4, 'budget_violation_count': 0, 'budget_violations': [], 'ab_enabled': True, 'active_slot': 'A', 'inactive_slot': 'B', 'active_version': '53b13f0789ba85473f97c99d58ed0f4ef7c089cd0ac979a5cd3fe7e62fde6e3f', 'inactive_version': '53b13f0789ba85473f97c99d58ed0f4ef7c089cd0ac979a5cd3fe7e62fde6e3f', 'slot_capacity_bytes': 16777216, 'boot_attempt_counter': 0, 'max_boot_attempts': 2, 'pending_activation': False, 'health_verdict': 'not_run', 'rollback_performed': False, 'ab_update_valid': False, 'ab_rollback_ready': True, 'slot_storage_bytes': 40960, 'slot_storage_violation': False, 'activation_success': False, 'boot_health_success': False, 'rollback_after_failed_boot': False, 'rollback_success': False, 'reboot_count': 0, 'downtime_seconds': 0.0, 'slot_switch_count': 0}, 'recovered_metrics': {}, 'recovery_cost': {'discarded_operation_count': 4, 'replayed_operation_count': 0, 'network_bytes': 0, 'flash_write_bytes': 0}}",interrupt_025,0,1,False,0,0,0,0,1,False,"Synthetic fixture; no Autoware source code, no proprietary AV software, and no third-party model weights",16384,/tmp/smartota-clean-rerun-2942cbd-copy/datasets/manifests/smartota-automotive.json,1,9116,/home/arpan/OTA/.cursor-tutor/ota_environment/data/raw/automotive/autoware-style-perception/autoware-style-perception-new.tar,/home/arpan/OTA/.cursor-tutor/ota_environment/data/raw/automotive/autoware-style-perception/autoware-style-perception-new.tar,2c89afcb33f91f3a249c50a92cc652778c267a28f5cb05ac69605cb2f2ba7053,51200,/home/arpan/OTA/.cursor-tutor/ota_environment/data/raw/automotive/autoware-style-perception/autoware-style-perception-old.tar,/home/arpan/OTA/.cursor-tutor/ota_environment/data/raw/automotive/autoware-style-perception/autoware-style-perception-old.tar,53b13f0789ba85473f97c99d58ed0f4ef7c089cd0ac979a5cd3fe7e62fde6e3f,40960,,,6,,7,,autoware_style_perception_module_update,copy_delta,CPython,"3.12.7 | packaged by Anaconda, Inc. | (main, Oct  4 2024, 13:27:36) [GCC 11.2.0]",1,,True,True,0.0,False,False,0.016429,0.016429,autoware_style_perception_module_update,1,51200,False,1,Locally generated deterministic fixture inspired by Autoware-style module layout,13,0.018029,2026-07-17T15:45:42.120432+00:00,automotive,True
True,True,True,13,10,True,2c89afcb33f91f3a249c50a92cc652778c267a28f5cb05ac69605cb2f2ba7053,53b13f0789ba85473f97c99d58ed0f4ef7c089cd0ac979a5cd3fe7e62fde6e3f,autoware_module_tar,backup_safe_copy_delta,4096,4096,0,13,True,True,uncompressed,deterministic_tar_derivation,smartota-automotive,1.2.6,0.26.2,1.26.4,2.20.0,2.12.0,True,True,True,True,B,2c89afcb33f91f3a249c50a92cc652778c267a28f5cb05ac69605cb2f2ba7053,40960,1,True,0,,0,2000000.0,25,True,20000000.0,always_pass,2,realistic,10000000.0,8388608,30.0,True,True,16777216,full_package,25165824,92160,0.037884,30.0,92160,pass,A,53b13f0789ba85473f97c99d58ed0f4ef7c089cd0ac979a5cd3fe7e62fde6e3f,complete,0.006871,51200,0,2,75768,75768,167928,9116,False,1,False,False,True,False,16777216,51200,False,1,0,0.044755,0,autoware_style_av_stack,30.0,0.027679,75768,23,2942cbde2fd344cccea23aabbe8d5bf168610c71,False,0.25,"{'interruption_percentage': 0.25, 'interrupted_after_operations': 6, 'operation_count': 23, 'checkpoint_available': False, 'checkpoint_operation_index': 0, 'resumed_from_checkpoint': False, 'recovery_strategy': 'rollback_reinstall', 'recovery_success': True, 'rollback_success': True, 'rollback_ready_at_interruption': True, 'final_replay_validity': True, 'replay_errors': '', 'recovery_errors': '', 'extra_network_bytes': 12132, 'extra_flash_writes': 24576, 'total_network_bytes': 87900, 'total_flash_write_bytes': 116736, 'interrupted_metrics': {'install_state': 'interrupted', 'package_size_bytes': 12132, 'network_bytes': 12132, 'staging_area_bytes': 12132, 'backup_area_bytes': 12288, 'installed_image_bytes': 40960, 'current_persistent_storage_bytes': 65380, 'peak_persistent_storage_bytes': 65380, 'peak_ram_bytes': 8589, 'flash_write_bytes': 24576, 'download_time_s': 0.006066, 'install_time_s': 0.002117, 'total_time_s': 0.008183, 'checkpoint_count': 0, 'latest_checkpoint_operation': 0, 'rollback_ready': True, 'unsafe_overwrite_count': 0, 'budget_violation_count': 0, 'budget_violations': [], 'ab_enabled': True, 'active_slot': 'A', 'inactive_slot': 'B', 'active_version': '53b13f0789ba85473f97c99d58ed0f4ef7c089cd0ac979a5cd3fe7e62fde6e3f', 'inactive_version': '53b13f0789ba85473f97c99d58ed0f4ef7c089cd0ac979a5cd3fe7e62fde6e3f', 'slot_capacity_bytes': 16777216, 'boot_attempt_counter': 0, 'max_boot_attempts': 2, 'pending_activation': False, 'health_verdict': 'not_run', 'rollback_performed': False, 'ab_update_valid': False, 'ab_rollback_ready': True, 'slot_storage_bytes': 40960, 'slot_storage_violation': False, 'activation_success': False, 'boot_health_success': False, 'rollback_after_failed_boot': False, 'rollback_success': False, 'reboot_count': 0, 'downtime_seconds': 0.0, 'slot_switch_count': 0}, 'recovered_metrics': {'install_state': 'complete', 'package_size_bytes': 87900, 'network_bytes': 87900, 'staging_area_bytes': 0, 'backup_area_bytes': 40960, 'installed_image_bytes': 51200, 'current_persistent_storage_bytes': 92160, 'peak_persistent_storage_bytes': 167928, 'peak_ram_bytes': 9116, 'flash_write_bytes': 116736, 'download_time_s': 0.04395, 'install_time_s': 0.008988, 'total_time_s': 0.052938, 'checkpoint_count': 1, 'latest_checkpoint_operation': 25, 'rollback_ready': True, 'unsafe_overwrite_count': 0, 'budget_violation_count': 0, 'budget_violations': [], 'ab_enabled': True, 'active_slot': 'B', 'inactive_slot': 'A', 'active_version': '2c89afcb33f91f3a249c50a92cc652778c267a28f5cb05ac69605cb2f2ba7053', 'inactive_version': '53b13f0789ba85473f97c99d58ed0f4ef7c089cd0ac979a5cd3fe7e62fde6e3f', 'slot_capacity_bytes': 16777216, 'boot_attempt_counter': 1, 'max_boot_attempts': 2, 'pending_activation': False, 'health_verdict': 'pass', 'rollback_performed': False, 'ab_update_valid': True, 'ab_rollback_ready': True, 'slot_storage_bytes': 51200, 'slot_storage_violation': False, 'activation_success': True, 'boot_health_success': True, 'rollback_after_failed_boot': False, 'rollback_success': False, 'reboot_count': 1, 'downtime_seconds': 30.0, 'slot_switch_count': 1}, 'recovery_cost': {'discarded_operation_count': 6, 'replayed_operation_count': 23, 'network_bytes': 75768, 'flash_write_bytes': 92160}}",interrupt_025,0,0,True,24576,12132,23,1,1,False,"Synthetic fixture; no Autoware source code, no proprietary AV software, and no third-party model weights",16384,/tmp/smartota-clean-rerun-2942cbd-copy/datasets/manifests/smartota-automotive.json,1,9116,/home/arpan/OTA/.cursor-tutor/ota_environment/data/raw/automotive/autoware-style-perception/autoware-style-perception-new.tar,/home/arpan/OTA/.cursor-tutor/ota_environment/data/raw/automotive/autoware-style-perception/autoware-style-perception-new.tar,2c89afcb33f91f3a249c50a92cc652778c267a28f5cb05ac69605cb2f2ba7053,51200,/home/arpan/OTA/.cursor-tutor/ota_environment/data/raw/automotive/autoware-style-perception/autoware-style-perception-old.tar,/home/arpan/OTA/.cursor-tutor/ota_environment/data/raw/automotive/autoware-style-perception/autoware-style-perception-old.tar,53b13f0789ba85473f97c99d58ed0f4ef7c089cd0ac979a5cd3fe7e62fde6e3f,40960,10,1,5,,7,,autoware_style_perception_module_update,backup_safe_copy_delta,CPython,"3.12.7 | packaged by Anaconda, Inc. | (main, Oct  4 2024, 13:27:36) [GCC 11.2.0]",1,,True,True,0.0,False,False,0.027679,0.027679,autoware_style_perception_module_update,1,51200,False,1,Locally generated deterministic fixture inspired by Autoware-style module layout,23,0.031355,2026-07-17T15:45:42.120432+00:00,automotive,True
True,True,True,13,10,True,2c89afcb33f91f3a249c50a92cc652778c267a28f5cb05ac69605cb2f2ba7053,53b13f0789ba85473f97c99d58ed0f4ef7c089cd0ac979a5cd3fe7e62fde6e3f,autoware_module_tar,deployment_aware_greedy,4096,4096,0,13,True,True,uncompressed,deterministic_tar_derivation,smartota-automotive,1.2.6,0.26.2,1.26.4,2.20.0,2.12.0,True,True,True,True,B,2c89afcb33f91f3a249c50a92cc652778c267a28f5cb05ac69605cb2f2ba7053,40960,1,True,0,,0,2000000.0,25,True,20000000.0,always_pass,2,realistic,10000000.0,8388608,30.0,True,True,16777216,full_package,25165824,92160,0.037884,30.0,92160,pass,A,53b13f0789ba85473f97c99d58ed0f4ef7c089cd0ac979a5cd3fe7e62fde6e3f,complete,0.006871,51200,0,2,75768,75768,167928,9116,False,1,False,False,True,False,16777216,51200,False,1,0,0.044755,0,autoware_style_av_stack,30.0,0.028476,75768,23,2942cbde2fd344cccea23aabbe8d5bf168610c71,False,0.25,"{'interruption_percentage': 0.25, 'interrupted_after_operations': 6, 'operation_count': 23, 'checkpoint_available': False, 'checkpoint_operation_index': 0, 'resumed_from_checkpoint': False, 'recovery_strategy': 'rollback_reinstall', 'recovery_success': True, 'rollback_success': True, 'rollback_ready_at_interruption': True, 'final_replay_validity': True, 'replay_errors': '', 'recovery_errors': '', 'extra_network_bytes': 12132, 'extra_flash_writes': 24576, 'total_network_bytes': 87900, 'total_flash_write_bytes': 116736, 'interrupted_metrics': {'install_state': 'interrupted', 'package_size_bytes': 12132, 'network_bytes': 12132, 'staging_area_bytes': 12132, 'backup_area_bytes': 12288, 'installed_image_bytes': 40960, 'current_persistent_storage_bytes': 65380, 'peak_persistent_storage_bytes': 65380, 'peak_ram_bytes': 8589, 'flash_write_bytes': 24576, 'download_time_s': 0.006066, 'install_time_s': 0.002117, 'total_time_s': 0.008183, 'checkpoint_count': 0, 'latest_checkpoint_operation': 0, 'rollback_ready': True, 'unsafe_overwrite_count': 0, 'budget_violation_count': 0, 'budget_violations': [], 'ab_enabled': True, 'active_slot': 'A', 'inactive_slot': 'B', 'active_version': '53b13f0789ba85473f97c99d58ed0f4ef7c089cd0ac979a5cd3fe7e62fde6e3f', 'inactive_version': '53b13f0789ba85473f97c99d58ed0f4ef7c089cd0ac979a5cd3fe7e62fde6e3f', 'slot_capacity_bytes': 16777216, 'boot_attempt_counter': 0, 'max_boot_attempts': 2, 'pending_activation': False, 'health_verdict': 'not_run', 'rollback_performed': False, 'ab_update_valid': False, 'ab_rollback_ready': True, 'slot_storage_bytes': 40960, 'slot_storage_violation': False, 'activation_success': False, 'boot_health_success': False, 'rollback_after_failed_boot': False, 'rollback_success': False, 'reboot_count': 0, 'downtime_seconds': 0.0, 'slot_switch_count': 0}, 'recovered_metrics': {'install_state': 'complete', 'package_size_bytes': 87900, 'network_bytes': 87900, 'staging_area_bytes': 0, 'backup_area_bytes': 40960, 'installed_image_bytes': 51200, 'current_persistent_storage_bytes': 92160, 'peak_persistent_storage_bytes': 167928, 'peak_ram_bytes': 9116, 'flash_write_bytes': 116736, 'download_time_s': 0.04395, 'install_time_s': 0.008988, 'total_time_s': 0.052938, 'checkpoint_count': 1, 'latest_checkpoint_operation': 25, 'rollback_ready': True, 'unsafe_overwrite_count': 0, 'budget_violation_count': 0, 'budget_violations': [], 'ab_enabled': True, 'active_slot': 'B', 'inactive_slot': 'A', 'active_version': '2c89afcb33f91f3a249c50a92cc652778c267a28f5cb05ac69605cb2f2ba7053', 'inactive_version': '53b13f0789ba85473f97c99d58ed0f4ef7c089cd0ac979a5cd3fe7e62fde6e3f', 'slot_capacity_bytes': 16777216, 'boot_attempt_counter': 1, 'max_boot_attempts': 2, 'pending_activation': False, 'health_verdict': 'pass', 'rollback_performed': False, 'ab_update_valid': True, 'ab_rollback_ready': True, 'slot_storage_bytes': 51200, 'slot_storage_violation': False, 'activation_success': True, 'boot_health_success': True, 'rollback_after_failed_boot': False, 'rollback_success': False, 'reboot_count': 1, 'downtime_seconds': 30.0, 'slot_switch_count': 1}, 'recovery_cost': {'discarded_operation_count': 6, 'replayed_operation_count': 23, 'network_bytes': 75768, 'flash_write_bytes': 92160}}",interrupt_025,0,0,True,24576,12132,23,1,1,False,"Synthetic fixture; no Autoware source code, no proprietary AV software, and no third-party model weights",16384,/tmp/smartota-clean-rerun-2942cbd-copy/datasets/manifests/smartota-automotive.json,1,9116,/home/arpan/OTA/.cursor-tutor/ota_environment/data/raw/automotive/autoware-style-perception/autoware-style-perception-new.tar,/home/arpan/OTA/.cursor-tutor/ota_environment/data/raw/automotive/autoware-style-perception/autoware-style-perception-new.tar,2c89afcb33f91f3a249c50a92cc652778c267a28f5cb05ac69605cb2f2ba7053,51200,/home/arpan/OTA/.cursor-tutor/ota_environment/data/raw/automotive/autoware-style-perception/autoware-style-perception-old.tar,/home/arpan/OTA/.cursor-tutor/ota_environment/data/raw/automotive/autoware-style-perception/autoware-style-perception-old.tar,53b13f0789ba85473f97c99d58ed0f4ef7c089cd0ac979a5cd3fe7e62fde6e3f,40960,10,1,5,,7,,autoware_style_perception_module_update,deployment_aware_greedy,CPython,"3.12.7 | packaged by Anaconda, Inc. | (main, Oct  4 2024, 13:27:36) [GCC 11.2.0]",1,,True,True,0.0,False,False,0.028476,0.028476,autoware_style_perception_module_update,1,51200,False,1,Locally generated deterministic fixture inspired by Autoware-style module layout,23,0.032125,2026-07-17T15:45:42.120432+00:00,automotive,True
True,True,True,13,0,True,2c89afcb33f91f3a249c50a92cc652778c267a28f5cb05ac69605cb2f2ba7053,53b13f0789ba85473f97c99d58ed0f4ef7c089cd0ac979a5cd3fe7e62fde6e3f,autoware_module_tar,rsync_rolling_hash,4096,4096,0,13,True,True,uncompressed,deterministic_tar_derivation,smartota-automotive,1.2.6,0.26.2,1.26.4,2.20.0,2.12.0,True,True,True,True,B,2c89afcb33f91f3a249c50a92cc652778c267a28f5cb05ac69605cb2f2ba7053,0,1,True,0,,0,2000000.0,25,True,20000000.0,always_pass,2,realistic,10000000.0,8388608,30.0,True,True,16777216,full_package,25165824,51200,0.060993,30.0,51200,pass,A,53b13f0789ba85473f97c99d58ed0f4ef7c089cd0ac979a5cd3fe7e62fde6e3f,complete,0.00256,51200,0,2,121986,121986,173186,4096,False,1,False,False,False,False,16777216,51200,False,1,0,0.063553,10,autoware_style_av_stack,30.0,0.011943,121986,13,2942cbde2fd344cccea23aabbe8d5bf168610c71,False,0.25,"{'interruption_percentage': 0.25, 'interrupted_after_operations': 4, 'operation_count': 13, 'checkpoint_available': False, 'checkpoint_operation_index': 0, 'resumed_from_checkpoint': False, 'recovery_strategy': 'failed', 'recovery_success': False, 'rollback_success': False, 'rollback_ready_at_interruption': False, 'final_replay_validity': False, 'replay_errors': '', 'recovery_errors': 'no checkpoint and rollback is not ready', 'extra_network_bytes': 0, 'extra_flash_writes': 0, 'total_network_bytes': 39004, 'total_flash_write_bytes': 16384, 'interrupted_metrics': {'install_state': 'interrupted', 'package_size_bytes': 39004, 'network_bytes': 39004, 'staging_area_bytes': 39004, 'backup_area_bytes': 0, 'installed_image_bytes': 40960, 'current_persistent_storage_bytes': 79964, 'peak_persistent_storage_bytes': 79964, 'peak_ram_bytes': 4096, 'flash_write_bytes': 16384, 'download_time_s': 0.019502, 'install_time_s': 0.000819, 'total_time_s': 0.020321, 'checkpoint_count': 0, 'latest_checkpoint_operation': 0, 'rollback_ready': False, 'unsafe_overwrite_count': 4, 'budget_violation_count': 0, 'budget_violations': [], 'ab_enabled': True, 'active_slot': 'A', 'inactive_slot': 'B', 'active_version': '53b13f0789ba85473f97c99d58ed0f4ef7c089cd0ac979a5cd3fe7e62fde6e3f', 'inactive_version': '53b13f0789ba85473f97c99d58ed0f4ef7c089cd0ac979a5cd3fe7e62fde6e3f', 'slot_capacity_bytes': 16777216, 'boot_attempt_counter': 0, 'max_boot_attempts': 2, 'pending_activation': False, 'health_verdict': 'not_run', 'rollback_performed': False, 'ab_update_valid': False, 'ab_rollback_ready': True, 'slot_storage_bytes': 40960, 'slot_storage_violation': False, 'activation_success': False, 'boot_health_success': False, 'rollback_after_failed_boot': False, 'rollback_success': False, 'reboot_count': 0, 'downtime_seconds': 0.0, 'slot_switch_count': 0}, 'recovered_metrics': {}, 'recovery_cost': {'discarded_operation_count': 4, 'replayed_operation_count': 0, 'network_bytes': 0, 'flash_write_bytes': 0}}",interrupt_025,0,1,False,0,0,0,0,1,False,"Synthetic fixture; no Autoware source code, no proprietary AV software, and no third-party model weights",16384,/tmp/smartota-clean-rerun-2942cbd-copy/datasets/manifests/smartota-automotive.json,1,4096,/home/arpan/OTA/.cursor-tutor/ota_environment/data/raw/automotive/autoware-style-perception/autoware-style-perception-new.tar,/home/arpan/OTA/.cursor-tutor/ota_environment/data/raw/automotive/autoware-style-perception/autoware-style-perception-new.tar,2c89afcb33f91f3a249c50a92cc652778c267a28f5cb05ac69605cb2f2ba7053,51200,/home/arpan/OTA/.cursor-tutor/ota_environment/data/raw/automotive/autoware-style-perception/autoware-style-perception-old.tar,/home/arpan/OTA/.cursor-tutor/ota_environment/data/raw/automotive/autoware-style-perception/autoware-style-perception-old.tar,53b13f0789ba85473f97c99d58ed0f4ef7c089cd0ac979a5cd3fe7e62fde6e3f,40960,,,,,13,,autoware_style_perception_module_update,rsync_rolling_hash,CPython,"3.12.7 | packaged by Anaconda, Inc. | (main, Oct  4 2024, 13:27:36) [GCC 11.2.0]",1,,True,True,0.0,False,False,0.011943,0.011943,autoware_style_perception_module_update,1,51200,False,1,Locally generated deterministic fixture inspired by Autoware-style module layout,13,0.013208,2026-07-17T15:45:42.120432+00:00,automotive,True
True,True,True,2,0,True,2c89afcb33f91f3a249c50a92cc652778c267a28f5cb05ac69605cb2f2ba7053,53b13f0789ba85473f97c99d58ed0f4ef7c089cd0ac979a5cd3fe7e62fde6e3f,autoware_module_tar,full_replacement,4096,4096,0,13,True,True,uncompressed,deterministic_tar_derivation,smartota-automotive,1.2.6,0.26.2,1.26.4,2.20.0,2.12.0,True,True,True,True,B,2c89afcb33f91f3a249c50a92cc652778c267a28f5cb05ac69605cb2f2ba7053,0,1,True,0,,0,2000000.0,25,True,20000000.0,always_pass,2,realistic,10000000.0,8388608,30.0,True,True,16777216,full_package,25165824,51200,0.059882,30.0,51200,pass,A,53b13f0789ba85473f97c99d58ed0f4ef7c089cd0ac979a5cd3fe7e62fde6e3f,complete,0.00256,51200,0,2,119763,119763,207827,51200,False,1,False,False,False,False,16777216,51200,False,1,0,0.062442,1,autoware_style_av_stack,30.0,0.000937,119763,2,2942cbde2fd344cccea23aabbe8d5bf168610c71,False,0.5,"{'interruption_percentage': 0.5, 'interrupted_after_operations': 1, 'operation_count': 2, 'checkpoint_available': False, 'checkpoint_operation_index': 0, 'resumed_from_checkpoint': False, 'recovery_strategy': 'failed', 'recovery_success': False, 'rollback_success': False, 'rollback_ready_at_interruption': False, 'final_replay_validity': False, 'replay_errors': '', 'recovery_errors': 'no checkpoint and rollback is not ready', 'extra_network_bytes': 0, 'extra_flash_writes': 0, 'total_network_bytes': 119659, 'total_flash_write_bytes': 51200, 'interrupted_metrics': {'install_state': 'interrupted', 'package_size_bytes': 119659, 'network_bytes': 119659, 'staging_area_bytes': 119659, 'backup_area_bytes': 0, 'installed_image_bytes': 88064, 'current_persistent_storage_bytes': 207723, 'peak_persistent_storage_bytes': 207723, 'peak_ram_bytes': 51200, 'flash_write_bytes': 51200, 'download_time_s': 0.05983, 'install_time_s': 0.00256, 'total_time_s': 0.06239, 'checkpoint_count': 0, 'latest_checkpoint_operation': 0, 'rollback_ready': False, 'unsafe_overwrite_count': 1, 'budget_violation_count': 0, 'budget_violations': [], 'ab_enabled': True, 'active_slot': 'A', 'inactive_slot': 'B', 'active_version': '53b13f0789ba85473f97c99d58ed0f4ef7c089cd0ac979a5cd3fe7e62fde6e3f', 'inactive_version': '53b13f0789ba85473f97c99d58ed0f4ef7c089cd0ac979a5cd3fe7e62fde6e3f', 'slot_capacity_bytes': 16777216, 'boot_attempt_counter': 0, 'max_boot_attempts': 2, 'pending_activation': False, 'health_verdict': 'not_run', 'rollback_performed': False, 'ab_update_valid': False, 'ab_rollback_ready': True, 'slot_storage_bytes': 40960, 'slot_storage_violation': False, 'activation_success': False, 'boot_health_success': False, 'rollback_after_failed_boot': False, 'rollback_success': False, 'reboot_count': 0, 'downtime_seconds': 0.0, 'slot_switch_count': 0}, 'recovered_metrics': {}, 'recovery_cost': {'discarded_operation_count': 1, 'replayed_operation_count': 0, 'network_bytes': 0, 'flash_write_bytes': 0}}",interrupt_050,0,1,False,0,0,0,0,1,False,"Synthetic fixture; no Autoware source code, no proprietary AV software, and no third-party model weights",16384,/tmp/smartota-clean-rerun-2942cbd-copy/datasets/manifests/smartota-automotive.json,1,51200,/home/arpan/OTA/.cursor-tutor/ota_environment/data/raw/automotive/autoware-style-perception/autoware-style-perception-new.tar,/home/arpan/OTA/.cursor-tutor/ota_environment/data/raw/automotive/autoware-style-perception/autoware-style-perception-new.tar,2c89afcb33f91f3a249c50a92cc652778c267a28f5cb05ac69605cb2f2ba7053,51200,/home/arpan/OTA/.cursor-tutor/ota_environment/data/raw/automotive/autoware-style-perception/autoware-style-perception-old.tar,/home/arpan/OTA/.cursor-tutor/ota_environment/data/raw/automotive/autoware-style-perception/autoware-style-perception-old.tar,53b13f0789ba85473f97c99d58ed0f4ef7c089cd0ac979a5cd3fe7e62fde6e3f,40960,,,,,1,1,autoware_style_perception_module_update,full_replacement,CPython,"3.12.7 | packaged by Anaconda, Inc. | (main, Oct  4 2024, 13:27:36) [GCC 11.2.0]",1,,True,True,0.0,False,False,0.000937,0.000937,autoware_style_perception_module_update,1,51200,False,1,Locally generated deterministic fixture inspired by Autoware-style module layout,2,0.002385,2026-07-17T15:45:42.120432+00:00,automotive,True
True,True,True,2,0,True,2c89afcb33f91f3a249c50a92cc652778c267a28f5cb05ac69605cb2f2ba7053,53b13f0789ba85473f97c99d58ed0f4ef7c089cd0ac979a5cd3fe7e62fde6e3f,autoware_module_tar,whole_file_bsdiff,4096,4096,0,13,True,True,uncompressed,deterministic_tar_derivation,smartota-automotive,1.2.6,0.26.2,1.26.4,2.20.0,2.12.0,True,True,True,True,B,2c89afcb33f91f3a249c50a92cc652778c267a28f5cb05ac69605cb2f2ba7053,0,1,True,0,,0,2000000.0,25,True,20000000.0,always_pass,2,realistic,10000000.0,8388608,30.0,True,True,16777216,full_package,25165824,51200,0.035108,30.0,51200,pass,A,53b13f0789ba85473f97c99d58ed0f4ef7c089cd0ac979a5cd3fe7e62fde6e3f,complete,0.009651,51200,0,2,70216,70216,158280,122106,False,1,False,False,False,False,16777216,51200,False,1,0,0.044759,1,autoware_style_av_stack,30.0,0.014147,70216,2,2942cbde2fd344cccea23aabbe8d5bf168610c71,False,0.5,"{'interruption_percentage': 0.5, 'interrupted_after_operations': 1, 'operation_count': 2, 'checkpoint_available': False, 'checkpoint_operation_index': 0, 'resumed_from_checkpoint': False, 'recovery_strategy': 'failed', 'recovery_success': False, 'rollback_success': False, 'rollback_ready_at_interruption': False, 'final_replay_validity': False, 'replay_errors': '', 'recovery_errors': 'no checkpoint and rollback is not ready', 'extra_network_bytes': 0, 'extra_flash_writes': 0, 'total_network_bytes': 70112, 'total_flash_write_bytes': 51200, 'interrupted_metrics': {'install_state': 'interrupted', 'package_size_bytes': 70112, 'network_bytes': 70112, 'staging_area_bytes': 70112, 'backup_area_bytes': 0, 'installed_image_bytes': 88064, 'current_persistent_storage_bytes': 158176, 'peak_persistent_storage_bytes': 158176, 'peak_ram_bytes': 122106, 'flash_write_bytes': 51200, 'download_time_s': 0.035056, 'install_time_s': 0.009651, 'total_time_s': 0.044707, 'checkpoint_count': 0, 'latest_checkpoint_operation': 0, 'rollback_ready': False, 'unsafe_overwrite_count': 1, 'budget_violation_count': 0, 'budget_violations': [], 'ab_enabled': True, 'active_slot': 'A', 'inactive_slot': 'B', 'active_version': '53b13f0789ba85473f97c99d58ed0f4ef7c089cd0ac979a5cd3fe7e62fde6e3f', 'inactive_version': '53b13f0789ba85473f97c99d58ed0f4ef7c089cd0ac979a5cd3fe7e62fde6e3f', 'slot_capacity_bytes': 16777216, 'boot_attempt_counter': 0, 'max_boot_attempts': 2, 'pending_activation': False, 'health_verdict': 'not_run', 'rollback_performed': False, 'ab_update_valid': False, 'ab_rollback_ready': True, 'slot_storage_bytes': 40960, 'slot_storage_violation': False, 'activation_success': False, 'boot_health_success': False, 'rollback_after_failed_boot': False, 'rollback_success': False, 'reboot_count': 0, 'downtime_seconds': 0.0, 'slot_switch_count': 0}, 'recovered_metrics': {}, 'recovery_cost': {'discarded_operation_count': 1, 'replayed_operation_count': 0, 'network_bytes': 0, 'flash_write_bytes': 0}}",interrupt_050,0,1,False,0,0,0,0,1,False,"Synthetic fixture; no Autoware source code, no proprietary AV software, and no third-party model weights",16384,/tmp/smartota-clean-rerun-2942cbd-copy/datasets/manifests/smartota-automotive.json,1,122106,/home/arpan/OTA/.cursor-tutor/ota_environment/data/raw/automotive/autoware-style-perception/autoware-style-perception-new.tar,/home/arpan/OTA/.cursor-tutor/ota_environment/data/raw/automotive/autoware-style-perception/autoware-style-perception-new.tar,2c89afcb33f91f3a249c50a92cc652778c267a28f5cb05ac69605cb2f2ba7053,51200,/home/arpan/OTA/.cursor-tutor/ota_environment/data/raw/automotive/autoware-style-perception/autoware-style-perception-old.tar,/home/arpan/OTA/.cursor-tutor/ota_environment/data/raw/automotive/autoware-style-perception/autoware-style-perception-old.tar,53b13f0789ba85473f97c99d58ed0f4ef7c089cd0ac979a5cd3fe7e62fde6e3f,40960,,,1,,,1,autoware_style_perception_module_update,whole_file_bsdiff,CPython,"3.12.7 | packaged by Anaconda, Inc. | (main, Oct  4 2024, 13:27:36) [GCC 11.2.0]",1,,True,True,0.0,False,False,0.014147,0.014147,autoware_style_perception_module_update,1,51200,False,1,Locally generated deterministic fixture inspired by Autoware-style module layout,2,0.018146,2026-07-17T15:45:42.120432+00:00,automotive,True
True,True,True,13,0,True,2c89afcb33f91f3a249c50a92cc652778c267a28f5cb05ac69605cb2f2ba7053,53b13f0789ba85473f97c99d58ed0f4ef7c089cd0ac979a5cd3fe7e62fde6e3f,autoware_module_tar,blockwise_bsdiff,4096,4096,0,13,True,True,uncompressed,deterministic_tar_derivation,smartota-automotive,1.2.6,0.26.2,1.26.4,2.20.0,2.12.0,True,True,True,True,B,2c89afcb33f91f3a249c50a92cc652778c267a28f5cb05ac69605cb2f2ba7053,0,1,True,0,,0,2000000.0,25,True,20000000.0,always_pass,2,realistic,10000000.0,8388608,30.0,True,True,16777216,full_package,25165824,51200,0.053346,30.0,51200,pass,A,53b13f0789ba85473f97c99d58ed0f4ef7c089cd0ac979a5cd3fe7e62fde6e3f,complete,0.010086,51200,0,2,106692,106692,157892,12890,False,1,False,False,False,False,16777216,51200,False,1,0,0.063432,10,autoware_style_av_stack,30.0,0.015244,106692,13,2942cbde2fd344cccea23aabbe8d5bf168610c71,False,0.5,"{'interruption_percentage': 0.5, 'interrupted_after_operations': 7, 'operation_count': 13, 'checkpoint_available': False, 'checkpoint_operation_index': 0, 'resumed_from_checkpoint': False, 'recovery_strategy': 'failed', 'recovery_success': False, 'rollback_success': False, 'rollback_ready_at_interruption': False, 'final_replay_validity': False, 'replay_errors': '', 'recovery_errors': 'no checkpoint and rollback is not ready', 'extra_network_bytes': 0, 'extra_flash_writes': 0, 'total_network_bytes': 57574, 'total_flash_write_bytes': 28672, 'interrupted_metrics': {'install_state': 'interrupted', 'package_size_bytes': 57574, 'network_bytes': 57574, 'staging_area_bytes': 57574, 'backup_area_bytes': 0, 'installed_image_bytes': 40960, 'current_persistent_storage_bytes': 98534, 'peak_persistent_storage_bytes': 98534, 'peak_ram_bytes': 12890, 'flash_write_bytes': 28672, 'download_time_s': 0.028787, 'install_time_s': 0.006703, 'total_time_s': 0.03549, 'checkpoint_count': 0, 'latest_checkpoint_operation': 0, 'rollback_ready': False, 'unsafe_overwrite_count': 7, 'budget_violation_count': 0, 'budget_violations': [], 'ab_enabled': True, 'active_slot': 'A', 'inactive_slot': 'B', 'active_version': '53b13f0789ba85473f97c99d58ed0f4ef7c089cd0ac979a5cd3fe7e62fde6e3f', 'inactive_version': '53b13f0789ba85473f97c99d58ed0f4ef7c089cd0ac979a5cd3fe7e62fde6e3f', 'slot_capacity_bytes': 16777216, 'boot_attempt_counter': 0, 'max_boot_attempts': 2, 'pending_activation': False, 'health_verdict': 'not_run', 'rollback_performed': False, 'ab_update_valid': False, 'ab_rollback_ready': True, 'slot_storage_bytes': 40960, 'slot_storage_violation': False, 'activation_success': False, 'boot_health_success': False, 'rollback_after_failed_boot': False, 'rollback_success': False, 'reboot_count': 0, 'downtime_seconds': 0.0, 'slot_switch_count': 0}, 'recovered_metrics': {}, 'recovery_cost': {'discarded_operation_count': 7, 'replayed_operation_count': 0, 'network_bytes': 0, 'flash_write_bytes': 0}}",interrupt_050,0,1,False,0,0,0,0,1,False,"Synthetic fixture; no Autoware source code, no proprietary AV software, and no third-party model weights",16384,/tmp/smartota-clean-rerun-2942cbd-copy/datasets/manifests/smartota-automotive.json,1,12890,/home/arpan/OTA/.cursor-tutor/ota_environment/data/raw/automotive/autoware-style-perception/autoware-style-perception-new.tar,/home/arpan/OTA/.cursor-tutor/ota_environment/data/raw/automotive/autoware-style-perception/autoware-style-perception-new.tar,2c89afcb33f91f3a249c50a92cc652778c267a28f5cb05ac69605cb2f2ba7053,51200,/home/arpan/OTA/.cursor-tutor/ota_environment/data/raw/automotive/autoware-style-perception/autoware-style-perception-old.tar,/home/arpan/OTA/.cursor-tutor/ota_environment/data/raw/automotive/autoware-style-perception/autoware-style-perception-old.tar,53b13f0789ba85473f97c99d58ed0f4ef7c089cd0ac979a5cd3fe7e62fde6e3f,40960,,,10,,3,,autoware_style_perception_module_update,blockwise_bsdiff,CPython,"3.12.7 | packaged by Anaconda, Inc. | (main, Oct  4 2024, 13:27:36) [GCC 11.2.0]",1,,True,True,0.0,False,False,0.015244,0.015244,autoware_style_perception_module_update,1,51200,False,1,Locally generated deterministic fixture inspired by Autoware-style module layout,13,0.019719,2026-07-17T15:45:42.120432+00:00,automotive,True
True,True,True,13,0,True,2c89afcb33f91f3a249c50a92cc652778c267a28f5cb05ac69605cb2f2ba7053,53b13f0789ba85473f97c99d58ed0f4ef7c089cd0ac979a5cd3fe7e62fde6e3f,autoware_module_tar,copy_only,4096,4096,0,13,True,True,uncompressed,deterministic_tar_derivation,smartota-automotive,1.2.6,0.26.2,1.26.4,2.20.0,2.12.0,True,True,True,True,B,2c89afcb33f91f3a249c50a92cc652778c267a28f5cb05ac69605cb2f2ba7053,0,1,True,0,,0,2000000.0,25,True,20000000.0,always_pass,2,realistic,10000000.0,8388608,30.0,True,True,16777216,full_package,25165824,51200,0.060993,30.0,51200,pass,A,53b13f0789ba85473f97c99d58ed0f4ef7c089cd0ac979a5cd3fe7e62fde6e3f,complete,0.00256,51200,0,2,121986,121986,173186,4096,False,1,False,False,False,False,16777216,51200,False,1,0,0.063553,10,autoware_style_av_stack,30.0,0.001262,121986,13,2942cbde2fd344cccea23aabbe8d5bf168610c71,False,0.5,"{'interruption_percentage': 0.5, 'interrupted_after_operations': 7, 'operation_count': 13, 'checkpoint_available': False, 'checkpoint_operation_index': 0, 'resumed_from_checkpoint': False, 'recovery_strategy': 'failed', 'recovery_success': False, 'rollback_success': False, 'rollback_ready_at_interruption': False, 'final_replay_validity': False, 'replay_errors': '', 'recovery_errors': 'no checkpoint and rollback is not ready', 'extra_network_bytes': 0, 'extra_flash_writes': 0, 'total_network_bytes': 68257, 'total_flash_write_bytes': 28672, 'interrupted_metrics': {'install_state': 'interrupted', 'package_size_bytes': 68257, 'network_bytes': 68257, 'staging_area_bytes': 68257, 'backup_area_bytes': 0, 'installed_image_bytes': 40960, 'current_persistent_storage_bytes': 109217, 'peak_persistent_storage_bytes': 109217, 'peak_ram_bytes': 4096, 'flash_write_bytes': 28672, 'download_time_s': 0.034128, 'install_time_s': 0.001434, 'total_time_s': 0.035562, 'checkpoint_count': 0, 'latest_checkpoint_operation': 0, 'rollback_ready': False, 'unsafe_overwrite_count': 7, 'budget_violation_count': 0, 'budget_violations': [], 'ab_enabled': True, 'active_slot': 'A', 'inactive_slot': 'B', 'active_version': '53b13f0789ba85473f97c99d58ed0f4ef7c089cd0ac979a5cd3fe7e62fde6e3f', 'inactive_version': '53b13f0789ba85473f97c99d58ed0f4ef7c089cd0ac979a5cd3fe7e62fde6e3f', 'slot_capacity_bytes': 16777216, 'boot_attempt_counter': 0, 'max_boot_attempts': 2, 'pending_activation': False, 'health_verdict': 'not_run', 'rollback_performed': False, 'ab_update_valid': False, 'ab_rollback_ready': True, 'slot_storage_bytes': 40960, 'slot_storage_violation': False, 'activation_success': False, 'boot_health_success': False, 'rollback_after_failed_boot': False, 'rollback_success': False, 'reboot_count': 0, 'downtime_seconds': 0.0, 'slot_switch_count': 0}, 'recovered_metrics': {}, 'recovery_cost': {'discarded_operation_count': 7, 'replayed_operation_count': 0, 'network_bytes': 0, 'flash_write_bytes': 0}}",interrupt_050,0,1,False,0,0,0,0,1,False,"Synthetic fixture; no Autoware source code, no proprietary AV software, and no third-party model weights",16384,/tmp/smartota-clean-rerun-2942cbd-copy/datasets/manifests/smartota-automotive.json,1,4096,/home/arpan/OTA/.cursor-tutor/ota_environment/data/raw/automotive/autoware-style-perception/autoware-style-perception-new.tar,/home/arpan/OTA/.cursor-tutor/ota_environment/data/raw/automotive/autoware-style-perception/autoware-style-perception-new.tar,2c89afcb33f91f3a249c50a92cc652778c267a28f5cb05ac69605cb2f2ba7053,51200,/home/arpan/OTA/.cursor-tutor/ota_environment/data/raw/automotive/autoware-style-perception/autoware-style-perception-old.tar,/home/arpan/OTA/.cursor-tutor/ota_environment/data/raw/automotive/autoware-style-perception/autoware-style-perception-old.tar,53b13f0789ba85473f97c99d58ed0f4ef7c089cd0ac979a5cd3fe7e62fde6e3f,40960,,,,,13,,autoware_style_perception_module_update,copy_only,CPython,"3.12.7 | packaged by Anaconda, Inc. | (main, Oct  4 2024, 13:27:36) [GCC 11.2.0]",1,,True,True,0.0,False,False,0.001262,0.001262,autoware_style_perception_module_update,1,51200,False,1,Locally generated deterministic fixture inspired by Autoware-style module layout,13,0.002612,2026-07-17T15:45:42.120432+00:00,automotive,True
True,True,True,13,0,True,2c89afcb33f91f3a249c50a92cc652778c267a28f5cb05ac69605cb2f2ba7053,53b13f0789ba85473f97c99d58ed0f4ef7c089cd0ac979a5cd3fe7e62fde6e3f,autoware_module_tar,copy_delta,4096,4096,0,13,True,True,uncompressed,deterministic_tar_derivation,smartota-automotive,1.2.6,0.26.2,1.26.4,2.20.0,2.12.0,True,True,True,True,B,2c89afcb33f91f3a249c50a92cc652778c267a28f5cb05ac69605cb2f2ba7053,0,1,True,0,,0,2000000.0,25,True,20000000.0,always_pass,2,realistic,10000000.0,8388608,30.0,True,True,16777216,full_package,25165824,51200,0.037646,30.0,51200,pass,A,53b13f0789ba85473f97c99d58ed0f4ef7c089cd0ac979a5cd3fe7e62fde6e3f,complete,0.005263,51200,0,2,75292,75292,126492,9116,False,1,False,False,False,False,16777216,51200,False,1,0,0.042909,10,autoware_style_av_stack,30.0,0.016274,75292,13,2942cbde2fd344cccea23aabbe8d5bf168610c71,False,0.5,"{'interruption_percentage': 0.5, 'interrupted_after_operations': 7, 'operation_count': 13, 'checkpoint_available': False, 'checkpoint_operation_index': 0, 'resumed_from_checkpoint': False, 'recovery_strategy': 'failed', 'recovery_success': False, 'rollback_success': False, 'rollback_ready_at_interruption': False, 'final_replay_validity': False, 'replay_errors': '', 'recovery_errors': 'no checkpoint and rollback is not ready', 'extra_network_bytes': 0, 'extra_flash_writes': 0, 'total_network_bytes': 50788, 'total_flash_write_bytes': 28672, 'interrupted_metrics': {'install_state': 'interrupted', 'package_size_bytes': 50788, 'network_bytes': 50788, 'staging_area_bytes': 50788, 'backup_area_bytes': 0, 'installed_image_bytes': 40960, 'current_persistent_storage_bytes': 91748, 'peak_persistent_storage_bytes': 91748, 'peak_ram_bytes': 8589, 'flash_write_bytes': 28672, 'download_time_s': 0.025394, 'install_time_s': 0.002321, 'total_time_s': 0.027715, 'checkpoint_count': 0, 'latest_checkpoint_operation': 0, 'rollback_ready': False, 'unsafe_overwrite_count': 7, 'budget_violation_count': 0, 'budget_violations': [], 'ab_enabled': True, 'active_slot': 'A', 'inactive_slot': 'B', 'active_version': '53b13f0789ba85473f97c99d58ed0f4ef7c089cd0ac979a5cd3fe7e62fde6e3f', 'inactive_version': '53b13f0789ba85473f97c99d58ed0f4ef7c089cd0ac979a5cd3fe7e62fde6e3f', 'slot_capacity_bytes': 16777216, 'boot_attempt_counter': 0, 'max_boot_attempts': 2, 'pending_activation': False, 'health_verdict': 'not_run', 'rollback_performed': False, 'ab_update_valid': False, 'ab_rollback_ready': True, 'slot_storage_bytes': 40960, 'slot_storage_violation': False, 'activation_success': False, 'boot_health_success': False, 'rollback_after_failed_boot': False, 'rollback_success': False, 'reboot_count': 0, 'downtime_seconds': 0.0, 'slot_switch_count': 0}, 'recovered_metrics': {}, 'recovery_cost': {'discarded_operation_count': 7, 'replayed_operation_count': 0, 'network_bytes': 0, 'flash_write_bytes': 0}}",interrupt_050,0,1,False,0,0,0,0,1,False,"Synthetic fixture; no Autoware source code, no proprietary AV software, and no third-party model weights",16384,/tmp/smartota-clean-rerun-2942cbd-copy/datasets/manifests/smartota-automotive.json,1,9116,/home/arpan/OTA/.cursor-tutor/ota_environment/data/raw/automotive/autoware-style-perception/autoware-style-perception-new.tar,/home/arpan/OTA/.cursor-tutor/ota_environment/data/raw/automotive/autoware-style-perception/autoware-style-perception-new.tar,2c89afcb33f91f3a249c50a92cc652778c267a28f5cb05ac69605cb2f2ba7053,51200,/home/arpan/OTA/.cursor-tutor/ota_environment/data/raw/automotive/autoware-style-perception/autoware-style-perception-old.tar,/home/arpan/OTA/.cursor-tutor/ota_environment/data/raw/automotive/autoware-style-perception/autoware-style-perception-old.tar,53b13f0789ba85473f97c99d58ed0f4ef7c089cd0ac979a5cd3fe7e62fde6e3f,40960,,,6,,7,,autoware_style_perception_module_update,copy_delta,CPython,"3.12.7 | packaged by Anaconda, Inc. | (main, Oct  4 2024, 13:27:36) [GCC 11.2.0]",1,,True,True,0.0,False,False,0.016274,0.016274,autoware_style_perception_module_update,1,51200,False,1,Locally generated deterministic fixture inspired by Autoware-style module layout,13,0.017948,2026-07-17T15:45:42.120432+00:00,automotive,True
True,True,True,13,10,True,2c89afcb33f91f3a249c50a92cc652778c267a28f5cb05ac69605cb2f2ba7053,53b13f0789ba85473f97c99d58ed0f4ef7c089cd0ac979a5cd3fe7e62fde6e3f,autoware_module_tar,backup_safe_copy_delta,4096,4096,0,13,True,True,uncompressed,deterministic_tar_derivation,smartota-automotive,1.2.6,0.26.2,1.26.4,2.20.0,2.12.0,True,True,True,True,B,2c89afcb33f91f3a249c50a92cc652778c267a28f5cb05ac69605cb2f2ba7053,40960,1,True,0,,0,2000000.0,25,True,20000000.0,always_pass,2,realistic,10000000.0,8388608,30.0,True,True,16777216,full_package,25165824,92160,0.037884,30.0,92160,pass,A,53b13f0789ba85473f97c99d58ed0f4ef7c089cd0ac979a5cd3fe7e62fde6e3f,complete,0.006871,51200,0,2,75768,75768,167928,9116,False,1,False,False,True,False,16777216,51200,False,1,0,0.044755,0,autoware_style_av_stack,30.0,0.027777,75768,23,2942cbde2fd344cccea23aabbe8d5bf168610c71,False,0.5,"{'interruption_percentage': 0.5, 'interrupted_after_operations': 12, 'operation_count': 23, 'checkpoint_available': False, 'checkpoint_operation_index': 0, 'resumed_from_checkpoint': False, 'recovery_strategy': 'rollback_reinstall', 'recovery_success': True, 'rollback_success': True, 'rollback_ready_at_interruption': True, 'final_replay_validity': True, 'replay_errors': '', 'recovery_errors': '', 'extra_network_bytes': 41733, 'extra_flash_writes': 49152, 'total_network_bytes': 117501, 'total_flash_write_bytes': 141312, 'interrupted_metrics': {'install_state': 'interrupted', 'package_size_bytes': 41733, 'network_bytes': 41733, 'staging_area_bytes': 41733, 'backup_area_bytes': 24576, 'installed_image_bytes': 40960, 'current_persistent_storage_bytes': 107269, 'peak_persistent_storage_bytes': 107269, 'peak_ram_bytes': 8589, 'flash_write_bytes': 49152, 'download_time_s': 0.020866, 'install_time_s': 0.003345, 'total_time_s': 0.024212, 'checkpoint_count': 0, 'latest_checkpoint_operation': 0, 'rollback_ready': True, 'unsafe_overwrite_count': 0, 'budget_violation_count': 0, 'budget_violations': [], 'ab_enabled': True, 'active_slot': 'A', 'inactive_slot': 'B', 'active_version': '53b13f0789ba85473f97c99d58ed0f4ef7c089cd0ac979a5cd3fe7e62fde6e3f', 'inactive_version': '53b13f0789ba85473f97c99d58ed0f4ef7c089cd0ac979a5cd3fe7e62fde6e3f', 'slot_capacity_bytes': 16777216, 'boot_attempt_counter': 0, 'max_boot_attempts': 2, 'pending_activation': False, 'health_verdict': 'not_run', 'rollback_performed': False, 'ab_update_valid': False, 'ab_rollback_ready': True, 'slot_storage_bytes': 40960, 'slot_storage_violation': False, 'activation_success': False, 'boot_health_success': False, 'rollback_after_failed_boot': False, 'rollback_success': False, 'reboot_count': 0, 'downtime_seconds': 0.0, 'slot_switch_count': 0}, 'recovered_metrics': {'install_state': 'complete', 'package_size_bytes': 117501, 'network_bytes': 117501, 'staging_area_bytes': 0, 'backup_area_bytes': 40960, 'installed_image_bytes': 51200, 'current_persistent_storage_bytes': 92160, 'peak_persistent_storage_bytes': 167928, 'peak_ram_bytes': 9116, 'flash_write_bytes': 141312, 'download_time_s': 0.05875, 'install_time_s': 0.010217, 'total_time_s': 0.068967, 'checkpoint_count': 1, 'latest_checkpoint_operation': 25, 'rollback_ready': True, 'unsafe_overwrite_count': 0, 'budget_violation_count': 0, 'budget_violations': [], 'ab_enabled': True, 'active_slot': 'B', 'inactive_slot': 'A', 'active_version': '2c89afcb33f91f3a249c50a92cc652778c267a28f5cb05ac69605cb2f2ba7053', 'inactive_version': '53b13f0789ba85473f97c99d58ed0f4ef7c089cd0ac979a5cd3fe7e62fde6e3f', 'slot_capacity_bytes': 16777216, 'boot_attempt_counter': 1, 'max_boot_attempts': 2, 'pending_activation': False, 'health_verdict': 'pass', 'rollback_performed': False, 'ab_update_valid': True, 'ab_rollback_ready': True, 'slot_storage_bytes': 51200, 'slot_storage_violation': False, 'activation_success': True, 'boot_health_success': True, 'rollback_after_failed_boot': False, 'rollback_success': False, 'reboot_count': 1, 'downtime_seconds': 30.0, 'slot_switch_count': 1}, 'recovery_cost': {'discarded_operation_count': 12, 'replayed_operation_count': 23, 'network_bytes': 75768, 'flash_write_bytes': 92160}}",interrupt_050,0,0,True,49152,41733,23,1,1,False,"Synthetic fixture; no Autoware source code, no proprietary AV software, and no third-party model weights",16384,/tmp/smartota-clean-rerun-2942cbd-copy/datasets/manifests/smartota-automotive.json,1,9116,/home/arpan/OTA/.cursor-tutor/ota_environment/data/raw/automotive/autoware-style-perception/autoware-style-perception-new.tar,/home/arpan/OTA/.cursor-tutor/ota_environment/data/raw/automotive/autoware-style-perception/autoware-style-perception-new.tar,2c89afcb33f91f3a249c50a92cc652778c267a28f5cb05ac69605cb2f2ba7053,51200,/home/arpan/OTA/.cursor-tutor/ota_environment/data/raw/automotive/autoware-style-perception/autoware-style-perception-old.tar,/home/arpan/OTA/.cursor-tutor/ota_environment/data/raw/automotive/autoware-style-perception/autoware-style-perception-old.tar,53b13f0789ba85473f97c99d58ed0f4ef7c089cd0ac979a5cd3fe7e62fde6e3f,40960,10,1,5,,7,,autoware_style_perception_module_update,backup_safe_copy_delta,CPython,"3.12.7 | packaged by Anaconda, Inc. | (main, Oct  4 2024, 13:27:36) [GCC 11.2.0]",1,,True,True,0.0,False,False,0.027777,0.027777,autoware_style_perception_module_update,1,51200,False,1,Locally generated deterministic fixture inspired by Autoware-style module layout,23,0.032932,2026-07-17T15:45:42.120432+00:00,automotive,True
True,True,True,13,10,True,2c89afcb33f91f3a249c50a92cc652778c267a28f5cb05ac69605cb2f2ba7053,53b13f0789ba85473f97c99d58ed0f4ef7c089cd0ac979a5cd3fe7e62fde6e3f,autoware_module_tar,deployment_aware_greedy,4096,4096,0,13,True,True,uncompressed,deterministic_tar_derivation,smartota-automotive,1.2.6,0.26.2,1.26.4,2.20.0,2.12.0,True,True,True,True,B,2c89afcb33f91f3a249c50a92cc652778c267a28f5cb05ac69605cb2f2ba7053,40960,1,True,0,,0,2000000.0,25,True,20000000.0,always_pass,2,realistic,10000000.0,8388608,30.0,True,True,16777216,full_package,25165824,92160,0.037884,30.0,92160,pass,A,53b13f0789ba85473f97c99d58ed0f4ef7c089cd0ac979a5cd3fe7e62fde6e3f,complete,0.006871,51200,0,2,75768,75768,167928,9116,False,1,False,False,True,False,16777216,51200,False,1,0,0.044755,0,autoware_style_av_stack,30.0,0.02791,75768,23,2942cbde2fd344cccea23aabbe8d5bf168610c71,False,0.5,"{'interruption_percentage': 0.5, 'interrupted_after_operations': 12, 'operation_count': 23, 'checkpoint_available': False, 'checkpoint_operation_index': 0, 'resumed_from_checkpoint': False, 'recovery_strategy': 'rollback_reinstall', 'recovery_success': True, 'rollback_success': True, 'rollback_ready_at_interruption': True, 'final_replay_validity': True, 'replay_errors': '', 'recovery_errors': '', 'extra_network_bytes': 41733, 'extra_flash_writes': 49152, 'total_network_bytes': 117501, 'total_flash_write_bytes': 141312, 'interrupted_metrics': {'install_state': 'interrupted', 'package_size_bytes': 41733, 'network_bytes': 41733, 'staging_area_bytes': 41733, 'backup_area_bytes': 24576, 'installed_image_bytes': 40960, 'current_persistent_storage_bytes': 107269, 'peak_persistent_storage_bytes': 107269, 'peak_ram_bytes': 8589, 'flash_write_bytes': 49152, 'download_time_s': 0.020866, 'install_time_s': 0.003345, 'total_time_s': 0.024212, 'checkpoint_count': 0, 'latest_checkpoint_operation': 0, 'rollback_ready': True, 'unsafe_overwrite_count': 0, 'budget_violation_count': 0, 'budget_violations': [], 'ab_enabled': True, 'active_slot': 'A', 'inactive_slot': 'B', 'active_version': '53b13f0789ba85473f97c99d58ed0f4ef7c089cd0ac979a5cd3fe7e62fde6e3f', 'inactive_version': '53b13f0789ba85473f97c99d58ed0f4ef7c089cd0ac979a5cd3fe7e62fde6e3f', 'slot_capacity_bytes': 16777216, 'boot_attempt_counter': 0, 'max_boot_attempts': 2, 'pending_activation': False, 'health_verdict': 'not_run', 'rollback_performed': False, 'ab_update_valid': False, 'ab_rollback_ready': True, 'slot_storage_bytes': 40960, 'slot_storage_violation': False, 'activation_success': False, 'boot_health_success': False, 'rollback_after_failed_boot': False, 'rollback_success': False, 'reboot_count': 0, 'downtime_seconds': 0.0, 'slot_switch_count': 0}, 'recovered_metrics': {'install_state': 'complete', 'package_size_bytes': 117501, 'network_bytes': 117501, 'staging_area_bytes': 0, 'backup_area_bytes': 40960, 'installed_image_bytes': 51200, 'current_persistent_storage_bytes': 92160, 'peak_persistent_storage_bytes': 167928, 'peak_ram_bytes': 9116, 'flash_write_bytes': 141312, 'download_time_s': 0.05875, 'install_time_s': 0.010217, 'total_time_s': 0.068967, 'checkpoint_count': 1, 'latest_checkpoint_operation': 25, 'rollback_ready': True, 'unsafe_overwrite_count': 0, 'budget_violation_count': 0, 'budget_violations': [], 'ab_enabled': True, 'active_slot': 'B', 'inactive_slot': 'A', 'active_version': '2c89afcb33f91f3a249c50a92cc652778c267a28f5cb05ac69605cb2f2ba7053', 'inactive_version': '53b13f0789ba85473f97c99d58ed0f4ef7c089cd0ac979a5cd3fe7e62fde6e3f', 'slot_capacity_bytes': 16777216, 'boot_attempt_counter': 1, 'max_boot_attempts': 2, 'pending_activation': False, 'health_verdict': 'pass', 'rollback_performed': False, 'ab_update_valid': True, 'ab_rollback_ready': True, 'slot_storage_bytes': 51200, 'slot_storage_violation': False, 'activation_success': True, 'boot_health_success': True, 'rollback_after_failed_boot': False, 'rollback_success': False, 'reboot_count': 1, 'downtime_seconds': 30.0, 'slot_switch_count': 1}, 'recovery_cost': {'discarded_operation_count': 12, 'replayed_operation_count': 23, 'network_bytes': 75768, 'flash_write_bytes': 92160}}",interrupt_050,0,0,True,49152,41733,23,1,1,False,"Synthetic fixture; no Autoware source code, no proprietary AV software, and no third-party model weights",16384,/tmp/smartota-clean-rerun-2942cbd-copy/datasets/manifests/smartota-automotive.json,1,9116,/home/arpan/OTA/.cursor-tutor/ota_environment/data/raw/automotive/autoware-style-perception/autoware-style-perception-new.tar,/home/arpan/OTA/.cursor-tutor/ota_environment/data/raw/automotive/autoware-style-perception/autoware-style-perception-new.tar,2c89afcb33f91f3a249c50a92cc652778c267a28f5cb05ac69605cb2f2ba7053,51200,/home/arpan/OTA/.cursor-tutor/ota_environment/data/raw/automotive/autoware-style-perception/autoware-style-perception-old.tar,/home/arpan/OTA/.cursor-tutor/ota_environment/data/raw/automotive/autoware-style-perception/autoware-style-perception-old.tar,53b13f0789ba85473f97c99d58ed0f4ef7c089cd0ac979a5cd3fe7e62fde6e3f,40960,10,1,5,,7,,autoware_style_perception_module_update,deployment_aware_greedy,CPython,"3.12.7 | packaged by Anaconda, Inc. | (main, Oct  4 2024, 13:27:36) [GCC 11.2.0]",1,,True,True,0.0,False,False,0.02791,0.02791,autoware_style_perception_module_update,1,51200,False,1,Locally generated deterministic fixture inspired by Autoware-style module layout,23,0.031873,2026-07-17T15:45:42.120432+00:00,automotive,True
True,True,True,13,0,True,2c89afcb33f91f3a249c50a92cc652778c267a28f5cb05ac69605cb2f2ba7053,53b13f0789ba85473f97c99d58ed0f4ef7c089cd0ac979a5cd3fe7e62fde6e3f,autoware_module_tar,rsync_rolling_hash,4096,4096,0,13,True,True,uncompressed,deterministic_tar_derivation,smartota-automotive,1.2.6,0.26.2,1.26.4,2.20.0,2.12.0,True,True,True,True,B,2c89afcb33f91f3a249c50a92cc652778c267a28f5cb05ac69605cb2f2ba7053,0,1,True,0,,0,2000000.0,25,True,20000000.0,always_pass,2,realistic,10000000.0,8388608,30.0,True,True,16777216,full_package,25165824,51200,0.060993,30.0,51200,pass,A,53b13f0789ba85473f97c99d58ed0f4ef7c089cd0ac979a5cd3fe7e62fde6e3f,complete,0.00256,51200,0,2,121986,121986,173186,4096,False,1,False,False,False,False,16777216,51200,False,1,0,0.063553,10,autoware_style_av_stack,30.0,0.011516,121986,13,2942cbde2fd344cccea23aabbe8d5bf168610c71,False,0.5,"{'interruption_percentage': 0.5, 'interrupted_after_operations': 7, 'operation_count': 13, 'checkpoint_available': False, 'checkpoint_operation_index': 0, 'resumed_from_checkpoint': False, 'recovery_strategy': 'failed', 'recovery_success': False, 'rollback_success': False, 'rollback_ready_at_interruption': False, 'final_replay_validity': False, 'replay_errors': '', 'recovery_errors': 'no checkpoint and rollback is not ready', 'extra_network_bytes': 0, 'extra_flash_writes': 0, 'total_network_bytes': 68257, 'total_flash_write_bytes': 28672, 'interrupted_metrics': {'install_state': 'interrupted', 'package_size_bytes': 68257, 'network_bytes': 68257, 'staging_area_bytes': 68257, 'backup_area_bytes': 0, 'installed_image_bytes': 40960, 'current_persistent_storage_bytes': 109217, 'peak_persistent_storage_bytes': 109217, 'peak_ram_bytes': 4096, 'flash_write_bytes': 28672, 'download_time_s': 0.034128, 'install_time_s': 0.001434, 'total_time_s': 0.035562, 'checkpoint_count': 0, 'latest_checkpoint_operation': 0, 'rollback_ready': False, 'unsafe_overwrite_count': 7, 'budget_violation_count': 0, 'budget_violations': [], 'ab_enabled': True, 'active_slot': 'A', 'inactive_slot': 'B', 'active_version': '53b13f0789ba85473f97c99d58ed0f4ef7c089cd0ac979a5cd3fe7e62fde6e3f', 'inactive_version': '53b13f0789ba85473f97c99d58ed0f4ef7c089cd0ac979a5cd3fe7e62fde6e3f', 'slot_capacity_bytes': 16777216, 'boot_attempt_counter': 0, 'max_boot_attempts': 2, 'pending_activation': False, 'health_verdict': 'not_run', 'rollback_performed': False, 'ab_update_valid': False, 'ab_rollback_ready': True, 'slot_storage_bytes': 40960, 'slot_storage_violation': False, 'activation_success': False, 'boot_health_success': False, 'rollback_after_failed_boot': False, 'rollback_success': False, 'reboot_count': 0, 'downtime_seconds': 0.0, 'slot_switch_count': 0}, 'recovered_metrics': {}, 'recovery_cost': {'discarded_operation_count': 7, 'replayed_operation_count': 0, 'network_bytes': 0, 'flash_write_bytes': 0}}",interrupt_050,0,1,False,0,0,0,0,1,False,"Synthetic fixture; no Autoware source code, no proprietary AV software, and no third-party model weights",16384,/tmp/smartota-clean-rerun-2942cbd-copy/datasets/manifests/smartota-automotive.json,1,4096,/home/arpan/OTA/.cursor-tutor/ota_environment/data/raw/automotive/autoware-style-perception/autoware-style-perception-new.tar,/home/arpan/OTA/.cursor-tutor/ota_environment/data/raw/automotive/autoware-style-perception/autoware-style-perception-new.tar,2c89afcb33f91f3a249c50a92cc652778c267a28f5cb05ac69605cb2f2ba7053,51200,/home/arpan/OTA/.cursor-tutor/ota_environment/data/raw/automotive/autoware-style-perception/autoware-style-perception-old.tar,/home/arpan/OTA/.cursor-tutor/ota_environment/data/raw/automotive/autoware-style-perception/autoware-style-perception-old.tar,53b13f0789ba85473f97c99d58ed0f4ef7c089cd0ac979a5cd3fe7e62fde6e3f,40960,,,,,13,,autoware_style_perception_module_update,rsync_rolling_hash,CPython,"3.12.7 | packaged by Anaconda, Inc. | (main, Oct  4 2024, 13:27:36) [GCC 11.2.0]",1,,True,True,0.0,False,False,0.011516,0.011516,autoware_style_perception_module_update,1,51200,False,1,Locally generated deterministic fixture inspired by Autoware-style module layout,13,0.01288,2026-07-17T15:45:42.120432+00:00,automotive,True
True,True,True,2,0,True,2c89afcb33f91f3a249c50a92cc652778c267a28f5cb05ac69605cb2f2ba7053,53b13f0789ba85473f97c99d58ed0f4ef7c089cd0ac979a5cd3fe7e62fde6e3f,autoware_module_tar,full_replacement,4096,4096,0,13,True,True,uncompressed,deterministic_tar_derivation,smartota-automotive,1.2.6,0.26.2,1.26.4,2.20.0,2.12.0,True,True,True,True,B,2c89afcb33f91f3a249c50a92cc652778c267a28f5cb05ac69605cb2f2ba7053,0,1,True,0,,0,2000000.0,25,True,20000000.0,always_pass,2,realistic,10000000.0,8388608,30.0,True,True,16777216,full_package,25165824,51200,0.059882,30.0,51200,pass,A,53b13f0789ba85473f97c99d58ed0f4ef7c089cd0ac979a5cd3fe7e62fde6e3f,complete,0.00256,51200,0,2,119763,119763,207827,51200,False,1,False,False,False,False,16777216,51200,False,1,0,0.062442,1,autoware_style_av_stack,30.0,0.000864,119763,2,2942cbde2fd344cccea23aabbe8d5bf168610c71,False,0.75,"{'interruption_percentage': 0.75, 'interrupted_after_operations': 1, 'operation_count': 2, 'checkpoint_available': False, 'checkpoint_operation_index': 0, 'resumed_from_checkpoint': False, 'recovery_strategy': 'failed', 'recovery_success': False, 'rollback_success': False, 'rollback_ready_at_interruption': False, 'final_replay_validity': False, 'replay_errors': '', 'recovery_errors': 'no checkpoint and rollback is not ready', 'extra_network_bytes': 0, 'extra_flash_writes': 0, 'total_network_bytes': 119659, 'total_flash_write_bytes': 51200, 'interrupted_metrics': {'install_state': 'interrupted', 'package_size_bytes': 119659, 'network_bytes': 119659, 'staging_area_bytes': 119659, 'backup_area_bytes': 0, 'installed_image_bytes': 88064, 'current_persistent_storage_bytes': 207723, 'peak_persistent_storage_bytes': 207723, 'peak_ram_bytes': 51200, 'flash_write_bytes': 51200, 'download_time_s': 0.05983, 'install_time_s': 0.00256, 'total_time_s': 0.06239, 'checkpoint_count': 0, 'latest_checkpoint_operation': 0, 'rollback_ready': False, 'unsafe_overwrite_count': 1, 'budget_violation_count': 0, 'budget_violations': [], 'ab_enabled': True, 'active_slot': 'A', 'inactive_slot': 'B', 'active_version': '53b13f0789ba85473f97c99d58ed0f4ef7c089cd0ac979a5cd3fe7e62fde6e3f', 'inactive_version': '53b13f0789ba85473f97c99d58ed0f4ef7c089cd0ac979a5cd3fe7e62fde6e3f', 'slot_capacity_bytes': 16777216, 'boot_attempt_counter': 0, 'max_boot_attempts': 2, 'pending_activation': False, 'health_verdict': 'not_run', 'rollback_performed': False, 'ab_update_valid': False, 'ab_rollback_ready': True, 'slot_storage_bytes': 40960, 'slot_storage_violation': False, 'activation_success': False, 'boot_health_success': False, 'rollback_after_failed_boot': False, 'rollback_success': False, 'reboot_count': 0, 'downtime_seconds': 0.0, 'slot_switch_count': 0}, 'recovered_metrics': {}, 'recovery_cost': {'discarded_operation_count': 1, 'replayed_operation_count': 0, 'network_bytes': 0, 'flash_write_bytes': 0}}",interrupt_075,0,1,False,0,0,0,0,1,False,"Synthetic fixture; no Autoware source code, no proprietary AV software, and no third-party model weights",16384,/tmp/smartota-clean-rerun-2942cbd-copy/datasets/manifests/smartota-automotive.json,1,51200,/home/arpan/OTA/.cursor-tutor/ota_environment/data/raw/automotive/autoware-style-perception/autoware-style-perception-new.tar,/home/arpan/OTA/.cursor-tutor/ota_environment/data/raw/automotive/autoware-style-perception/autoware-style-perception-new.tar,2c89afcb33f91f3a249c50a92cc652778c267a28f5cb05ac69605cb2f2ba7053,51200,/home/arpan/OTA/.cursor-tutor/ota_environment/data/raw/automotive/autoware-style-perception/autoware-style-perception-old.tar,/home/arpan/OTA/.cursor-tutor/ota_environment/data/raw/automotive/autoware-style-perception/autoware-style-perception-old.tar,53b13f0789ba85473f97c99d58ed0f4ef7c089cd0ac979a5cd3fe7e62fde6e3f,40960,,,,,1,1,autoware_style_perception_module_update,full_replacement,CPython,"3.12.7 | packaged by Anaconda, Inc. | (main, Oct  4 2024, 13:27:36) [GCC 11.2.0]",1,,True,True,0.0,False,False,0.000864,0.000864,autoware_style_perception_module_update,1,51200,False,1,Locally generated deterministic fixture inspired by Autoware-style module layout,2,0.002317,2026-07-17T15:45:42.120432+00:00,automotive,True
True,True,True,2,0,True,2c89afcb33f91f3a249c50a92cc652778c267a28f5cb05ac69605cb2f2ba7053,53b13f0789ba85473f97c99d58ed0f4ef7c089cd0ac979a5cd3fe7e62fde6e3f,autoware_module_tar,whole_file_bsdiff,4096,4096,0,13,True,True,uncompressed,deterministic_tar_derivation,smartota-automotive,1.2.6,0.26.2,1.26.4,2.20.0,2.12.0,True,True,True,True,B,2c89afcb33f91f3a249c50a92cc652778c267a28f5cb05ac69605cb2f2ba7053,0,1,True,0,,0,2000000.0,25,True,20000000.0,always_pass,2,realistic,10000000.0,8388608,30.0,True,True,16777216,full_package,25165824,51200,0.035108,30.0,51200,pass,A,53b13f0789ba85473f97c99d58ed0f4ef7c089cd0ac979a5cd3fe7e62fde6e3f,complete,0.009651,51200,0,2,70216,70216,158280,122106,False,1,False,False,False,False,16777216,51200,False,1,0,0.044759,1,autoware_style_av_stack,30.0,0.014256,70216,2,2942cbde2fd344cccea23aabbe8d5bf168610c71,False,0.75,"{'interruption_percentage': 0.75, 'interrupted_after_operations': 1, 'operation_count': 2, 'checkpoint_available': False, 'checkpoint_operation_index': 0, 'resumed_from_checkpoint': False, 'recovery_strategy': 'failed', 'recovery_success': False, 'rollback_success': False, 'rollback_ready_at_interruption': False, 'final_replay_validity': False, 'replay_errors': '', 'recovery_errors': 'no checkpoint and rollback is not ready', 'extra_network_bytes': 0, 'extra_flash_writes': 0, 'total_network_bytes': 70112, 'total_flash_write_bytes': 51200, 'interrupted_metrics': {'install_state': 'interrupted', 'package_size_bytes': 70112, 'network_bytes': 70112, 'staging_area_bytes': 70112, 'backup_area_bytes': 0, 'installed_image_bytes': 88064, 'current_persistent_storage_bytes': 158176, 'peak_persistent_storage_bytes': 158176, 'peak_ram_bytes': 122106, 'flash_write_bytes': 51200, 'download_time_s': 0.035056, 'install_time_s': 0.009651, 'total_time_s': 0.044707, 'checkpoint_count': 0, 'latest_checkpoint_operation': 0, 'rollback_ready': False, 'unsafe_overwrite_count': 1, 'budget_violation_count': 0, 'budget_violations': [], 'ab_enabled': True, 'active_slot': 'A', 'inactive_slot': 'B', 'active_version': '53b13f0789ba85473f97c99d58ed0f4ef7c089cd0ac979a5cd3fe7e62fde6e3f', 'inactive_version': '53b13f0789ba85473f97c99d58ed0f4ef7c089cd0ac979a5cd3fe7e62fde6e3f', 'slot_capacity_bytes': 16777216, 'boot_attempt_counter': 0, 'max_boot_attempts': 2, 'pending_activation': False, 'health_verdict': 'not_run', 'rollback_performed': False, 'ab_update_valid': False, 'ab_rollback_ready': True, 'slot_storage_bytes': 40960, 'slot_storage_violation': False, 'activation_success': False, 'boot_health_success': False, 'rollback_after_failed_boot': False, 'rollback_success': False, 'reboot_count': 0, 'downtime_seconds': 0.0, 'slot_switch_count': 0}, 'recovered_metrics': {}, 'recovery_cost': {'discarded_operation_count': 1, 'replayed_operation_count': 0, 'network_bytes': 0, 'flash_write_bytes': 0}}",interrupt_075,0,1,False,0,0,0,0,1,False,"Synthetic fixture; no Autoware source code, no proprietary AV software, and no third-party model weights",16384,/tmp/smartota-clean-rerun-2942cbd-copy/datasets/manifests/smartota-automotive.json,1,122106,/home/arpan/OTA/.cursor-tutor/ota_environment/data/raw/automotive/autoware-style-perception/autoware-style-perception-new.tar,/home/arpan/OTA/.cursor-tutor/ota_environment/data/raw/automotive/autoware-style-perception/autoware-style-perception-new.tar,2c89afcb33f91f3a249c50a92cc652778c267a28f5cb05ac69605cb2f2ba7053,51200,/home/arpan/OTA/.cursor-tutor/ota_environment/data/raw/automotive/autoware-style-perception/autoware-style-perception-old.tar,/home/arpan/OTA/.cursor-tutor/ota_environment/data/raw/automotive/autoware-style-perception/autoware-style-perception-old.tar,53b13f0789ba85473f97c99d58ed0f4ef7c089cd0ac979a5cd3fe7e62fde6e3f,40960,,,1,,,1,autoware_style_perception_module_update,whole_file_bsdiff,CPython,"3.12.7 | packaged by Anaconda, Inc. | (main, Oct  4 2024, 13:27:36) [GCC 11.2.0]",1,,True,True,0.0,False,False,0.014256,0.014256,autoware_style_perception_module_update,1,51200,False,1,Locally generated deterministic fixture inspired by Autoware-style module layout,2,0.018349,2026-07-17T15:45:42.120432+00:00,automotive,True
True,True,True,13,0,True,2c89afcb33f91f3a249c50a92cc652778c267a28f5cb05ac69605cb2f2ba7053,53b13f0789ba85473f97c99d58ed0f4ef7c089cd0ac979a5cd3fe7e62fde6e3f,autoware_module_tar,blockwise_bsdiff,4096,4096,0,13,True,True,uncompressed,deterministic_tar_derivation,smartota-automotive,1.2.6,0.26.2,1.26.4,2.20.0,2.12.0,True,True,True,True,B,2c89afcb33f91f3a249c50a92cc652778c267a28f5cb05ac69605cb2f2ba7053,0,1,True,0,,0,2000000.0,25,True,20000000.0,always_pass,2,realistic,10000000.0,8388608,30.0,True,True,16777216,full_package,25165824,51200,0.053346,30.0,51200,pass,A,53b13f0789ba85473f97c99d58ed0f4ef7c089cd0ac979a5cd3fe7e62fde6e3f,complete,0.010086,51200,0,2,106692,106692,157892,12890,False,1,False,False,False,False,16777216,51200,False,1,0,0.063432,10,autoware_style_av_stack,30.0,0.015394,106692,13,2942cbde2fd344cccea23aabbe8d5bf168610c71,False,0.75,"{'interruption_percentage': 0.75, 'interrupted_after_operations': 10, 'operation_count': 13, 'checkpoint_available': False, 'checkpoint_operation_index': 0, 'resumed_from_checkpoint': False, 'recovery_strategy': 'failed', 'recovery_success': False, 'rollback_success': False, 'rollback_ready_at_interruption': False, 'final_replay_validity': False, 'replay_errors': '', 'recovery_errors': 'no checkpoint and rollback is not ready', 'extra_network_bytes': 0, 'extra_flash_writes': 0, 'total_network_bytes': 82216, 'total_flash_write_bytes': 40960, 'interrupted_metrics': {'install_state': 'interrupted', 'package_size_bytes': 82216, 'network_bytes': 82216, 'staging_area_bytes': 82216, 'backup_area_bytes': 0, 'installed_image_bytes': 40960, 'current_persistent_storage_bytes': 123176, 'peak_persistent_storage_bytes': 123176, 'peak_ram_bytes': 12890, 'flash_write_bytes': 40960, 'download_time_s': 0.041108, 'install_time_s': 0.009574, 'total_time_s': 0.050682, 'checkpoint_count': 0, 'latest_checkpoint_operation': 0, 'rollback_ready': False, 'unsafe_overwrite_count': 10, 'budget_violation_count': 0, 'budget_violations': [], 'ab_enabled': True, 'active_slot': 'A', 'inactive_slot': 'B', 'active_version': '53b13f0789ba85473f97c99d58ed0f4ef7c089cd0ac979a5cd3fe7e62fde6e3f', 'inactive_version': '53b13f0789ba85473f97c99d58ed0f4ef7c089cd0ac979a5cd3fe7e62fde6e3f', 'slot_capacity_bytes': 16777216, 'boot_attempt_counter': 0, 'max_boot_attempts': 2, 'pending_activation': False, 'health_verdict': 'not_run', 'rollback_performed': False, 'ab_update_valid': False, 'ab_rollback_ready': True, 'slot_storage_bytes': 40960, 'slot_storage_violation': False, 'activation_success': False, 'boot_health_success': False, 'rollback_after_failed_boot': False, 'rollback_success': False, 'reboot_count': 0, 'downtime_seconds': 0.0, 'slot_switch_count': 0}, 'recovered_metrics': {}, 'recovery_cost': {'discarded_operation_count': 10, 'replayed_operation_count': 0, 'network_bytes': 0, 'flash_write_bytes': 0}}",interrupt_075,0,1,False,0,0,0,0,1,False,"Synthetic fixture; no Autoware source code, no proprietary AV software, and no third-party model weights",16384,/tmp/smartota-clean-rerun-2942cbd-copy/datasets/manifests/smartota-automotive.json,1,12890,/home/arpan/OTA/.cursor-tutor/ota_environment/data/raw/automotive/autoware-style-perception/autoware-style-perception-new.tar,/home/arpan/OTA/.cursor-tutor/ota_environment/data/raw/automotive/autoware-style-perception/autoware-style-perception-new.tar,2c89afcb33f91f3a249c50a92cc652778c267a28f5cb05ac69605cb2f2ba7053,51200,/home/arpan/OTA/.cursor-tutor/ota_environment/data/raw/automotive/autoware-style-perception/autoware-style-perception-old.tar,/home/arpan/OTA/.cursor-tutor/ota_environment/data/raw/automotive/autoware-style-perception/autoware-style-perception-old.tar,53b13f0789ba85473f97c99d58ed0f4ef7c089cd0ac979a5cd3fe7e62fde6e3f,40960,,,10,,3,,autoware_style_perception_module_update,blockwise_bsdiff,CPython,"3.12.7 | packaged by Anaconda, Inc. | (main, Oct  4 2024, 13:27:36) [GCC 11.2.0]",1,,True,True,0.0,False,False,0.015394,0.015394,autoware_style_perception_module_update,1,51200,False,1,Locally generated deterministic fixture inspired by Autoware-style module layout,13,0.020394,2026-07-17T15:45:42.120432+00:00,automotive,True
True,True,True,13,0,True,2c89afcb33f91f3a249c50a92cc652778c267a28f5cb05ac69605cb2f2ba7053,53b13f0789ba85473f97c99d58ed0f4ef7c089cd0ac979a5cd3fe7e62fde6e3f,autoware_module_tar,copy_only,4096,4096,0,13,True,True,uncompressed,deterministic_tar_derivation,smartota-automotive,1.2.6,0.26.2,1.26.4,2.20.0,2.12.0,True,True,True,True,B,2c89afcb33f91f3a249c50a92cc652778c267a28f5cb05ac69605cb2f2ba7053,0,1,True,0,,0,2000000.0,25,True,20000000.0,always_pass,2,realistic,10000000.0,8388608,30.0,True,True,16777216,full_package,25165824,51200,0.060993,30.0,51200,pass,A,53b13f0789ba85473f97c99d58ed0f4ef7c089cd0ac979a5cd3fe7e62fde6e3f,complete,0.00256,51200,0,2,121986,121986,173186,4096,False,1,False,False,False,False,16777216,51200,False,1,0,0.063553,10,autoware_style_av_stack,30.0,0.001357,121986,13,2942cbde2fd344cccea23aabbe8d5bf168610c71,False,0.75,"{'interruption_percentage': 0.75, 'interrupted_after_operations': 10, 'operation_count': 13, 'checkpoint_available': False, 'checkpoint_operation_index': 0, 'resumed_from_checkpoint': False, 'recovery_strategy': 'failed', 'recovery_success': False, 'rollback_success': False, 'rollback_ready_at_interruption': False, 'final_replay_validity': False, 'replay_errors': '', 'recovery_errors': 'no checkpoint and rollback is not ready', 'extra_network_bytes': 0, 'extra_flash_writes': 0, 'total_network_bytes': 97510, 'total_flash_write_bytes': 40960, 'interrupted_metrics': {'install_state': 'interrupted', 'package_size_bytes': 97510, 'network_bytes': 97510, 'staging_area_bytes': 97510, 'backup_area_bytes': 0, 'installed_image_bytes': 40960, 'current_persistent_storage_bytes': 138470, 'peak_persistent_storage_bytes': 138470, 'peak_ram_bytes': 4096, 'flash_write_bytes': 40960, 'download_time_s': 0.048755, 'install_time_s': 0.002048, 'total_time_s': 0.050803, 'checkpoint_count': 0, 'latest_checkpoint_operation': 0, 'rollback_ready': False, 'unsafe_overwrite_count': 10, 'budget_violation_count': 0, 'budget_violations': [], 'ab_enabled': True, 'active_slot': 'A', 'inactive_slot': 'B', 'active_version': '53b13f0789ba85473f97c99d58ed0f4ef7c089cd0ac979a5cd3fe7e62fde6e3f', 'inactive_version': '53b13f0789ba85473f97c99d58ed0f4ef7c089cd0ac979a5cd3fe7e62fde6e3f', 'slot_capacity_bytes': 16777216, 'boot_attempt_counter': 0, 'max_boot_attempts': 2, 'pending_activation': False, 'health_verdict': 'not_run', 'rollback_performed': False, 'ab_update_valid': False, 'ab_rollback_ready': True, 'slot_storage_bytes': 40960, 'slot_storage_violation': False, 'activation_success': False, 'boot_health_success': False, 'rollback_after_failed_boot': False, 'rollback_success': False, 'reboot_count': 0, 'downtime_seconds': 0.0, 'slot_switch_count': 0}, 'recovered_metrics': {}, 'recovery_cost': {'discarded_operation_count': 10, 'replayed_operation_count': 0, 'network_bytes': 0, 'flash_write_bytes': 0}}",interrupt_075,0,1,False,0,0,0,0,1,False,"Synthetic fixture; no Autoware source code, no proprietary AV software, and no third-party model weights",16384,/tmp/smartota-clean-rerun-2942cbd-copy/datasets/manifests/smartota-automotive.json,1,4096,/home/arpan/OTA/.cursor-tutor/ota_environment/data/raw/automotive/autoware-style-perception/autoware-style-perception-new.tar,/home/arpan/OTA/.cursor-tutor/ota_environment/data/raw/automotive/autoware-style-perception/autoware-style-perception-new.tar,2c89afcb33f91f3a249c50a92cc652778c267a28f5cb05ac69605cb2f2ba7053,51200,/home/arpan/OTA/.cursor-tutor/ota_environment/data/raw/automotive/autoware-style-perception/autoware-style-perception-old.tar,/home/arpan/OTA/.cursor-tutor/ota_environment/data/raw/automotive/autoware-style-perception/autoware-style-perception-old.tar,53b13f0789ba85473f97c99d58ed0f4ef7c089cd0ac979a5cd3fe7e62fde6e3f,40960,,,,,13,,autoware_style_perception_module_update,copy_only,CPython,"3.12.7 | packaged by Anaconda, Inc. | (main, Oct  4 2024, 13:27:36) [GCC 11.2.0]",1,,True,True,0.0,False,False,0.001357,0.001357,autoware_style_perception_module_update,1,51200,False,1,Locally generated deterministic fixture inspired by Autoware-style module layout,13,0.002869,2026-07-17T15:45:42.120432+00:00,automotive,True
True,True,True,13,0,True,2c89afcb33f91f3a249c50a92cc652778c267a28f5cb05ac69605cb2f2ba7053,53b13f0789ba85473f97c99d58ed0f4ef7c089cd0ac979a5cd3fe7e62fde6e3f,autoware_module_tar,copy_delta,4096,4096,0,13,True,True,uncompressed,deterministic_tar_derivation,smartota-automotive,1.2.6,0.26.2,1.26.4,2.20.0,2.12.0,True,True,True,True,B,2c89afcb33f91f3a249c50a92cc652778c267a28f5cb05ac69605cb2f2ba7053,0,1,True,0,,0,2000000.0,25,True,20000000.0,always_pass,2,realistic,10000000.0,8388608,30.0,True,True,16777216,full_package,25165824,51200,0.037646,30.0,51200,pass,A,53b13f0789ba85473f97c99d58ed0f4ef7c089cd0ac979a5cd3fe7e62fde6e3f,complete,0.005263,51200,0,2,75292,75292,126492,9116,False,1,False,False,False,False,16777216,51200,False,1,0,0.042909,10,autoware_style_av_stack,30.0,0.016377,75292,13,2942cbde2fd344cccea23aabbe8d5bf168610c71,False,0.75,"{'interruption_percentage': 0.75, 'interrupted_after_operations': 10, 'operation_count': 13, 'checkpoint_available': False, 'checkpoint_operation_index': 0, 'resumed_from_checkpoint': False, 'recovery_strategy': 'failed', 'recovery_success': False, 'rollback_success': False, 'rollback_ready_at_interruption': False, 'final_replay_validity': False, 'replay_errors': '', 'recovery_errors': 'no checkpoint and rollback is not ready', 'extra_network_bytes': 0, 'extra_flash_writes': 0, 'total_network_bytes': 72662, 'total_flash_write_bytes': 40960, 'interrupted_metrics': {'install_state': 'interrupted', 'package_size_bytes': 72662, 'network_bytes': 72662, 'staging_area_bytes': 72662, 'backup_area_bytes': 0, 'installed_image_bytes': 40960, 'current_persistent_storage_bytes': 113622, 'peak_persistent_storage_bytes': 113622, 'peak_ram_bytes': 9116, 'flash_write_bytes': 40960, 'download_time_s': 0.036331, 'install_time_s': 0.003438, 'total_time_s': 0.039769, 'checkpoint_count': 0, 'latest_checkpoint_operation': 0, 'rollback_ready': False, 'unsafe_overwrite_count': 10, 'budget_violation_count': 0, 'budget_violations': [], 'ab_enabled': True, 'active_slot': 'A', 'inactive_slot': 'B', 'active_version': '53b13f0789ba85473f97c99d58ed0f4ef7c089cd0ac979a5cd3fe7e62fde6e3f', 'inactive_version': '53b13f0789ba85473f97c99d58ed0f4ef7c089cd0ac979a5cd3fe7e62fde6e3f', 'slot_capacity_bytes': 16777216, 'boot_attempt_counter': 0, 'max_boot_attempts': 2, 'pending_activation': False, 'health_verdict': 'not_run', 'rollback_performed': False, 'ab_update_valid': False, 'ab_rollback_ready': True, 'slot_storage_bytes': 40960, 'slot_storage_violation': False, 'activation_success': False, 'boot_health_success': False, 'rollback_after_failed_boot': False, 'rollback_success': False, 'reboot_count': 0, 'downtime_seconds': 0.0, 'slot_switch_count': 0}, 'recovered_metrics': {}, 'recovery_cost': {'discarded_operation_count': 10, 'replayed_operation_count': 0, 'network_bytes': 0, 'flash_write_bytes': 0}}",interrupt_075,0,1,False,0,0,0,0,1,False,"Synthetic fixture; no Autoware source code, no proprietary AV software, and no third-party model weights",16384,/tmp/smartota-clean-rerun-2942cbd-copy/datasets/manifests/smartota-automotive.json,1,9116,/home/arpan/OTA/.cursor-tutor/ota_environment/data/raw/automotive/autoware-style-perception/autoware-style-perception-new.tar,/home/arpan/OTA/.cursor-tutor/ota_environment/data/raw/automotive/autoware-style-perception/autoware-style-perception-new.tar,2c89afcb33f91f3a249c50a92cc652778c267a28f5cb05ac69605cb2f2ba7053,51200,/home/arpan/OTA/.cursor-tutor/ota_environment/data/raw/automotive/autoware-style-perception/autoware-style-perception-old.tar,/home/arpan/OTA/.cursor-tutor/ota_environment/data/raw/automotive/autoware-style-perception/autoware-style-perception-old.tar,53b13f0789ba85473f97c99d58ed0f4ef7c089cd0ac979a5cd3fe7e62fde6e3f,40960,,,6,,7,,autoware_style_perception_module_update,copy_delta,CPython,"3.12.7 | packaged by Anaconda, Inc. | (main, Oct  4 2024, 13:27:36) [GCC 11.2.0]",1,,True,True,0.0,False,False,0.016377,0.016377,autoware_style_perception_module_update,1,51200,False,1,Locally generated deterministic fixture inspired by Autoware-style module layout,13,0.018246,2026-07-17T15:45:42.120432+00:00,automotive,True
True,True,True,13,10,True,2c89afcb33f91f3a249c50a92cc652778c267a28f5cb05ac69605cb2f2ba7053,53b13f0789ba85473f97c99d58ed0f4ef7c089cd0ac979a5cd3fe7e62fde6e3f,autoware_module_tar,backup_safe_copy_delta,4096,4096,0,13,True,True,uncompressed,deterministic_tar_derivation,smartota-automotive,1.2.6,0.26.2,1.26.4,2.20.0,2.12.0,True,True,True,True,B,2c89afcb33f91f3a249c50a92cc652778c267a28f5cb05ac69605cb2f2ba7053,40960,1,True,0,,0,2000000.0,25,True,20000000.0,always_pass,2,realistic,10000000.0,8388608,30.0,True,True,16777216,full_package,25165824,92160,0.037884,30.0,92160,pass,A,53b13f0789ba85473f97c99d58ed0f4ef7c089cd0ac979a5cd3fe7e62fde6e3f,complete,0.006871,51200,0,2,75768,75768,167928,9116,False,1,False,False,True,False,16777216,51200,False,1,0,0.044755,0,autoware_style_av_stack,30.0,0.027472,75768,23,2942cbde2fd344cccea23aabbe8d5bf168610c71,False,0.75,"{'interruption_percentage': 0.75, 'interrupted_after_operations': 18, 'operation_count': 23, 'checkpoint_available': False, 'checkpoint_operation_index': 0, 'resumed_from_checkpoint': False, 'recovery_strategy': 'rollback_reinstall', 'recovery_success': True, 'rollback_success': True, 'rollback_ready_at_interruption': True, 'final_replay_validity': True, 'replay_errors': '', 'recovery_errors': '', 'extra_network_bytes': 71334, 'extra_flash_writes': 73728, 'total_network_bytes': 147102, 'total_flash_write_bytes': 165888, 'interrupted_metrics': {'install_state': 'interrupted', 'package_size_bytes': 71334, 'network_bytes': 71334, 'staging_area_bytes': 71334, 'backup_area_bytes': 36864, 'installed_image_bytes': 40960, 'current_persistent_storage_bytes': 149158, 'peak_persistent_storage_bytes': 149158, 'peak_ram_bytes': 8589, 'flash_write_bytes': 73728, 'download_time_s': 0.035667, 'install_time_s': 0.004574, 'total_time_s': 0.040241, 'checkpoint_count': 0, 'latest_checkpoint_operation': 0, 'rollback_ready': True, 'unsafe_overwrite_count': 0, 'budget_violation_count': 0, 'budget_violations': [], 'ab_enabled': True, 'active_slot': 'A', 'inactive_slot': 'B', 'active_version': '53b13f0789ba85473f97c99d58ed0f4ef7c089cd0ac979a5cd3fe7e62fde6e3f', 'inactive_version': '53b13f0789ba85473f97c99d58ed0f4ef7c089cd0ac979a5cd3fe7e62fde6e3f', 'slot_capacity_bytes': 16777216, 'boot_attempt_counter': 0, 'max_boot_attempts': 2, 'pending_activation': False, 'health_verdict': 'not_run', 'rollback_performed': False, 'ab_update_valid': False, 'ab_rollback_ready': True, 'slot_storage_bytes': 40960, 'slot_storage_violation': False, 'activation_success': False, 'boot_health_success': False, 'rollback_after_failed_boot': False, 'rollback_success': False, 'reboot_count': 0, 'downtime_seconds': 0.0, 'slot_switch_count': 0}, 'recovered_metrics': {'install_state': 'complete', 'package_size_bytes': 147102, 'network_bytes': 147102, 'staging_area_bytes': 0, 'backup_area_bytes': 40960, 'installed_image_bytes': 51200, 'current_persistent_storage_bytes': 92160, 'peak_persistent_storage_bytes': 167928, 'peak_ram_bytes': 9116, 'flash_write_bytes': 165888, 'download_time_s': 0.073551, 'install_time_s': 0.011445, 'total_time_s': 0.084996, 'checkpoint_count': 1, 'latest_checkpoint_operation': 25, 'rollback_ready': True, 'unsafe_overwrite_count': 0, 'budget_violation_count': 0, 'budget_violations': [], 'ab_enabled': True, 'active_slot': 'B', 'inactive_slot': 'A', 'active_version': '2c89afcb33f91f3a249c50a92cc652778c267a28f5cb05ac69605cb2f2ba7053', 'inactive_version': '53b13f0789ba85473f97c99d58ed0f4ef7c089cd0ac979a5cd3fe7e62fde6e3f', 'slot_capacity_bytes': 16777216, 'boot_attempt_counter': 1, 'max_boot_attempts': 2, 'pending_activation': False, 'health_verdict': 'pass', 'rollback_performed': False, 'ab_update_valid': True, 'ab_rollback_ready': True, 'slot_storage_bytes': 51200, 'slot_storage_violation': False, 'activation_success': True, 'boot_health_success': True, 'rollback_after_failed_boot': False, 'rollback_success': False, 'reboot_count': 1, 'downtime_seconds': 30.0, 'slot_switch_count': 1}, 'recovery_cost': {'discarded_operation_count': 18, 'replayed_operation_count': 23, 'network_bytes': 75768, 'flash_write_bytes': 92160}}",interrupt_075,0,0,True,73728,71334,23,1,1,False,"Synthetic fixture; no Autoware source code, no proprietary AV software, and no third-party model weights",16384,/tmp/smartota-clean-rerun-2942cbd-copy/datasets/manifests/smartota-automotive.json,1,9116,/home/arpan/OTA/.cursor-tutor/ota_environment/data/raw/automotive/autoware-style-perception/autoware-style-perception-new.tar,/home/arpan/OTA/.cursor-tutor/ota_environment/data/raw/automotive/autoware-style-perception/autoware-style-perception-new.tar,2c89afcb33f91f3a249c50a92cc652778c267a28f5cb05ac69605cb2f2ba7053,51200,/home/arpan/OTA/.cursor-tutor/ota_environment/data/raw/automotive/autoware-style-perception/autoware-style-perception-old.tar,/home/arpan/OTA/.cursor-tutor/ota_environment/data/raw/automotive/autoware-style-perception/autoware-style-perception-old.tar,53b13f0789ba85473f97c99d58ed0f4ef7c089cd0ac979a5cd3fe7e62fde6e3f,40960,10,1,5,,7,,autoware_style_perception_module_update,backup_safe_copy_delta,CPython,"3.12.7 | packaged by Anaconda, Inc. | (main, Oct  4 2024, 13:27:36) [GCC 11.2.0]",1,,True,True,0.0,False,False,0.027472,0.027472,autoware_style_perception_module_update,1,51200,False,1,Locally generated deterministic fixture inspired by Autoware-style module layout,23,0.031575,2026-07-17T15:45:42.120432+00:00,automotive,True
True,True,True,13,10,True,2c89afcb33f91f3a249c50a92cc652778c267a28f5cb05ac69605cb2f2ba7053,53b13f0789ba85473f97c99d58ed0f4ef7c089cd0ac979a5cd3fe7e62fde6e3f,autoware_module_tar,deployment_aware_greedy,4096,4096,0,13,True,True,uncompressed,deterministic_tar_derivation,smartota-automotive,1.2.6,0.26.2,1.26.4,2.20.0,2.12.0,True,True,True,True,B,2c89afcb33f91f3a249c50a92cc652778c267a28f5cb05ac69605cb2f2ba7053,40960,1,True,0,,0,2000000.0,25,True,20000000.0,always_pass,2,realistic,10000000.0,8388608,30.0,True,True,16777216,full_package,25165824,92160,0.037884,30.0,92160,pass,A,53b13f0789ba85473f97c99d58ed0f4ef7c089cd0ac979a5cd3fe7e62fde6e3f,complete,0.006871,51200,0,2,75768,75768,167928,9116,False,1,False,False,True,False,16777216,51200,False,1,0,0.044755,0,autoware_style_av_stack,30.0,0.02823,75768,23,2942cbde2fd344cccea23aabbe8d5bf168610c71,False,0.75,"{'interruption_percentage': 0.75, 'interrupted_after_operations': 18, 'operation_count': 23, 'checkpoint_available': False, 'checkpoint_operation_index': 0, 'resumed_from_checkpoint': False, 'recovery_strategy': 'rollback_reinstall', 'recovery_success': True, 'rollback_success': True, 'rollback_ready_at_interruption': True, 'final_replay_validity': True, 'replay_errors': '', 'recovery_errors': '', 'extra_network_bytes': 71334, 'extra_flash_writes': 73728, 'total_network_bytes': 147102, 'total_flash_write_bytes': 165888, 'interrupted_metrics': {'install_state': 'interrupted', 'package_size_bytes': 71334, 'network_bytes': 71334, 'staging_area_bytes': 71334, 'backup_area_bytes': 36864, 'installed_image_bytes': 40960, 'current_persistent_storage_bytes': 149158, 'peak_persistent_storage_bytes': 149158, 'peak_ram_bytes': 8589, 'flash_write_bytes': 73728, 'download_time_s': 0.035667, 'install_time_s': 0.004574, 'total_time_s': 0.040241, 'checkpoint_count': 0, 'latest_checkpoint_operation': 0, 'rollback_ready': True, 'unsafe_overwrite_count': 0, 'budget_violation_count': 0, 'budget_violations': [], 'ab_enabled': True, 'active_slot': 'A', 'inactive_slot': 'B', 'active_version': '53b13f0789ba85473f97c99d58ed0f4ef7c089cd0ac979a5cd3fe7e62fde6e3f', 'inactive_version': '53b13f0789ba85473f97c99d58ed0f4ef7c089cd0ac979a5cd3fe7e62fde6e3f', 'slot_capacity_bytes': 16777216, 'boot_attempt_counter': 0, 'max_boot_attempts': 2, 'pending_activation': False, 'health_verdict': 'not_run', 'rollback_performed': False, 'ab_update_valid': False, 'ab_rollback_ready': True, 'slot_storage_bytes': 40960, 'slot_storage_violation': False, 'activation_success': False, 'boot_health_success': False, 'rollback_after_failed_boot': False, 'rollback_success': False, 'reboot_count': 0, 'downtime_seconds': 0.0, 'slot_switch_count': 0}, 'recovered_metrics': {'install_state': 'complete', 'package_size_bytes': 147102, 'network_bytes': 147102, 'staging_area_bytes': 0, 'backup_area_bytes': 40960, 'installed_image_bytes': 51200, 'current_persistent_storage_bytes': 92160, 'peak_persistent_storage_bytes': 167928, 'peak_ram_bytes': 9116, 'flash_write_bytes': 165888, 'download_time_s': 0.073551, 'install_time_s': 0.011445, 'total_time_s': 0.084996, 'checkpoint_count': 1, 'latest_checkpoint_operation': 25, 'rollback_ready': True, 'unsafe_overwrite_count': 0, 'budget_violation_count': 0, 'budget_violations': [], 'ab_enabled': True, 'active_slot': 'B', 'inactive_slot': 'A', 'active_version': '2c89afcb33f91f3a249c50a92cc652778c267a28f5cb05ac69605cb2f2ba7053', 'inactive_version': '53b13f0789ba85473f97c99d58ed0f4ef7c089cd0ac979a5cd3fe7e62fde6e3f', 'slot_capacity_bytes': 16777216, 'boot_attempt_counter': 1, 'max_boot_attempts': 2, 'pending_activation': False, 'health_verdict': 'pass', 'rollback_performed': False, 'ab_update_valid': True, 'ab_rollback_ready': True, 'slot_storage_bytes': 51200, 'slot_storage_violation': False, 'activation_success': True, 'boot_health_success': True, 'rollback_after_failed_boot': False, 'rollback_success': False, 'reboot_count': 1, 'downtime_seconds': 30.0, 'slot_switch_count': 1}, 'recovery_cost': {'discarded_operation_count': 18, 'replayed_operation_count': 23, 'network_bytes': 75768, 'flash_write_bytes': 92160}}",interrupt_075,0,0,True,73728,71334,23,1,1,False,"Synthetic fixture; no Autoware source code, no proprietary AV software, and no third-party model weights",16384,/tmp/smartota-clean-rerun-2942cbd-copy/datasets/manifests/smartota-automotive.json,1,9116,/home/arpan/OTA/.cursor-tutor/ota_environment/data/raw/automotive/autoware-style-perception/autoware-style-perception-new.tar,/home/arpan/OTA/.cursor-tutor/ota_environment/data/raw/automotive/autoware-style-perception/autoware-style-perception-new.tar,2c89afcb33f91f3a249c50a92cc652778c267a28f5cb05ac69605cb2f2ba7053,51200,/home/arpan/OTA/.cursor-tutor/ota_environment/data/raw/automotive/autoware-style-perception/autoware-style-perception-old.tar,/home/arpan/OTA/.cursor-tutor/ota_environment/data/raw/automotive/autoware-style-perception/autoware-style-perception-old.tar,53b13f0789ba85473f97c99d58ed0f4ef7c089cd0ac979a5cd3fe7e62fde6e3f,40960,10,1,5,,7,,autoware_style_perception_module_update,deployment_aware_greedy,CPython,"3.12.7 | packaged by Anaconda, Inc. | (main, Oct  4 2024, 13:27:36) [GCC 11.2.0]",1,,True,True,0.0,False,False,0.02823,0.02823,autoware_style_perception_module_update,1,51200,False,1,Locally generated deterministic fixture inspired by Autoware-style module layout,23,0.032259,2026-07-17T15:45:42.120432+00:00,automotive,True
True,True,True,13,0,True,2c89afcb33f91f3a249c50a92cc652778c267a28f5cb05ac69605cb2f2ba7053,53b13f0789ba85473f97c99d58ed0f4ef7c089cd0ac979a5cd3fe7e62fde6e3f,autoware_module_tar,rsync_rolling_hash,4096,4096,0,13,True,True,uncompressed,deterministic_tar_derivation,smartota-automotive,1.2.6,0.26.2,1.26.4,2.20.0,2.12.0,True,True,True,True,B,2c89afcb33f91f3a249c50a92cc652778c267a28f5cb05ac69605cb2f2ba7053,0,1,True,0,,0,2000000.0,25,True,20000000.0,always_pass,2,realistic,10000000.0,8388608,30.0,True,True,16777216,full_package,25165824,51200,0.060993,30.0,51200,pass,A,53b13f0789ba85473f97c99d58ed0f4ef7c089cd0ac979a5cd3fe7e62fde6e3f,complete,0.00256,51200,0,2,121986,121986,173186,4096,False,1,False,False,False,False,16777216,51200,False,1,0,0.063553,10,autoware_style_av_stack,30.0,0.01168,121986,13,2942cbde2fd344cccea23aabbe8d5bf168610c71,False,0.75,"{'interruption_percentage': 0.75, 'interrupted_after_operations': 10, 'operation_count': 13, 'checkpoint_available': False, 'checkpoint_operation_index': 0, 'resumed_from_checkpoint': False, 'recovery_strategy': 'failed', 'recovery_success': False, 'rollback_success': False, 'rollback_ready_at_interruption': False, 'final_replay_validity': False, 'replay_errors': '', 'recovery_errors': 'no checkpoint and rollback is not ready', 'extra_network_bytes': 0, 'extra_flash_writes': 0, 'total_network_bytes': 97510, 'total_flash_write_bytes': 40960, 'interrupted_metrics': {'install_state': 'interrupted', 'package_size_bytes': 97510, 'network_bytes': 97510, 'staging_area_bytes': 97510, 'backup_area_bytes': 0, 'installed_image_bytes': 40960, 'current_persistent_storage_bytes': 138470, 'peak_persistent_storage_bytes': 138470, 'peak_ram_bytes': 4096, 'flash_write_bytes': 40960, 'download_time_s': 0.048755, 'install_time_s': 0.002048, 'total_time_s': 0.050803, 'checkpoint_count': 0, 'latest_checkpoint_operation': 0, 'rollback_ready': False, 'unsafe_overwrite_count': 10, 'budget_violation_count': 0, 'budget_violations': [], 'ab_enabled': True, 'active_slot': 'A', 'inactive_slot': 'B', 'active_version': '53b13f0789ba85473f97c99d58ed0f4ef7c089cd0ac979a5cd3fe7e62fde6e3f', 'inactive_version': '53b13f0789ba85473f97c99d58ed0f4ef7c089cd0ac979a5cd3fe7e62fde6e3f', 'slot_capacity_bytes': 16777216, 'boot_attempt_counter': 0, 'max_boot_attempts': 2, 'pending_activation': False, 'health_verdict': 'not_run', 'rollback_performed': False, 'ab_update_valid': False, 'ab_rollback_ready': True, 'slot_storage_bytes': 40960, 'slot_storage_violation': False, 'activation_success': False, 'boot_health_success': False, 'rollback_after_failed_boot': False, 'rollback_success': False, 'reboot_count': 0, 'downtime_seconds': 0.0, 'slot_switch_count': 0}, 'recovered_metrics': {}, 'recovery_cost': {'discarded_operation_count': 10, 'replayed_operation_count': 0, 'network_bytes': 0, 'flash_write_bytes': 0}}",interrupt_075,0,1,False,0,0,0,0,1,False,"Synthetic fixture; no Autoware source code, no proprietary AV software, and no third-party model weights",16384,/tmp/smartota-clean-rerun-2942cbd-copy/datasets/manifests/smartota-automotive.json,1,4096,/home/arpan/OTA/.cursor-tutor/ota_environment/data/raw/automotive/autoware-style-perception/autoware-style-perception-new.tar,/home/arpan/OTA/.cursor-tutor/ota_environment/data/raw/automotive/autoware-style-perception/autoware-style-perception-new.tar,2c89afcb33f91f3a249c50a92cc652778c267a28f5cb05ac69605cb2f2ba7053,51200,/home/arpan/OTA/.cursor-tutor/ota_environment/data/raw/automotive/autoware-style-perception/autoware-style-perception-old.tar,/home/arpan/OTA/.cursor-tutor/ota_environment/data/raw/automotive/autoware-style-perception/autoware-style-perception-old.tar,53b13f0789ba85473f97c99d58ed0f4ef7c089cd0ac979a5cd3fe7e62fde6e3f,40960,,,,,13,,autoware_style_perception_module_update,rsync_rolling_hash,CPython,"3.12.7 | packaged by Anaconda, Inc. | (main, Oct  4 2024, 13:27:36) [GCC 11.2.0]",1,,True,True,0.0,False,False,0.01168,0.01168,autoware_style_perception_module_update,1,51200,False,1,Locally generated deterministic fixture inspired by Autoware-style module layout,13,0.013255,2026-07-17T15:45:42.120432+00:00,automotive,True
True,True,True,2,0,True,2c89afcb33f91f3a249c50a92cc652778c267a28f5cb05ac69605cb2f2ba7053,53b13f0789ba85473f97c99d58ed0f4ef7c089cd0ac979a5cd3fe7e62fde6e3f,autoware_module_tar,full_replacement,4096,4096,0,13,True,True,uncompressed,deterministic_tar_derivation,smartota-automotive,1.2.6,0.26.2,1.26.4,2.20.0,2.12.0,True,True,True,True,B,2c89afcb33f91f3a249c50a92cc652778c267a28f5cb05ac69605cb2f2ba7053,0,1,True,0,,0,500000.0,10,True,5000000.0,always_pass,2,constrained,2000000.0,524288,45.0,True,True,8388608,streaming,12582912,51200,0.239526,45.0,51200,pass,A,53b13f0789ba85473f97c99d58ed0f4ef7c089cd0ac979a5cd3fe7e62fde6e3f,complete,0.01024,51200,0,2,119763,119763,207723,51200,False,1,False,False,False,False,8388608,51200,False,1,0,0.249766,1,autoware_style_av_stack,45.0,0.0009,119763,2,2942cbde2fd344cccea23aabbe8d5bf168610c71,False,0.25,"{'interruption_percentage': 0.25, 'interrupted_after_operations': 1, 'operation_count': 2, 'checkpoint_available': False, 'checkpoint_operation_index': 0, 'resumed_from_checkpoint': False, 'recovery_strategy': 'failed', 'recovery_success': False, 'rollback_success': False, 'rollback_ready_at_interruption': False, 'final_replay_validity': False, 'replay_errors': '', 'recovery_errors': 'no checkpoint and rollback is not ready', 'extra_network_bytes': 0, 'extra_flash_writes': 0, 'total_network_bytes': 119659, 'total_flash_write_bytes': 51200, 'interrupted_metrics': {'install_state': 'interrupted', 'package_size_bytes': 119659, 'network_bytes': 119659, 'staging_area_bytes': 0, 'backup_area_bytes': 0, 'installed_image_bytes': 88064, 'current_persistent_storage_bytes': 88064, 'peak_persistent_storage_bytes': 207723, 'peak_ram_bytes': 51200, 'flash_write_bytes': 51200, 'download_time_s': 0.239318, 'install_time_s': 0.01024, 'total_time_s': 0.249558, 'checkpoint_count': 0, 'latest_checkpoint_operation': 0, 'rollback_ready': False, 'unsafe_overwrite_count': 1, 'budget_violation_count': 0, 'budget_violations': [], 'ab_enabled': True, 'active_slot': 'A', 'inactive_slot': 'B', 'active_version': '53b13f0789ba85473f97c99d58ed0f4ef7c089cd0ac979a5cd3fe7e62fde6e3f', 'inactive_version': '53b13f0789ba85473f97c99d58ed0f4ef7c089cd0ac979a5cd3fe7e62fde6e3f', 'slot_capacity_bytes': 8388608, 'boot_attempt_counter': 0, 'max_boot_attempts': 2, 'pending_activation': False, 'health_verdict': 'not_run', 'rollback_performed': False, 'ab_update_valid': False, 'ab_rollback_ready': True, 'slot_storage_bytes': 40960, 'slot_storage_violation': False, 'activation_success': False, 'boot_health_success': False, 'rollback_after_failed_boot': False, 'rollback_success': False, 'reboot_count': 0, 'downtime_seconds': 0.0, 'slot_switch_count': 0}, 'recovered_metrics': {}, 'recovery_cost': {'discarded_operation_count': 1, 'replayed_operation_count': 0, 'network_bytes': 0, 'flash_write_bytes': 0}}",interrupt_025,0,1,False,0,0,0,0,1,False,"Synthetic fixture; no Autoware source code, no proprietary AV software, and no third-party model weights",16384,/tmp/smartota-clean-rerun-2942cbd-copy/datasets/manifests/smartota-automotive.json,1,51200,/home/arpan/OTA/.cursor-tutor/ota_environment/data/raw/automotive/autoware-style-perception/autoware-style-perception-new.tar,/home/arpan/OTA/.cursor-tutor/ota_environment/data/raw/automotive/autoware-style-perception/autoware-style-perception-new.tar,2c89afcb33f91f3a249c50a92cc652778c267a28f5cb05ac69605cb2f2ba7053,51200,/home/arpan/OTA/.cursor-tutor/ota_environment/data/raw/automotive/autoware-style-perception/autoware-style-perception-old.tar,/home/arpan/OTA/.cursor-tutor/ota_environment/data/raw/automotive/autoware-style-perception/autoware-style-perception-old.tar,53b13f0789ba85473f97c99d58ed0f4ef7c089cd0ac979a5cd3fe7e62fde6e3f,40960,,,,,1,1,autoware_style_perception_module_update,full_replacement,CPython,"3.12.7 | packaged by Anaconda, Inc. | (main, Oct  4 2024, 13:27:36) [GCC 11.2.0]",1,,True,True,0.0,False,False,0.0009,0.0009,autoware_style_perception_module_update,1,51200,False,1,Locally generated deterministic fixture inspired by Autoware-style module layout,2,0.002386,2026-07-17T15:45:42.120432+00:00,automotive,True
True,True,True,2,0,True,2c89afcb33f91f3a249c50a92cc652778c267a28f5cb05ac69605cb2f2ba7053,53b13f0789ba85473f97c99d58ed0f4ef7c089cd0ac979a5cd3fe7e62fde6e3f,autoware_module_tar,whole_file_bsdiff,4096,4096,0,13,True,True,uncompressed,deterministic_tar_derivation,smartota-automotive,1.2.6,0.26.2,1.26.4,2.20.0,2.12.0,True,True,True,True,B,2c89afcb33f91f3a249c50a92cc652778c267a28f5cb05ac69605cb2f2ba7053,0,1,True,0,,0,500000.0,10,True,5000000.0,always_pass,2,constrained,2000000.0,524288,45.0,True,True,8388608,streaming,12582912,51200,0.140432,45.0,51200,pass,A,53b13f0789ba85473f97c99d58ed0f4ef7c089cd0ac979a5cd3fe7e62fde6e3f,complete,0.045693,51200,0,2,70216,70216,158176,122106,False,1,False,False,False,False,8388608,51200,False,1,0,0.186125,1,autoware_style_av_stack,45.0,0.014839,70216,2,2942cbde2fd344cccea23aabbe8d5bf168610c71,False,0.25,"{'interruption_percentage': 0.25, 'interrupted_after_operations': 1, 'operation_count': 2, 'checkpoint_available': False, 'checkpoint_operation_index': 0, 'resumed_from_checkpoint': False, 'recovery_strategy': 'failed', 'recovery_success': False, 'rollback_success': False, 'rollback_ready_at_interruption': False, 'final_replay_validity': False, 'replay_errors': '', 'recovery_errors': 'no checkpoint and rollback is not ready', 'extra_network_bytes': 0, 'extra_flash_writes': 0, 'total_network_bytes': 70112, 'total_flash_write_bytes': 51200, 'interrupted_metrics': {'install_state': 'interrupted', 'package_size_bytes': 70112, 'network_bytes': 70112, 'staging_area_bytes': 0, 'backup_area_bytes': 0, 'installed_image_bytes': 88064, 'current_persistent_storage_bytes': 88064, 'peak_persistent_storage_bytes': 158176, 'peak_ram_bytes': 122106, 'flash_write_bytes': 51200, 'download_time_s': 0.140224, 'install_time_s': 0.045693, 'total_time_s': 0.185917, 'checkpoint_count': 0, 'latest_checkpoint_operation': 0, 'rollback_ready': False, 'unsafe_overwrite_count': 1, 'budget_violation_count': 0, 'budget_violations': [], 'ab_enabled': True, 'active_slot': 'A', 'inactive_slot': 'B', 'active_version': '53b13f0789ba85473f97c99d58ed0f4ef7c089cd0ac979a5cd3fe7e62fde6e3f', 'inactive_version': '53b13f0789ba85473f97c99d58ed0f4ef7c089cd0ac979a5cd3fe7e62fde6e3f', 'slot_capacity_bytes': 8388608, 'boot_attempt_counter': 0, 'max_boot_attempts': 2, 'pending_activation': False, 'health_verdict': 'not_run', 'rollback_performed': False, 'ab_update_valid': False, 'ab_rollback_ready': True, 'slot_storage_bytes': 40960, 'slot_storage_violation': False, 'activation_success': False, 'boot_health_success': False, 'rollback_after_failed_boot': False, 'rollback_success': False, 'reboot_count': 0, 'downtime_seconds': 0.0, 'slot_switch_count': 0}, 'recovered_metrics': {}, 'recovery_cost': {'discarded_operation_count': 1, 'replayed_operation_count': 0, 'network_bytes': 0, 'flash_write_bytes': 0}}",interrupt_025,0,1,False,0,0,0,0,1,False,"Synthetic fixture; no Autoware source code, no proprietary AV software, and no third-party model weights",16384,/tmp/smartota-clean-rerun-2942cbd-copy/datasets/manifests/smartota-automotive.json,1,122106,/home/arpan/OTA/.cursor-tutor/ota_environment/data/raw/automotive/autoware-style-perception/autoware-style-perception-new.tar,/home/arpan/OTA/.cursor-tutor/ota_environment/data/raw/automotive/autoware-style-perception/autoware-style-perception-new.tar,2c89afcb33f91f3a249c50a92cc652778c267a28f5cb05ac69605cb2f2ba7053,51200,/home/arpan/OTA/.cursor-tutor/ota_environment/data/raw/automotive/autoware-style-perception/autoware-style-perception-old.tar,/home/arpan/OTA/.cursor-tutor/ota_environment/data/raw/automotive/autoware-style-perception/autoware-style-perception-old.tar,53b13f0789ba85473f97c99d58ed0f4ef7c089cd0ac979a5cd3fe7e62fde6e3f,40960,,,1,,,1,autoware_style_perception_module_update,whole_file_bsdiff,CPython,"3.12.7 | packaged by Anaconda, Inc. | (main, Oct  4 2024, 13:27:36) [GCC 11.2.0]",1,,True,True,0.0,False,False,0.014839,0.014839,autoware_style_perception_module_update,1,51200,False,1,Locally generated deterministic fixture inspired by Autoware-style module layout,2,0.018922,2026-07-17T15:45:42.120432+00:00,automotive,True
True,True,True,13,0,True,2c89afcb33f91f3a249c50a92cc652778c267a28f5cb05ac69605cb2f2ba7053,53b13f0789ba85473f97c99d58ed0f4ef7c089cd0ac979a5cd3fe7e62fde6e3f,autoware_module_tar,blockwise_bsdiff,4096,4096,0,13,True,True,uncompressed,deterministic_tar_derivation,smartota-automotive,1.2.6,0.26.2,1.26.4,2.20.0,2.12.0,True,True,True,True,B,2c89afcb33f91f3a249c50a92cc652778c267a28f5cb05ac69605cb2f2ba7053,0,1,True,0,,1,500000.0,10,True,5000000.0,always_pass,2,constrained,2000000.0,524288,45.0,True,True,8388608,streaming,12582912,51200,0.213384,45.0,51200,pass,A,53b13f0789ba85473f97c99d58ed0f4ef7c089cd0ac979a5cd3fe7e62fde6e3f,complete,0.047872,51200,10,2,106692,106692,58904,12890,False,1,False,False,False,False,8388608,51200,False,1,0,0.261256,10,autoware_style_av_stack,45.0,0.015276,106692,13,2942cbde2fd344cccea23aabbe8d5bf168610c71,False,0.25,"{'interruption_percentage': 0.25, 'interrupted_after_operations': 4, 'operation_count': 13, 'checkpoint_available': False, 'checkpoint_operation_index': 0, 'resumed_from_checkpoint': False, 'recovery_strategy': 'failed', 'recovery_success': False, 'rollback_success': False, 'rollback_ready_at_interruption': False, 'final_replay_validity': False, 'replay_errors': '', 'recovery_errors': 'no checkpoint and rollback is not ready', 'extra_network_bytes': 0, 'extra_flash_writes': 0, 'total_network_bytes': 24182, 'total_flash_write_bytes': 16384, 'interrupted_metrics': {'install_state': 'interrupted', 'package_size_bytes': 24182, 'network_bytes': 24182, 'staging_area_bytes': 0, 'backup_area_bytes': 0, 'installed_image_bytes': 40960, 'current_persistent_storage_bytes': 40960, 'peak_persistent_storage_bytes': 52045, 'peak_ram_bytes': 12849, 'flash_write_bytes': 16384, 'download_time_s': 0.048364, 'install_time_s': 0.016464, 'total_time_s': 0.064828, 'checkpoint_count': 0, 'latest_checkpoint_operation': 0, 'rollback_ready': False, 'unsafe_overwrite_count': 4, 'budget_violation_count': 0, 'budget_violations': [], 'ab_enabled': True, 'active_slot': 'A', 'inactive_slot': 'B', 'active_version': '53b13f0789ba85473f97c99d58ed0f4ef7c089cd0ac979a5cd3fe7e62fde6e3f', 'inactive_version': '53b13f0789ba85473f97c99d58ed0f4ef7c089cd0ac979a5cd3fe7e62fde6e3f', 'slot_capacity_bytes': 8388608, 'boot_attempt_counter': 0, 'max_boot_attempts': 2, 'pending_activation': False, 'health_verdict': 'not_run', 'rollback_performed': False, 'ab_update_valid': False, 'ab_rollback_ready': True, 'slot_storage_bytes': 40960, 'slot_storage_violation': False, 'activation_success': False, 'boot_health_success': False, 'rollback_after_failed_boot': False, 'rollback_success': False, 'reboot_count': 0, 'downtime_seconds': 0.0, 'slot_switch_count': 0}, 'recovered_metrics': {}, 'recovery_cost': {'discarded_operation_count': 4, 'replayed_operation_count': 0, 'network_bytes': 0, 'flash_write_bytes': 0}}",interrupt_025,0,1,False,0,0,0,0,1,False,"Synthetic fixture; no Autoware source code, no proprietary AV software, and no third-party model weights",16384,/tmp/smartota-clean-rerun-2942cbd-copy/datasets/manifests/smartota-automotive.json,1,12890,/home/arpan/OTA/.cursor-tutor/ota_environment/data/raw/automotive/autoware-style-perception/autoware-style-perception-new.tar,/home/arpan/OTA/.cursor-tutor/ota_environment/data/raw/automotive/autoware-style-perception/autoware-style-perception-new.tar,2c89afcb33f91f3a249c50a92cc652778c267a28f5cb05ac69605cb2f2ba7053,51200,/home/arpan/OTA/.cursor-tutor/ota_environment/data/raw/automotive/autoware-style-perception/autoware-style-perception-old.tar,/home/arpan/OTA/.cursor-tutor/ota_environment/data/raw/automotive/autoware-style-perception/autoware-style-perception-old.tar,53b13f0789ba85473f97c99d58ed0f4ef7c089cd0ac979a5cd3fe7e62fde6e3f,40960,,,10,,3,,autoware_style_perception_module_update,blockwise_bsdiff,CPython,"3.12.7 | packaged by Anaconda, Inc. | (main, Oct  4 2024, 13:27:36) [GCC 11.2.0]",1,,True,True,0.0,False,False,0.015276,0.015276,autoware_style_perception_module_update,1,51200,False,1,Locally generated deterministic fixture inspired by Autoware-style module layout,13,0.018826,2026-07-17T15:45:42.120432+00:00,automotive,True
True,True,True,13,0,True,2c89afcb33f91f3a249c50a92cc652778c267a28f5cb05ac69605cb2f2ba7053,53b13f0789ba85473f97c99d58ed0f4ef7c089cd0ac979a5cd3fe7e62fde6e3f,autoware_module_tar,copy_only,4096,4096,0,13,True,True,uncompressed,deterministic_tar_derivation,smartota-automotive,1.2.6,0.26.2,1.26.4,2.20.0,2.12.0,True,True,True,True,B,2c89afcb33f91f3a249c50a92cc652778c267a28f5cb05ac69605cb2f2ba7053,0,1,True,0,,1,500000.0,10,True,5000000.0,always_pass,2,constrained,2000000.0,524288,45.0,True,True,8388608,streaming,12582912,51200,0.243972,45.0,51200,pass,A,53b13f0789ba85473f97c99d58ed0f4ef7c089cd0ac979a5cd3fe7e62fde6e3f,complete,0.01024,51200,10,2,121986,121986,58904,4096,False,1,False,False,False,False,8388608,51200,False,1,0,0.254212,10,autoware_style_av_stack,45.0,0.001253,121986,13,2942cbde2fd344cccea23aabbe8d5bf168610c71,False,0.25,"{'interruption_percentage': 0.25, 'interrupted_after_operations': 4, 'operation_count': 13, 'checkpoint_available': False, 'checkpoint_operation_index': 0, 'resumed_from_checkpoint': False, 'recovery_strategy': 'failed', 'recovery_success': False, 'rollback_success': False, 'rollback_ready_at_interruption': False, 'final_replay_validity': False, 'replay_errors': '', 'recovery_errors': 'no checkpoint and rollback is not ready', 'extra_network_bytes': 0, 'extra_flash_writes': 0, 'total_network_bytes': 39004, 'total_flash_write_bytes': 16384, 'interrupted_metrics': {'install_state': 'interrupted', 'package_size_bytes': 39004, 'network_bytes': 39004, 'staging_area_bytes': 0, 'backup_area_bytes': 0, 'installed_image_bytes': 40960, 'current_persistent_storage_bytes': 40960, 'peak_persistent_storage_bytes': 50711, 'peak_ram_bytes': 4096, 'flash_write_bytes': 16384, 'download_time_s': 0.078008, 'install_time_s': 0.003277, 'total_time_s': 0.081285, 'checkpoint_count': 0, 'latest_checkpoint_operation': 0, 'rollback_ready': False, 'unsafe_overwrite_count': 4, 'budget_violation_count': 0, 'budget_violations': [], 'ab_enabled': True, 'active_slot': 'A', 'inactive_slot': 'B', 'active_version': '53b13f0789ba85473f97c99d58ed0f4ef7c089cd0ac979a5cd3fe7e62fde6e3f', 'inactive_version': '53b13f0789ba85473f97c99d58ed0f4ef7c089cd0ac979a5cd3fe7e62fde6e3f', 'slot_capacity_bytes': 8388608, 'boot_attempt_counter': 0, 'max_boot_attempts': 2, 'pending_activation': False, 'health_verdict': 'not_run', 'rollback_performed': False, 'ab_update_valid': False, 'ab_rollback_ready': True, 'slot_storage_bytes': 40960, 'slot_storage_violation': False, 'activation_success': False, 'boot_health_success': False, 'rollback_after_failed_boot': False, 'rollback_success': False, 'reboot_count': 0, 'downtime_seconds': 0.0, 'slot_switch_count': 0}, 'recovered_metrics': {}, 'recovery_cost': {'discarded_operation_count': 4, 'replayed_operation_count': 0, 'network_bytes': 0, 'flash_write_bytes': 0}}",interrupt_025,0,1,False,0,0,0,0,1,False,"Synthetic fixture; no Autoware source code, no proprietary AV software, and no third-party model weights",16384,/tmp/smartota-clean-rerun-2942cbd-copy/datasets/manifests/smartota-automotive.json,1,4096,/home/arpan/OTA/.cursor-tutor/ota_environment/data/raw/automotive/autoware-style-perception/autoware-style-perception-new.tar,/home/arpan/OTA/.cursor-tutor/ota_environment/data/raw/automotive/autoware-style-perception/autoware-style-perception-new.tar,2c89afcb33f91f3a249c50a92cc652778c267a28f5cb05ac69605cb2f2ba7053,51200,/home/arpan/OTA/.cursor-tutor/ota_environment/data/raw/automotive/autoware-style-perception/autoware-style-perception-old.tar,/home/arpan/OTA/.cursor-tutor/ota_environment/data/raw/automotive/autoware-style-perception/autoware-style-perception-old.tar,53b13f0789ba85473f97c99d58ed0f4ef7c089cd0ac979a5cd3fe7e62fde6e3f,40960,,,,,13,,autoware_style_perception_module_update,copy_only,CPython,"3.12.7 | packaged by Anaconda, Inc. | (main, Oct  4 2024, 13:27:36) [GCC 11.2.0]",1,,True,True,0.0,False,False,0.001253,0.001253,autoware_style_perception_module_update,1,51200,False,1,Locally generated deterministic fixture inspired by Autoware-style module layout,13,0.00256,2026-07-17T15:45:42.120432+00:00,automotive,True
True,True,True,13,0,True,2c89afcb33f91f3a249c50a92cc652778c267a28f5cb05ac69605cb2f2ba7053,53b13f0789ba85473f97c99d58ed0f4ef7c089cd0ac979a5cd3fe7e62fde6e3f,autoware_module_tar,copy_delta,4096,4096,0,13,True,True,uncompressed,deterministic_tar_derivation,smartota-automotive,1.2.6,0.26.2,1.26.4,2.20.0,2.12.0,True,True,True,True,B,2c89afcb33f91f3a249c50a92cc652778c267a28f5cb05ac69605cb2f2ba7053,0,1,True,0,,1,500000.0,10,True,5000000.0,always_pass,2,constrained,2000000.0,524288,45.0,True,True,8388608,streaming,12582912,51200,0.150584,45.0,51200,pass,A,53b13f0789ba85473f97c99d58ed0f4ef7c089cd0ac979a5cd3fe7e62fde6e3f,complete,0.023755,51200,10,2,75292,75292,51732,9116,False,1,False,False,False,False,8388608,51200,False,1,0,0.174339,10,autoware_style_av_stack,45.0,0.016882,75292,13,2942cbde2fd344cccea23aabbe8d5bf168610c71,False,0.25,"{'interruption_percentage': 0.25, 'interrupted_after_operations': 4, 'operation_count': 13, 'checkpoint_available': False, 'checkpoint_operation_index': 0, 'resumed_from_checkpoint': False, 'recovery_strategy': 'failed', 'recovery_success': False, 'rollback_success': False, 'rollback_ready_at_interruption': False, 'final_replay_validity': False, 'replay_errors': '', 'recovery_errors': 'no checkpoint and rollback is not ready', 'extra_network_bytes': 0, 'extra_flash_writes': 0, 'total_network_bytes': 21535, 'total_flash_write_bytes': 16384, 'interrupted_metrics': {'install_state': 'interrupted', 'package_size_bytes': 21535, 'network_bytes': 21535, 'staging_area_bytes': 0, 'backup_area_bytes': 0, 'installed_image_bytes': 40960, 'current_persistent_storage_bytes': 40960, 'peak_persistent_storage_bytes': 50711, 'peak_ram_bytes': 8589, 'flash_write_bytes': 16384, 'download_time_s': 0.04307, 'install_time_s': 0.007715, 'total_time_s': 0.050785, 'checkpoint_count': 0, 'latest_checkpoint_operation': 0, 'rollback_ready': False, 'unsafe_overwrite_count': 4, 'budget_violation_count': 0, 'budget_violations': [], 'ab_enabled': True, 'active_slot': 'A', 'inactive_slot': 'B', 'active_version': '53b13f0789ba85473f97c99d58ed0f4ef7c089cd0ac979a5cd3fe7e62fde6e3f', 'inactive_version': '53b13f0789ba85473f97c99d58ed0f4ef7c089cd0ac979a5cd3fe7e62fde6e3f', 'slot_capacity_bytes': 8388608, 'boot_attempt_counter': 0, 'max_boot_attempts': 2, 'pending_activation': False, 'health_verdict': 'not_run', 'rollback_performed': False, 'ab_update_valid': False, 'ab_rollback_ready': True, 'slot_storage_bytes': 40960, 'slot_storage_violation': False, 'activation_success': False, 'boot_health_success': False, 'rollback_after_failed_boot': False, 'rollback_success': False, 'reboot_count': 0, 'downtime_seconds': 0.0, 'slot_switch_count': 0}, 'recovered_metrics': {}, 'recovery_cost': {'discarded_operation_count': 4, 'replayed_operation_count': 0, 'network_bytes': 0, 'flash_write_bytes': 0}}",interrupt_025,0,1,False,0,0,0,0,1,False,"Synthetic fixture; no Autoware source code, no proprietary AV software, and no third-party model weights",16384,/tmp/smartota-clean-rerun-2942cbd-copy/datasets/manifests/smartota-automotive.json,1,9116,/home/arpan/OTA/.cursor-tutor/ota_environment/data/raw/automotive/autoware-style-perception/autoware-style-perception-new.tar,/home/arpan/OTA/.cursor-tutor/ota_environment/data/raw/automotive/autoware-style-perception/autoware-style-perception-new.tar,2c89afcb33f91f3a249c50a92cc652778c267a28f5cb05ac69605cb2f2ba7053,51200,/home/arpan/OTA/.cursor-tutor/ota_environment/data/raw/automotive/autoware-style-perception/autoware-style-perception-old.tar,/home/arpan/OTA/.cursor-tutor/ota_environment/data/raw/automotive/autoware-style-perception/autoware-style-perception-old.tar,53b13f0789ba85473f97c99d58ed0f4ef7c089cd0ac979a5cd3fe7e62fde6e3f,40960,,,6,,7,,autoware_style_perception_module_update,copy_delta,CPython,"3.12.7 | packaged by Anaconda, Inc. | (main, Oct  4 2024, 13:27:36) [GCC 11.2.0]",1,,True,True,0.0,False,False,0.016882,0.016882,autoware_style_perception_module_update,1,51200,False,1,Locally generated deterministic fixture inspired by Autoware-style module layout,13,0.018475,2026-07-17T15:45:42.120432+00:00,automotive,True
True,True,True,13,10,True,2c89afcb33f91f3a249c50a92cc652778c267a28f5cb05ac69605cb2f2ba7053,53b13f0789ba85473f97c99d58ed0f4ef7c089cd0ac979a5cd3fe7e62fde6e3f,autoware_module_tar,backup_safe_copy_delta,4096,4096,0,13,True,True,uncompressed,deterministic_tar_derivation,smartota-automotive,1.2.6,0.26.2,1.26.4,2.20.0,2.12.0,True,True,True,True,B,2c89afcb33f91f3a249c50a92cc652778c267a28f5cb05ac69605cb2f2ba7053,40960,1,True,0,,2,500000.0,10,True,5000000.0,always_pass,2,constrained,2000000.0,524288,45.0,True,True,8388608,streaming,12582912,92160,0.151536,45.0,92160,pass,A,53b13f0789ba85473f97c99d58ed0f4ef7c089cd0ac979a5cd3fe7e62fde6e3f,complete,0.029748,51200,20,2,75768,75768,92692,9116,False,1,False,False,True,False,8388608,51200,False,1,0,0.181284,0,autoware_style_av_stack,45.0,0.028765,75768,23,2942cbde2fd344cccea23aabbe8d5bf168610c71,False,0.25,"{'interruption_percentage': 0.25, 'interrupted_after_operations': 6, 'operation_count': 23, 'checkpoint_available': False, 'checkpoint_operation_index': 0, 'resumed_from_checkpoint': False, 'recovery_strategy': 'rollback_reinstall', 'recovery_success': True, 'rollback_success': True, 'rollback_ready_at_interruption': True, 'final_replay_validity': True, 'replay_errors': '', 'recovery_errors': '', 'extra_network_bytes': 12132, 'extra_flash_writes': 24576, 'total_network_bytes': 87900, 'total_flash_write_bytes': 116736, 'interrupted_metrics': {'install_state': 'interrupted', 'package_size_bytes': 12132, 'network_bytes': 12132, 'staging_area_bytes': 0, 'backup_area_bytes': 12288, 'installed_image_bytes': 40960, 'current_persistent_storage_bytes': 53248, 'peak_persistent_storage_bytes': 62999, 'peak_ram_bytes': 8589, 'flash_write_bytes': 24576, 'download_time_s': 0.024264, 'install_time_s': 0.009354, 'total_time_s': 0.033618, 'checkpoint_count': 0, 'latest_checkpoint_operation': 0, 'rollback_ready': True, 'unsafe_overwrite_count': 0, 'budget_violation_count': 0, 'budget_violations': [], 'ab_enabled': True, 'active_slot': 'A', 'inactive_slot': 'B', 'active_version': '53b13f0789ba85473f97c99d58ed0f4ef7c089cd0ac979a5cd3fe7e62fde6e3f', 'inactive_version': '53b13f0789ba85473f97c99d58ed0f4ef7c089cd0ac979a5cd3fe7e62fde6e3f', 'slot_capacity_bytes': 8388608, 'boot_attempt_counter': 0, 'max_boot_attempts': 2, 'pending_activation': False, 'health_verdict': 'not_run', 'rollback_performed': False, 'ab_update_valid': False, 'ab_rollback_ready': True, 'slot_storage_bytes': 40960, 'slot_storage_violation': False, 'activation_success': False, 'boot_health_success': False, 'rollback_after_failed_boot': False, 'rollback_success': False, 'reboot_count': 0, 'downtime_seconds': 0.0, 'slot_switch_count': 0}, 'recovered_metrics': {'install_state': 'complete', 'package_size_bytes': 87900, 'network_bytes': 87900, 'staging_area_bytes': 0, 'backup_area_bytes': 40960, 'installed_image_bytes': 51200, 'current_persistent_storage_bytes': 92160, 'peak_persistent_storage_bytes': 92692, 'peak_ram_bytes': 9116, 'flash_write_bytes': 116736, 'download_time_s': 0.1758, 'install_time_s': 0.039102, 'total_time_s': 0.214902, 'checkpoint_count': 2, 'latest_checkpoint_operation': 20, 'rollback_ready': True, 'unsafe_overwrite_count': 0, 'budget_violation_count': 0, 'budget_violations': [], 'ab_enabled': True, 'active_slot': 'B', 'inactive_slot': 'A', 'active_version': '2c89afcb33f91f3a249c50a92cc652778c267a28f5cb05ac69605cb2f2ba7053', 'inactive_version': '53b13f0789ba85473f97c99d58ed0f4ef7c089cd0ac979a5cd3fe7e62fde6e3f', 'slot_capacity_bytes': 8388608, 'boot_attempt_counter': 1, 'max_boot_attempts': 2, 'pending_activation': False, 'health_verdict': 'pass', 'rollback_performed': False, 'ab_update_valid': True, 'ab_rollback_ready': True, 'slot_storage_bytes': 51200, 'slot_storage_violation': False, 'activation_success': True, 'boot_health_success': True, 'rollback_after_failed_boot': False, 'rollback_success': False, 'reboot_count': 1, 'downtime_seconds': 45.0, 'slot_switch_count': 1}, 'recovery_cost': {'discarded_operation_count': 6, 'replayed_operation_count': 23, 'network_bytes': 75768, 'flash_write_bytes': 92160}}",interrupt_025,0,0,True,24576,12132,23,1,1,False,"Synthetic fixture; no Autoware source code, no proprietary AV software, and no third-party model weights",16384,/tmp/smartota-clean-rerun-2942cbd-copy/datasets/manifests/smartota-automotive.json,1,9116,/home/arpan/OTA/.cursor-tutor/ota_environment/data/raw/automotive/autoware-style-perception/autoware-style-perception-new.tar,/home/arpan/OTA/.cursor-tutor/ota_environment/data/raw/automotive/autoware-style-perception/autoware-style-perception-new.tar,2c89afcb33f91f3a249c50a92cc652778c267a28f5cb05ac69605cb2f2ba7053,51200,/home/arpan/OTA/.cursor-tutor/ota_environment/data/raw/automotive/autoware-style-perception/autoware-style-perception-old.tar,/home/arpan/OTA/.cursor-tutor/ota_environment/data/raw/automotive/autoware-style-perception/autoware-style-perception-old.tar,53b13f0789ba85473f97c99d58ed0f4ef7c089cd0ac979a5cd3fe7e62fde6e3f,40960,10,1,5,,7,,autoware_style_perception_module_update,backup_safe_copy_delta,CPython,"3.12.7 | packaged by Anaconda, Inc. | (main, Oct  4 2024, 13:27:36) [GCC 11.2.0]",1,,True,True,0.0,False,False,0.028765,0.028765,autoware_style_perception_module_update,1,51200,False,1,Locally generated deterministic fixture inspired by Autoware-style module layout,23,0.032395,2026-07-17T15:45:42.120432+00:00,automotive,True
True,True,True,13,10,True,2c89afcb33f91f3a249c50a92cc652778c267a28f5cb05ac69605cb2f2ba7053,53b13f0789ba85473f97c99d58ed0f4ef7c089cd0ac979a5cd3fe7e62fde6e3f,autoware_module_tar,deployment_aware_greedy,4096,4096,0,13,True,True,uncompressed,deterministic_tar_derivation,smartota-automotive,1.2.6,0.26.2,1.26.4,2.20.0,2.12.0,True,True,True,True,B,2c89afcb33f91f3a249c50a92cc652778c267a28f5cb05ac69605cb2f2ba7053,40960,1,True,0,,2,500000.0,10,True,5000000.0,always_pass,2,constrained,2000000.0,524288,45.0,True,True,8388608,streaming,12582912,92160,0.151536,45.0,92160,pass,A,53b13f0789ba85473f97c99d58ed0f4ef7c089cd0ac979a5cd3fe7e62fde6e3f,complete,0.029748,51200,20,2,75768,75768,92692,9116,False,1,False,False,True,False,8388608,51200,False,1,0,0.181284,0,autoware_style_av_stack,45.0,0.029678,75768,23,2942cbde2fd344cccea23aabbe8d5bf168610c71,False,0.25,"{'interruption_percentage': 0.25, 'interrupted_after_operations': 6, 'operation_count': 23, 'checkpoint_available': False, 'checkpoint_operation_index': 0, 'resumed_from_checkpoint': False, 'recovery_strategy': 'rollback_reinstall', 'recovery_success': True, 'rollback_success': True, 'rollback_ready_at_interruption': True, 'final_replay_validity': True, 'replay_errors': '', 'recovery_errors': '', 'extra_network_bytes': 12132, 'extra_flash_writes': 24576, 'total_network_bytes': 87900, 'total_flash_write_bytes': 116736, 'interrupted_metrics': {'install_state': 'interrupted', 'package_size_bytes': 12132, 'network_bytes': 12132, 'staging_area_bytes': 0, 'backup_area_bytes': 12288, 'installed_image_bytes': 40960, 'current_persistent_storage_bytes': 53248, 'peak_persistent_storage_bytes': 62999, 'peak_ram_bytes': 8589, 'flash_write_bytes': 24576, 'download_time_s': 0.024264, 'install_time_s': 0.009354, 'total_time_s': 0.033618, 'checkpoint_count': 0, 'latest_checkpoint_operation': 0, 'rollback_ready': True, 'unsafe_overwrite_count': 0, 'budget_violation_count': 0, 'budget_violations': [], 'ab_enabled': True, 'active_slot': 'A', 'inactive_slot': 'B', 'active_version': '53b13f0789ba85473f97c99d58ed0f4ef7c089cd0ac979a5cd3fe7e62fde6e3f', 'inactive_version': '53b13f0789ba85473f97c99d58ed0f4ef7c089cd0ac979a5cd3fe7e62fde6e3f', 'slot_capacity_bytes': 8388608, 'boot_attempt_counter': 0, 'max_boot_attempts': 2, 'pending_activation': False, 'health_verdict': 'not_run', 'rollback_performed': False, 'ab_update_valid': False, 'ab_rollback_ready': True, 'slot_storage_bytes': 40960, 'slot_storage_violation': False, 'activation_success': False, 'boot_health_success': False, 'rollback_after_failed_boot': False, 'rollback_success': False, 'reboot_count': 0, 'downtime_seconds': 0.0, 'slot_switch_count': 0}, 'recovered_metrics': {'install_state': 'complete', 'package_size_bytes': 87900, 'network_bytes': 87900, 'staging_area_bytes': 0, 'backup_area_bytes': 40960, 'installed_image_bytes': 51200, 'current_persistent_storage_bytes': 92160, 'peak_persistent_storage_bytes': 92692, 'peak_ram_bytes': 9116, 'flash_write_bytes': 116736, 'download_time_s': 0.1758, 'install_time_s': 0.039102, 'total_time_s': 0.214902, 'checkpoint_count': 2, 'latest_checkpoint_operation': 20, 'rollback_ready': True, 'unsafe_overwrite_count': 0, 'budget_violation_count': 0, 'budget_violations': [], 'ab_enabled': True, 'active_slot': 'B', 'inactive_slot': 'A', 'active_version': '2c89afcb33f91f3a249c50a92cc652778c267a28f5cb05ac69605cb2f2ba7053', 'inactive_version': '53b13f0789ba85473f97c99d58ed0f4ef7c089cd0ac979a5cd3fe7e62fde6e3f', 'slot_capacity_bytes': 8388608, 'boot_attempt_counter': 1, 'max_boot_attempts': 2, 'pending_activation': False, 'health_verdict': 'pass', 'rollback_performed': False, 'ab_update_valid': True, 'ab_rollback_ready': True, 'slot_storage_bytes': 51200, 'slot_storage_violation': False, 'activation_success': True, 'boot_health_success': True, 'rollback_after_failed_boot': False, 'rollback_success': False, 'reboot_count': 1, 'downtime_seconds': 45.0, 'slot_switch_count': 1}, 'recovery_cost': {'discarded_operation_count': 6, 'replayed_operation_count': 23, 'network_bytes': 75768, 'flash_write_bytes': 92160}}",interrupt_025,0,0,True,24576,12132,23,1,1,False,"Synthetic fixture; no Autoware source code, no proprietary AV software, and no third-party model weights",16384,/tmp/smartota-clean-rerun-2942cbd-copy/datasets/manifests/smartota-automotive.json,1,9116,/home/arpan/OTA/.cursor-tutor/ota_environment/data/raw/automotive/autoware-style-perception/autoware-style-perception-new.tar,/home/arpan/OTA/.cursor-tutor/ota_environment/data/raw/automotive/autoware-style-perception/autoware-style-perception-new.tar,2c89afcb33f91f3a249c50a92cc652778c267a28f5cb05ac69605cb2f2ba7053,51200,/home/arpan/OTA/.cursor-tutor/ota_environment/data/raw/automotive/autoware-style-perception/autoware-style-perception-old.tar,/home/arpan/OTA/.cursor-tutor/ota_environment/data/raw/automotive/autoware-style-perception/autoware-style-perception-old.tar,53b13f0789ba85473f97c99d58ed0f4ef7c089cd0ac979a5cd3fe7e62fde6e3f,40960,10,1,5,,7,,autoware_style_perception_module_update,deployment_aware_greedy,CPython,"3.12.7 | packaged by Anaconda, Inc. | (main, Oct  4 2024, 13:27:36) [GCC 11.2.0]",1,,True,True,0.0,False,False,0.029678,0.029678,autoware_style_perception_module_update,1,51200,False,1,Locally generated deterministic fixture inspired by Autoware-style module layout,23,0.033184,2026-07-17T15:45:42.120432+00:00,automotive,True
True,True,True,13,0,True,2c89afcb33f91f3a249c50a92cc652778c267a28f5cb05ac69605cb2f2ba7053,53b13f0789ba85473f97c99d58ed0f4ef7c089cd0ac979a5cd3fe7e62fde6e3f,autoware_module_tar,rsync_rolling_hash,4096,4096,0,13,True,True,uncompressed,deterministic_tar_derivation,smartota-automotive,1.2.6,0.26.2,1.26.4,2.20.0,2.12.0,True,True,True,True,B,2c89afcb33f91f3a249c50a92cc652778c267a28f5cb05ac69605cb2f2ba7053,0,1,True,0,,1,500000.0,10,True,5000000.0,always_pass,2,constrained,2000000.0,524288,45.0,True,True,8388608,streaming,12582912,51200,0.243972,45.0,51200,pass,A,53b13f0789ba85473f97c99d58ed0f4ef7c089cd0ac979a5cd3fe7e62fde6e3f,complete,0.01024,51200,10,2,121986,121986,58904,4096,False,1,False,False,False,False,8388608,51200,False,1,0,0.254212,10,autoware_style_av_stack,45.0,0.011523,121986,13,2942cbde2fd344cccea23aabbe8d5bf168610c71,False,0.25,"{'interruption_percentage': 0.25, 'interrupted_after_operations': 4, 'operation_count': 13, 'checkpoint_available': False, 'checkpoint_operation_index': 0, 'resumed_from_checkpoint': False, 'recovery_strategy': 'failed', 'recovery_success': False, 'rollback_success': False, 'rollback_ready_at_interruption': False, 'final_replay_validity': False, 'replay_errors': '', 'recovery_errors': 'no checkpoint and rollback is not ready', 'extra_network_bytes': 0, 'extra_flash_writes': 0, 'total_network_bytes': 39004, 'total_flash_write_bytes': 16384, 'interrupted_metrics': {'install_state': 'interrupted', 'package_size_bytes': 39004, 'network_bytes': 39004, 'staging_area_bytes': 0, 'backup_area_bytes': 0, 'installed_image_bytes': 40960, 'current_persistent_storage_bytes': 40960, 'peak_persistent_storage_bytes': 50711, 'peak_ram_bytes': 4096, 'flash_write_bytes': 16384, 'download_time_s': 0.078008, 'install_time_s': 0.003277, 'total_time_s': 0.081285, 'checkpoint_count': 0, 'latest_checkpoint_operation': 0, 'rollback_ready': False, 'unsafe_overwrite_count': 4, 'budget_violation_count': 0, 'budget_violations': [], 'ab_enabled': True, 'active_slot': 'A', 'inactive_slot': 'B', 'active_version': '53b13f0789ba85473f97c99d58ed0f4ef7c089cd0ac979a5cd3fe7e62fde6e3f', 'inactive_version': '53b13f0789ba85473f97c99d58ed0f4ef7c089cd0ac979a5cd3fe7e62fde6e3f', 'slot_capacity_bytes': 8388608, 'boot_attempt_counter': 0, 'max_boot_attempts': 2, 'pending_activation': False, 'health_verdict': 'not_run', 'rollback_performed': False, 'ab_update_valid': False, 'ab_rollback_ready': True, 'slot_storage_bytes': 40960, 'slot_storage_violation': False, 'activation_success': False, 'boot_health_success': False, 'rollback_after_failed_boot': False, 'rollback_success': False, 'reboot_count': 0, 'downtime_seconds': 0.0, 'slot_switch_count': 0}, 'recovered_metrics': {}, 'recovery_cost': {'discarded_operation_count': 4, 'replayed_operation_count': 0, 'network_bytes': 0, 'flash_write_bytes': 0}}",interrupt_025,0,1,False,0,0,0,0,1,False,"Synthetic fixture; no Autoware source code, no proprietary AV software, and no third-party model weights",16384,/tmp/smartota-clean-rerun-2942cbd-copy/datasets/manifests/smartota-automotive.json,1,4096,/home/arpan/OTA/.cursor-tutor/ota_environment/data/raw/automotive/autoware-style-perception/autoware-style-perception-new.tar,/home/arpan/OTA/.cursor-tutor/ota_environment/data/raw/automotive/autoware-style-perception/autoware-style-perception-new.tar,2c89afcb33f91f3a249c50a92cc652778c267a28f5cb05ac69605cb2f2ba7053,51200,/home/arpan/OTA/.cursor-tutor/ota_environment/data/raw/automotive/autoware-style-perception/autoware-style-perception-old.tar,/home/arpan/OTA/.cursor-tutor/ota_environment/data/raw/automotive/autoware-style-perception/autoware-style-perception-old.tar,53b13f0789ba85473f97c99d58ed0f4ef7c089cd0ac979a5cd3fe7e62fde6e3f,40960,,,,,13,,autoware_style_perception_module_update,rsync_rolling_hash,CPython,"3.12.7 | packaged by Anaconda, Inc. | (main, Oct  4 2024, 13:27:36) [GCC 11.2.0]",1,,True,True,0.0,False,False,0.011523,0.011523,autoware_style_perception_module_update,1,51200,False,1,Locally generated deterministic fixture inspired by Autoware-style module layout,13,0.012806,2026-07-17T15:45:42.120432+00:00,automotive,True
True,True,True,2,0,True,2c89afcb33f91f3a249c50a92cc652778c267a28f5cb05ac69605cb2f2ba7053,53b13f0789ba85473f97c99d58ed0f4ef7c089cd0ac979a5cd3fe7e62fde6e3f,autoware_module_tar,full_replacement,4096,4096,0,13,True,True,uncompressed,deterministic_tar_derivation,smartota-automotive,1.2.6,0.26.2,1.26.4,2.20.0,2.12.0,True,True,True,True,B,2c89afcb33f91f3a249c50a92cc652778c267a28f5cb05ac69605cb2f2ba7053,0,1,True,0,,0,500000.0,10,True,5000000.0,always_pass,2,constrained,2000000.0,524288,45.0,True,True,8388608,streaming,12582912,51200,0.239526,45.0,51200,pass,A,53b13f0789ba85473f97c99d58ed0f4ef7c089cd0ac979a5cd3fe7e62fde6e3f,complete,0.01024,51200,0,2,119763,119763,207723,51200,False,1,False,False,False,False,8388608,51200,False,1,0,0.249766,1,autoware_style_av_stack,45.0,0.000867,119763,2,2942cbde2fd344cccea23aabbe8d5bf168610c71,False,0.5,"{'interruption_percentage': 0.5, 'interrupted_after_operations': 1, 'operation_count': 2, 'checkpoint_available': False, 'checkpoint_operation_index': 0, 'resumed_from_checkpoint': False, 'recovery_strategy': 'failed', 'recovery_success': False, 'rollback_success': False, 'rollback_ready_at_interruption': False, 'final_replay_validity': False, 'replay_errors': '', 'recovery_errors': 'no checkpoint and rollback is not ready', 'extra_network_bytes': 0, 'extra_flash_writes': 0, 'total_network_bytes': 119659, 'total_flash_write_bytes': 51200, 'interrupted_metrics': {'install_state': 'interrupted', 'package_size_bytes': 119659, 'network_bytes': 119659, 'staging_area_bytes': 0, 'backup_area_bytes': 0, 'installed_image_bytes': 88064, 'current_persistent_storage_bytes': 88064, 'peak_persistent_storage_bytes': 207723, 'peak_ram_bytes': 51200, 'flash_write_bytes': 51200, 'download_time_s': 0.239318, 'install_time_s': 0.01024, 'total_time_s': 0.249558, 'checkpoint_count': 0, 'latest_checkpoint_operation': 0, 'rollback_ready': False, 'unsafe_overwrite_count': 1, 'budget_violation_count': 0, 'budget_violations': [], 'ab_enabled': True, 'active_slot': 'A', 'inactive_slot': 'B', 'active_version': '53b13f0789ba85473f97c99d58ed0f4ef7c089cd0ac979a5cd3fe7e62fde6e3f', 'inactive_version': '53b13f0789ba85473f97c99d58ed0f4ef7c089cd0ac979a5cd3fe7e62fde6e3f', 'slot_capacity_bytes': 8388608, 'boot_attempt_counter': 0, 'max_boot_attempts': 2, 'pending_activation': False, 'health_verdict': 'not_run', 'rollback_performed': False, 'ab_update_valid': False, 'ab_rollback_ready': True, 'slot_storage_bytes': 40960, 'slot_storage_violation': False, 'activation_success': False, 'boot_health_success': False, 'rollback_after_failed_boot': False, 'rollback_success': False, 'reboot_count': 0, 'downtime_seconds': 0.0, 'slot_switch_count': 0}, 'recovered_metrics': {}, 'recovery_cost': {'discarded_operation_count': 1, 'replayed_operation_count': 0, 'network_bytes': 0, 'flash_write_bytes': 0}}",interrupt_050,0,1,False,0,0,0,0,1,False,"Synthetic fixture; no Autoware source code, no proprietary AV software, and no third-party model weights",16384,/tmp/smartota-clean-rerun-2942cbd-copy/datasets/manifests/smartota-automotive.json,1,51200,/home/arpan/OTA/.cursor-tutor/ota_environment/data/raw/automotive/autoware-style-perception/autoware-style-perception-new.tar,/home/arpan/OTA/.cursor-tutor/ota_environment/data/raw/automotive/autoware-style-perception/autoware-style-perception-new.tar,2c89afcb33f91f3a249c50a92cc652778c267a28f5cb05ac69605cb2f2ba7053,51200,/home/arpan/OTA/.cursor-tutor/ota_environment/data/raw/automotive/autoware-style-perception/autoware-style-perception-old.tar,/home/arpan/OTA/.cursor-tutor/ota_environment/data/raw/automotive/autoware-style-perception/autoware-style-perception-old.tar,53b13f0789ba85473f97c99d58ed0f4ef7c089cd0ac979a5cd3fe7e62fde6e3f,40960,,,,,1,1,autoware_style_perception_module_update,full_replacement,CPython,"3.12.7 | packaged by Anaconda, Inc. | (main, Oct  4 2024, 13:27:36) [GCC 11.2.0]",1,,True,True,0.0,False,False,0.000867,0.000867,autoware_style_perception_module_update,1,51200,False,1,Locally generated deterministic fixture inspired by Autoware-style module layout,2,0.002256,2026-07-17T15:45:42.120432+00:00,automotive,True
True,True,True,2,0,True,2c89afcb33f91f3a249c50a92cc652778c267a28f5cb05ac69605cb2f2ba7053,53b13f0789ba85473f97c99d58ed0f4ef7c089cd0ac979a5cd3fe7e62fde6e3f,autoware_module_tar,whole_file_bsdiff,4096,4096,0,13,True,True,uncompressed,deterministic_tar_derivation,smartota-automotive,1.2.6,0.26.2,1.26.4,2.20.0,2.12.0,True,True,True,True,B,2c89afcb33f91f3a249c50a92cc652778c267a28f5cb05ac69605cb2f2ba7053,0,1,True,0,,0,500000.0,10,True,5000000.0,always_pass,2,constrained,2000000.0,524288,45.0,True,True,8388608,streaming,12582912,51200,0.140432,45.0,51200,pass,A,53b13f0789ba85473f97c99d58ed0f4ef7c089cd0ac979a5cd3fe7e62fde6e3f,complete,0.045693,51200,0,2,70216,70216,158176,122106,False,1,False,False,False,False,8388608,51200,False,1,0,0.186125,1,autoware_style_av_stack,45.0,0.014646,70216,2,2942cbde2fd344cccea23aabbe8d5bf168610c71,False,0.5,"{'interruption_percentage': 0.5, 'interrupted_after_operations': 1, 'operation_count': 2, 'checkpoint_available': False, 'checkpoint_operation_index': 0, 'resumed_from_checkpoint': False, 'recovery_strategy': 'failed', 'recovery_success': False, 'rollback_success': False, 'rollback_ready_at_interruption': False, 'final_replay_validity': False, 'replay_errors': '', 'recovery_errors': 'no checkpoint and rollback is not ready', 'extra_network_bytes': 0, 'extra_flash_writes': 0, 'total_network_bytes': 70112, 'total_flash_write_bytes': 51200, 'interrupted_metrics': {'install_state': 'interrupted', 'package_size_bytes': 70112, 'network_bytes': 70112, 'staging_area_bytes': 0, 'backup_area_bytes': 0, 'installed_image_bytes': 88064, 'current_persistent_storage_bytes': 88064, 'peak_persistent_storage_bytes': 158176, 'peak_ram_bytes': 122106, 'flash_write_bytes': 51200, 'download_time_s': 0.140224, 'install_time_s': 0.045693, 'total_time_s': 0.185917, 'checkpoint_count': 0, 'latest_checkpoint_operation': 0, 'rollback_ready': False, 'unsafe_overwrite_count': 1, 'budget_violation_count': 0, 'budget_violations': [], 'ab_enabled': True, 'active_slot': 'A', 'inactive_slot': 'B', 'active_version': '53b13f0789ba85473f97c99d58ed0f4ef7c089cd0ac979a5cd3fe7e62fde6e3f', 'inactive_version': '53b13f0789ba85473f97c99d58ed0f4ef7c089cd0ac979a5cd3fe7e62fde6e3f', 'slot_capacity_bytes': 8388608, 'boot_attempt_counter': 0, 'max_boot_attempts': 2, 'pending_activation': False, 'health_verdict': 'not_run', 'rollback_performed': False, 'ab_update_valid': False, 'ab_rollback_ready': True, 'slot_storage_bytes': 40960, 'slot_storage_violation': False, 'activation_success': False, 'boot_health_success': False, 'rollback_after_failed_boot': False, 'rollback_success': False, 'reboot_count': 0, 'downtime_seconds': 0.0, 'slot_switch_count': 0}, 'recovered_metrics': {}, 'recovery_cost': {'discarded_operation_count': 1, 'replayed_operation_count': 0, 'network_bytes': 0, 'flash_write_bytes': 0}}",interrupt_050,0,1,False,0,0,0,0,1,False,"Synthetic fixture; no Autoware source code, no proprietary AV software, and no third-party model weights",16384,/tmp/smartota-clean-rerun-2942cbd-copy/datasets/manifests/smartota-automotive.json,1,122106,/home/arpan/OTA/.cursor-tutor/ota_environment/data/raw/automotive/autoware-style-perception/autoware-style-perception-new.tar,/home/arpan/OTA/.cursor-tutor/ota_environment/data/raw/automotive/autoware-style-perception/autoware-style-perception-new.tar,2c89afcb33f91f3a249c50a92cc652778c267a28f5cb05ac69605cb2f2ba7053,51200,/home/arpan/OTA/.cursor-tutor/ota_environment/data/raw/automotive/autoware-style-perception/autoware-style-perception-old.tar,/home/arpan/OTA/.cursor-tutor/ota_environment/data/raw/automotive/autoware-style-perception/autoware-style-perception-old.tar,53b13f0789ba85473f97c99d58ed0f4ef7c089cd0ac979a5cd3fe7e62fde6e3f,40960,,,1,,,1,autoware_style_perception_module_update,whole_file_bsdiff,CPython,"3.12.7 | packaged by Anaconda, Inc. | (main, Oct  4 2024, 13:27:36) [GCC 11.2.0]",1,,True,True,0.0,False,False,0.014646,0.014646,autoware_style_perception_module_update,1,51200,False,1,Locally generated deterministic fixture inspired by Autoware-style module layout,2,0.018623,2026-07-17T15:45:42.120432+00:00,automotive,True
True,True,True,13,0,True,2c89afcb33f91f3a249c50a92cc652778c267a28f5cb05ac69605cb2f2ba7053,53b13f0789ba85473f97c99d58ed0f4ef7c089cd0ac979a5cd3fe7e62fde6e3f,autoware_module_tar,blockwise_bsdiff,4096,4096,0,13,True,True,uncompressed,deterministic_tar_derivation,smartota-automotive,1.2.6,0.26.2,1.26.4,2.20.0,2.12.0,True,True,True,True,B,2c89afcb33f91f3a249c50a92cc652778c267a28f5cb05ac69605cb2f2ba7053,0,1,True,0,,1,500000.0,10,True,5000000.0,always_pass,2,constrained,2000000.0,524288,45.0,True,True,8388608,streaming,12582912,51200,0.213384,45.0,51200,pass,A,53b13f0789ba85473f97c99d58ed0f4ef7c089cd0ac979a5cd3fe7e62fde6e3f,complete,0.047872,51200,10,2,106692,106692,58904,12890,False,1,False,False,False,False,8388608,51200,False,1,0,0.261256,10,autoware_style_av_stack,45.0,0.015122,106692,13,2942cbde2fd344cccea23aabbe8d5bf168610c71,False,0.5,"{'interruption_percentage': 0.5, 'interrupted_after_operations': 7, 'operation_count': 13, 'checkpoint_available': False, 'checkpoint_operation_index': 0, 'resumed_from_checkpoint': False, 'recovery_strategy': 'failed', 'recovery_success': False, 'rollback_success': False, 'rollback_ready_at_interruption': False, 'final_replay_validity': False, 'replay_errors': '', 'recovery_errors': 'no checkpoint and rollback is not ready', 'extra_network_bytes': 0, 'extra_flash_writes': 0, 'total_network_bytes': 57574, 'total_flash_write_bytes': 28672, 'interrupted_metrics': {'install_state': 'interrupted', 'package_size_bytes': 57574, 'network_bytes': 57574, 'staging_area_bytes': 0, 'backup_area_bytes': 0, 'installed_image_bytes': 40960, 'current_persistent_storage_bytes': 40960, 'peak_persistent_storage_bytes': 52138, 'peak_ram_bytes': 12890, 'flash_write_bytes': 28672, 'download_time_s': 0.115148, 'install_time_s': 0.032081, 'total_time_s': 0.147229, 'checkpoint_count': 0, 'latest_checkpoint_operation': 0, 'rollback_ready': False, 'unsafe_overwrite_count': 7, 'budget_violation_count': 0, 'budget_violations': [], 'ab_enabled': True, 'active_slot': 'A', 'inactive_slot': 'B', 'active_version': '53b13f0789ba85473f97c99d58ed0f4ef7c089cd0ac979a5cd3fe7e62fde6e3f', 'inactive_version': '53b13f0789ba85473f97c99d58ed0f4ef7c089cd0ac979a5cd3fe7e62fde6e3f', 'slot_capacity_bytes': 8388608, 'boot_attempt_counter': 0, 'max_boot_attempts': 2, 'pending_activation': False, 'health_verdict': 'not_run', 'rollback_performed': False, 'ab_update_valid': False, 'ab_rollback_ready': True, 'slot_storage_bytes': 40960, 'slot_storage_violation': False, 'activation_success': False, 'boot_health_success': False, 'rollback_after_failed_boot': False, 'rollback_success': False, 'reboot_count': 0, 'downtime_seconds': 0.0, 'slot_switch_count': 0}, 'recovered_metrics': {}, 'recovery_cost': {'discarded_operation_count': 7, 'replayed_operation_count': 0, 'network_bytes': 0, 'flash_write_bytes': 0}}",interrupt_050,0,1,False,0,0,0,0,1,False,"Synthetic fixture; no Autoware source code, no proprietary AV software, and no third-party model weights",16384,/tmp/smartota-clean-rerun-2942cbd-copy/datasets/manifests/smartota-automotive.json,1,12890,/home/arpan/OTA/.cursor-tutor/ota_environment/data/raw/automotive/autoware-style-perception/autoware-style-perception-new.tar,/home/arpan/OTA/.cursor-tutor/ota_environment/data/raw/automotive/autoware-style-perception/autoware-style-perception-new.tar,2c89afcb33f91f3a249c50a92cc652778c267a28f5cb05ac69605cb2f2ba7053,51200,/home/arpan/OTA/.cursor-tutor/ota_environment/data/raw/automotive/autoware-style-perception/autoware-style-perception-old.tar,/home/arpan/OTA/.cursor-tutor/ota_environment/data/raw/automotive/autoware-style-perception/autoware-style-perception-old.tar,53b13f0789ba85473f97c99d58ed0f4ef7c089cd0ac979a5cd3fe7e62fde6e3f,40960,,,10,,3,,autoware_style_perception_module_update,blockwise_bsdiff,CPython,"3.12.7 | packaged by Anaconda, Inc. | (main, Oct  4 2024, 13:27:36) [GCC 11.2.0]",1,,True,True,0.0,False,False,0.015122,0.015122,autoware_style_perception_module_update,1,51200,False,1,Locally generated deterministic fixture inspired by Autoware-style module layout,13,0.019541,2026-07-17T15:45:42.120432+00:00,automotive,True
True,True,True,13,0,True,2c89afcb33f91f3a249c50a92cc652778c267a28f5cb05ac69605cb2f2ba7053,53b13f0789ba85473f97c99d58ed0f4ef7c089cd0ac979a5cd3fe7e62fde6e3f,autoware_module_tar,copy_only,4096,4096,0,13,True,True,uncompressed,deterministic_tar_derivation,smartota-automotive,1.2.6,0.26.2,1.26.4,2.20.0,2.12.0,True,True,True,True,B,2c89afcb33f91f3a249c50a92cc652778c267a28f5cb05ac69605cb2f2ba7053,0,1,True,0,,1,500000.0,10,True,5000000.0,always_pass,2,constrained,2000000.0,524288,45.0,True,True,8388608,streaming,12582912,51200,0.243972,45.0,51200,pass,A,53b13f0789ba85473f97c99d58ed0f4ef7c089cd0ac979a5cd3fe7e62fde6e3f,complete,0.01024,51200,10,2,121986,121986,58904,4096,False,1,False,False,False,False,8388608,51200,False,1,0,0.254212,10,autoware_style_av_stack,45.0,0.001158,121986,13,2942cbde2fd344cccea23aabbe8d5bf168610c71,False,0.5,"{'interruption_percentage': 0.5, 'interrupted_after_operations': 7, 'operation_count': 13, 'checkpoint_available': False, 'checkpoint_operation_index': 0, 'resumed_from_checkpoint': False, 'recovery_strategy': 'failed', 'recovery_success': False, 'rollback_success': False, 'rollback_ready_at_interruption': False, 'final_replay_validity': False, 'replay_errors': '', 'recovery_errors': 'no checkpoint and rollback is not ready', 'extra_network_bytes': 0, 'extra_flash_writes': 0, 'total_network_bytes': 68257, 'total_flash_write_bytes': 28672, 'interrupted_metrics': {'install_state': 'interrupted', 'package_size_bytes': 68257, 'network_bytes': 68257, 'staging_area_bytes': 0, 'backup_area_bytes': 0, 'installed_image_bytes': 40960, 'current_persistent_storage_bytes': 40960, 'peak_persistent_storage_bytes': 50711, 'peak_ram_bytes': 4096, 'flash_write_bytes': 28672, 'download_time_s': 0.136514, 'install_time_s': 0.005734, 'total_time_s': 0.142248, 'checkpoint_count': 0, 'latest_checkpoint_operation': 0, 'rollback_ready': False, 'unsafe_overwrite_count': 7, 'budget_violation_count': 0, 'budget_violations': [], 'ab_enabled': True, 'active_slot': 'A', 'inactive_slot': 'B', 'active_version': '53b13f0789ba85473f97c99d58ed0f4ef7c089cd0ac979a5cd3fe7e62fde6e3f', 'inactive_version': '53b13f0789ba85473f97c99d58ed0f4ef7c089cd0ac979a5cd3fe7e62fde6e3f', 'slot_capacity_bytes': 8388608, 'boot_attempt_counter': 0, 'max_boot_attempts': 2, 'pending_activation': False, 'health_verdict': 'not_run', 'rollback_performed': False, 'ab_update_valid': False, 'ab_rollback_ready': True, 'slot_storage_bytes': 40960, 'slot_storage_violation': False, 'activation_success': False, 'boot_health_success': False, 'rollback_after_failed_boot': False, 'rollback_success': False, 'reboot_count': 0, 'downtime_seconds': 0.0, 'slot_switch_count': 0}, 'recovered_metrics': {}, 'recovery_cost': {'discarded_operation_count': 7, 'replayed_operation_count': 0, 'network_bytes': 0, 'flash_write_bytes': 0}}",interrupt_050,0,1,False,0,0,0,0,1,False,"Synthetic fixture; no Autoware source code, no proprietary AV software, and no third-party model weights",16384,/tmp/smartota-clean-rerun-2942cbd-copy/datasets/manifests/smartota-automotive.json,1,4096,/home/arpan/OTA/.cursor-tutor/ota_environment/data/raw/automotive/autoware-style-perception/autoware-style-perception-new.tar,/home/arpan/OTA/.cursor-tutor/ota_environment/data/raw/automotive/autoware-style-perception/autoware-style-perception-new.tar,2c89afcb33f91f3a249c50a92cc652778c267a28f5cb05ac69605cb2f2ba7053,51200,/home/arpan/OTA/.cursor-tutor/ota_environment/data/raw/automotive/autoware-style-perception/autoware-style-perception-old.tar,/home/arpan/OTA/.cursor-tutor/ota_environment/data/raw/automotive/autoware-style-perception/autoware-style-perception-old.tar,53b13f0789ba85473f97c99d58ed0f4ef7c089cd0ac979a5cd3fe7e62fde6e3f,40960,,,,,13,,autoware_style_perception_module_update,copy_only,CPython,"3.12.7 | packaged by Anaconda, Inc. | (main, Oct  4 2024, 13:27:36) [GCC 11.2.0]",1,,True,True,0.0,False,False,0.001158,0.001158,autoware_style_perception_module_update,1,51200,False,1,Locally generated deterministic fixture inspired by Autoware-style module layout,13,0.002576,2026-07-17T15:45:42.120432+00:00,automotive,True
True,True,True,13,0,True,2c89afcb33f91f3a249c50a92cc652778c267a28f5cb05ac69605cb2f2ba7053,53b13f0789ba85473f97c99d58ed0f4ef7c089cd0ac979a5cd3fe7e62fde6e3f,autoware_module_tar,copy_delta,4096,4096,0,13,True,True,uncompressed,deterministic_tar_derivation,smartota-automotive,1.2.6,0.26.2,1.26.4,2.20.0,2.12.0,True,True,True,True,B,2c89afcb33f91f3a249c50a92cc652778c267a28f5cb05ac69605cb2f2ba7053,0,1,True,0,,1,500000.0,10,True,5000000.0,always_pass,2,constrained,2000000.0,524288,45.0,True,True,8388608,streaming,12582912,51200,0.150584,45.0,51200,pass,A,53b13f0789ba85473f97c99d58ed0f4ef7c089cd0ac979a5cd3fe7e62fde6e3f,complete,0.023755,51200,10,2,75292,75292,51732,9116,False,1,False,False,False,False,8388608,51200,False,1,0,0.174339,10,autoware_style_av_stack,45.0,0.016521,75292,13,2942cbde2fd344cccea23aabbe8d5bf168610c71,False,0.5,"{'interruption_percentage': 0.5, 'interrupted_after_operations': 7, 'operation_count': 13, 'checkpoint_available': False, 'checkpoint_operation_index': 0, 'resumed_from_checkpoint': False, 'recovery_strategy': 'failed', 'recovery_success': False, 'rollback_success': False, 'rollback_ready_at_interruption': False, 'final_replay_validity': False, 'replay_errors': '', 'recovery_errors': 'no checkpoint and rollback is not ready', 'extra_network_bytes': 0, 'extra_flash_writes': 0, 'total_network_bytes': 50788, 'total_flash_write_bytes': 28672, 'interrupted_metrics': {'install_state': 'interrupted', 'package_size_bytes': 50788, 'network_bytes': 50788, 'staging_area_bytes': 0, 'backup_area_bytes': 0, 'installed_image_bytes': 40960, 'current_persistent_storage_bytes': 40960, 'peak_persistent_storage_bytes': 50711, 'peak_ram_bytes': 8589, 'flash_write_bytes': 28672, 'download_time_s': 0.101576, 'install_time_s': 0.010173, 'total_time_s': 0.111749, 'checkpoint_count': 0, 'latest_checkpoint_operation': 0, 'rollback_ready': False, 'unsafe_overwrite_count': 7, 'budget_violation_count': 0, 'budget_violations': [], 'ab_enabled': True, 'active_slot': 'A', 'inactive_slot': 'B', 'active_version': '53b13f0789ba85473f97c99d58ed0f4ef7c089cd0ac979a5cd3fe7e62fde6e3f', 'inactive_version': '53b13f0789ba85473f97c99d58ed0f4ef7c089cd0ac979a5cd3fe7e62fde6e3f', 'slot_capacity_bytes': 8388608, 'boot_attempt_counter': 0, 'max_boot_attempts': 2, 'pending_activation': False, 'health_verdict': 'not_run', 'rollback_performed': False, 'ab_update_valid': False, 'ab_rollback_ready': True, 'slot_storage_bytes': 40960, 'slot_storage_violation': False, 'activation_success': False, 'boot_health_success': False, 'rollback_after_failed_boot': False, 'rollback_success': False, 'reboot_count': 0, 'downtime_seconds': 0.0, 'slot_switch_count': 0}, 'recovered_metrics': {}, 'recovery_cost': {'discarded_operation_count': 7, 'replayed_operation_count': 0, 'network_bytes': 0, 'flash_write_bytes': 0}}",interrupt_050,0,1,False,0,0,0,0,1,False,"Synthetic fixture; no Autoware source code, no proprietary AV software, and no third-party model weights",16384,/tmp/smartota-clean-rerun-2942cbd-copy/datasets/manifests/smartota-automotive.json,1,9116,/home/arpan/OTA/.cursor-tutor/ota_environment/data/raw/automotive/autoware-style-perception/autoware-style-perception-new.tar,/home/arpan/OTA/.cursor-tutor/ota_environment/data/raw/automotive/autoware-style-perception/autoware-style-perception-new.tar,2c89afcb33f91f3a249c50a92cc652778c267a28f5cb05ac69605cb2f2ba7053,51200,/home/arpan/OTA/.cursor-tutor/ota_environment/data/raw/automotive/autoware-style-perception/autoware-style-perception-old.tar,/home/arpan/OTA/.cursor-tutor/ota_environment/data/raw/automotive/autoware-style-perception/autoware-style-perception-old.tar,53b13f0789ba85473f97c99d58ed0f4ef7c089cd0ac979a5cd3fe7e62fde6e3f,40960,,,6,,7,,autoware_style_perception_module_update,copy_delta,CPython,"3.12.7 | packaged by Anaconda, Inc. | (main, Oct  4 2024, 13:27:36) [GCC 11.2.0]",1,,True,True,0.0,False,False,0.016521,0.016521,autoware_style_perception_module_update,1,51200,False,1,Locally generated deterministic fixture inspired by Autoware-style module layout,13,0.018267,2026-07-17T15:45:42.120432+00:00,automotive,True
True,True,True,13,10,True,2c89afcb33f91f3a249c50a92cc652778c267a28f5cb05ac69605cb2f2ba7053,53b13f0789ba85473f97c99d58ed0f4ef7c089cd0ac979a5cd3fe7e62fde6e3f,autoware_module_tar,backup_safe_copy_delta,4096,4096,0,13,True,True,uncompressed,deterministic_tar_derivation,smartota-automotive,1.2.6,0.26.2,1.26.4,2.20.0,2.12.0,True,True,True,True,B,2c89afcb33f91f3a249c50a92cc652778c267a28f5cb05ac69605cb2f2ba7053,40960,1,True,0,,2,500000.0,10,True,5000000.0,always_pass,2,constrained,2000000.0,524288,45.0,True,True,8388608,streaming,12582912,92160,0.151536,45.0,92160,pass,A,53b13f0789ba85473f97c99d58ed0f4ef7c089cd0ac979a5cd3fe7e62fde6e3f,complete,0.029748,51200,20,2,75768,75768,92692,9116,False,1,False,False,True,False,8388608,51200,False,1,0,0.181284,0,autoware_style_av_stack,45.0,0.028038,75768,23,2942cbde2fd344cccea23aabbe8d5bf168610c71,False,0.5,"{'interruption_percentage': 0.5, 'interrupted_after_operations': 12, 'operation_count': 23, 'checkpoint_available': True, 'checkpoint_operation_index': 10, 'resumed_from_checkpoint': True, 'recovery_strategy': 'checkpoint_resume', 'recovery_success': True, 'rollback_success': True, 'rollback_ready_at_interruption': True, 'final_replay_validity': True, 'replay_errors': '', 'recovery_errors': '', 'extra_network_bytes': 9867, 'extra_flash_writes': 8192, 'total_network_bytes': 85635, 'total_flash_write_bytes': 100352, 'interrupted_metrics': {'install_state': 'interrupted', 'package_size_bytes': 41733, 'network_bytes': 41733, 'staging_area_bytes': 0, 'backup_area_bytes': 24576, 'installed_image_bytes': 40960, 'current_persistent_storage_bytes': 65536, 'peak_persistent_storage_bytes': 75287, 'peak_ram_bytes': 8589, 'flash_write_bytes': 49152, 'download_time_s': 0.083466, 'install_time_s': 0.014269, 'total_time_s': 0.097735, 'checkpoint_count': 1, 'latest_checkpoint_operation': 10, 'rollback_ready': True, 'unsafe_overwrite_count': 0, 'budget_violation_count': 0, 'budget_violations': [], 'ab_enabled': True, 'active_slot': 'A', 'inactive_slot': 'B', 'active_version': '53b13f0789ba85473f97c99d58ed0f4ef7c089cd0ac979a5cd3fe7e62fde6e3f', 'inactive_version': '53b13f0789ba85473f97c99d58ed0f4ef7c089cd0ac979a5cd3fe7e62fde6e3f', 'slot_capacity_bytes': 8388608, 'boot_attempt_counter': 0, 'max_boot_attempts': 2, 'pending_activation': False, 'health_verdict': 'not_run', 'rollback_performed': False, 'ab_update_valid': False, 'ab_rollback_ready': True, 'slot_storage_bytes': 40960, 'slot_storage_violation': False, 'activation_success': False, 'boot_health_success': False, 'rollback_after_failed_boot': False, 'rollback_success': False, 'reboot_count': 0, 'downtime_seconds': 0.0, 'slot_switch_count': 0}, 'recovered_metrics': {'install_state': 'complete', 'package_size_bytes': 75768, 'network_bytes': 75768, 'staging_area_bytes': 0, 'backup_area_bytes': 40960, 'installed_image_bytes': 51200, 'current_persistent_storage_bytes': 92160, 'peak_persistent_storage_bytes': 92692, 'peak_ram_bytes': 9116, 'flash_write_bytes': 92160, 'download_time_s': 0.151536, 'install_time_s': 0.029748, 'total_time_s': 0.181284, 'checkpoint_count': 2, 'latest_checkpoint_operation': 20, 'rollback_ready': True, 'unsafe_overwrite_count': 0, 'budget_violation_count': 0, 'budget_violations': [], 'ab_enabled': True, 'active_slot': 'B', 'inactive_slot': 'A', 'active_version': '2c89afcb33f91f3a249c50a92cc652778c267a28f5cb05ac69605cb2f2ba7053', 'inactive_version': '53b13f0789ba85473f97c99d58ed0f4ef7c089cd0ac979a5cd3fe7e62fde6e3f', 'slot_capacity_bytes': 8388608, 'boot_attempt_counter': 1, 'max_boot_attempts': 2, 'pending_activation': False, 'health_verdict': 'pass', 'rollback_performed': False, 'ab_update_valid': True, 'ab_rollback_ready': True, 'slot_storage_bytes': 51200, 'slot_storage_violation': False, 'activation_success': True, 'boot_health_success': True, 'rollback_after_failed_boot': False, 'rollback_success': False, 'reboot_count': 1, 'downtime_seconds': 45.0, 'slot_switch_count': 1}, 'recovery_cost': {'discarded_operation_count': 2, 'replayed_operation_count': 13, 'network_bytes': 43902, 'flash_write_bytes': 51200}}",interrupt_050,1,0,True,8192,9867,13,1,1,False,"Synthetic fixture; no Autoware source code, no proprietary AV software, and no third-party model weights",16384,/tmp/smartota-clean-rerun-2942cbd-copy/datasets/manifests/smartota-automotive.json,1,9116,/home/arpan/OTA/.cursor-tutor/ota_environment/data/raw/automotive/autoware-style-perception/autoware-style-perception-new.tar,/home/arpan/OTA/.cursor-tutor/ota_environment/data/raw/automotive/autoware-style-perception/autoware-style-perception-new.tar,2c89afcb33f91f3a249c50a92cc652778c267a28f5cb05ac69605cb2f2ba7053,51200,/home/arpan/OTA/.cursor-tutor/ota_environment/data/raw/automotive/autoware-style-perception/autoware-style-perception-old.tar,/home/arpan/OTA/.cursor-tutor/ota_environment/data/raw/automotive/autoware-style-perception/autoware-style-perception-old.tar,53b13f0789ba85473f97c99d58ed0f4ef7c089cd0ac979a5cd3fe7e62fde6e3f,40960,10,1,5,,7,,autoware_style_perception_module_update,backup_safe_copy_delta,CPython,"3.12.7 | packaged by Anaconda, Inc. | (main, Oct  4 2024, 13:27:36) [GCC 11.2.0]",1,,True,True,0.0,False,False,0.028038,0.028038,autoware_style_perception_module_update,1,51200,False,1,Locally generated deterministic fixture inspired by Autoware-style module layout,23,0.031729,2026-07-17T15:45:42.120432+00:00,automotive,True
True,True,True,13,10,True,2c89afcb33f91f3a249c50a92cc652778c267a28f5cb05ac69605cb2f2ba7053,53b13f0789ba85473f97c99d58ed0f4ef7c089cd0ac979a5cd3fe7e62fde6e3f,autoware_module_tar,deployment_aware_greedy,4096,4096,0,13,True,True,uncompressed,deterministic_tar_derivation,smartota-automotive,1.2.6,0.26.2,1.26.4,2.20.0,2.12.0,True,True,True,True,B,2c89afcb33f91f3a249c50a92cc652778c267a28f5cb05ac69605cb2f2ba7053,40960,1,True,0,,2,500000.0,10,True,5000000.0,always_pass,2,constrained,2000000.0,524288,45.0,True,True,8388608,streaming,12582912,92160,0.151536,45.0,92160,pass,A,53b13f0789ba85473f97c99d58ed0f4ef7c089cd0ac979a5cd3fe7e62fde6e3f,complete,0.029748,51200,20,2,75768,75768,92692,9116,False,1,False,False,True,False,8388608,51200,False,1,0,0.181284,0,autoware_style_av_stack,45.0,0.029275,75768,23,2942cbde2fd344cccea23aabbe8d5bf168610c71,False,0.5,"{'interruption_percentage': 0.5, 'interrupted_after_operations': 12, 'operation_count': 23, 'checkpoint_available': True, 'checkpoint_operation_index': 10, 'resumed_from_checkpoint': True, 'recovery_strategy': 'checkpoint_resume', 'recovery_success': True, 'rollback_success': True, 'rollback_ready_at_interruption': True, 'final_replay_validity': True, 'replay_errors': '', 'recovery_errors': '', 'extra_network_bytes': 9867, 'extra_flash_writes': 8192, 'total_network_bytes': 85635, 'total_flash_write_bytes': 100352, 'interrupted_metrics': {'install_state': 'interrupted', 'package_size_bytes': 41733, 'network_bytes': 41733, 'staging_area_bytes': 0, 'backup_area_bytes': 24576, 'installed_image_bytes': 40960, 'current_persistent_storage_bytes': 65536, 'peak_persistent_storage_bytes': 75287, 'peak_ram_bytes': 8589, 'flash_write_bytes': 49152, 'download_time_s': 0.083466, 'install_time_s': 0.014269, 'total_time_s': 0.097735, 'checkpoint_count': 1, 'latest_checkpoint_operation': 10, 'rollback_ready': True, 'unsafe_overwrite_count': 0, 'budget_violation_count': 0, 'budget_violations': [], 'ab_enabled': True, 'active_slot': 'A', 'inactive_slot': 'B', 'active_version': '53b13f0789ba85473f97c99d58ed0f4ef7c089cd0ac979a5cd3fe7e62fde6e3f', 'inactive_version': '53b13f0789ba85473f97c99d58ed0f4ef7c089cd0ac979a5cd3fe7e62fde6e3f', 'slot_capacity_bytes': 8388608, 'boot_attempt_counter': 0, 'max_boot_attempts': 2, 'pending_activation': False, 'health_verdict': 'not_run', 'rollback_performed': False, 'ab_update_valid': False, 'ab_rollback_ready': True, 'slot_storage_bytes': 40960, 'slot_storage_violation': False, 'activation_success': False, 'boot_health_success': False, 'rollback_after_failed_boot': False, 'rollback_success': False, 'reboot_count': 0, 'downtime_seconds': 0.0, 'slot_switch_count': 0}, 'recovered_metrics': {'install_state': 'complete', 'package_size_bytes': 75768, 'network_bytes': 75768, 'staging_area_bytes': 0, 'backup_area_bytes': 40960, 'installed_image_bytes': 51200, 'current_persistent_storage_bytes': 92160, 'peak_persistent_storage_bytes': 92692, 'peak_ram_bytes': 9116, 'flash_write_bytes': 92160, 'download_time_s': 0.151536, 'install_time_s': 0.029748, 'total_time_s': 0.181284, 'checkpoint_count': 2, 'latest_checkpoint_operation': 20, 'rollback_ready': True, 'unsafe_overwrite_count': 0, 'budget_violation_count': 0, 'budget_violations': [], 'ab_enabled': True, 'active_slot': 'B', 'inactive_slot': 'A', 'active_version': '2c89afcb33f91f3a249c50a92cc652778c267a28f5cb05ac69605cb2f2ba7053', 'inactive_version': '53b13f0789ba85473f97c99d58ed0f4ef7c089cd0ac979a5cd3fe7e62fde6e3f', 'slot_capacity_bytes': 8388608, 'boot_attempt_counter': 1, 'max_boot_attempts': 2, 'pending_activation': False, 'health_verdict': 'pass', 'rollback_performed': False, 'ab_update_valid': True, 'ab_rollback_ready': True, 'slot_storage_bytes': 51200, 'slot_storage_violation': False, 'activation_success': True, 'boot_health_success': True, 'rollback_after_failed_boot': False, 'rollback_success': False, 'reboot_count': 1, 'downtime_seconds': 45.0, 'slot_switch_count': 1}, 'recovery_cost': {'discarded_operation_count': 2, 'replayed_operation_count': 13, 'network_bytes': 43902, 'flash_write_bytes': 51200}}",interrupt_050,1,0,True,8192,9867,13,1,1,False,"Synthetic fixture; no Autoware source code, no proprietary AV software, and no third-party model weights",16384,/tmp/smartota-clean-rerun-2942cbd-copy/datasets/manifests/smartota-automotive.json,1,9116,/home/arpan/OTA/.cursor-tutor/ota_environment/data/raw/automotive/autoware-style-perception/autoware-style-perception-new.tar,/home/arpan/OTA/.cursor-tutor/ota_environment/data/raw/automotive/autoware-style-perception/autoware-style-perception-new.tar,2c89afcb33f91f3a249c50a92cc652778c267a28f5cb05ac69605cb2f2ba7053,51200,/home/arpan/OTA/.cursor-tutor/ota_environment/data/raw/automotive/autoware-style-perception/autoware-style-perception-old.tar,/home/arpan/OTA/.cursor-tutor/ota_environment/data/raw/automotive/autoware-style-perception/autoware-style-perception-old.tar,53b13f0789ba85473f97c99d58ed0f4ef7c089cd0ac979a5cd3fe7e62fde6e3f,40960,10,1,5,,7,,autoware_style_perception_module_update,deployment_aware_greedy,CPython,"3.12.7 | packaged by Anaconda, Inc. | (main, Oct  4 2024, 13:27:36) [GCC 11.2.0]",1,,True,True,0.0,False,False,0.029275,0.029275,autoware_style_perception_module_update,1,51200,False,1,Locally generated deterministic fixture inspired by Autoware-style module layout,23,0.033164,2026-07-17T15:45:42.120432+00:00,automotive,True
True,True,True,13,0,True,2c89afcb33f91f3a249c50a92cc652778c267a28f5cb05ac69605cb2f2ba7053,53b13f0789ba85473f97c99d58ed0f4ef7c089cd0ac979a5cd3fe7e62fde6e3f,autoware_module_tar,rsync_rolling_hash,4096,4096,0,13,True,True,uncompressed,deterministic_tar_derivation,smartota-automotive,1.2.6,0.26.2,1.26.4,2.20.0,2.12.0,True,True,True,True,B,2c89afcb33f91f3a249c50a92cc652778c267a28f5cb05ac69605cb2f2ba7053,0,1,True,0,,1,500000.0,10,True,5000000.0,always_pass,2,constrained,2000000.0,524288,45.0,True,True,8388608,streaming,12582912,51200,0.243972,45.0,51200,pass,A,53b13f0789ba85473f97c99d58ed0f4ef7c089cd0ac979a5cd3fe7e62fde6e3f,complete,0.01024,51200,10,2,121986,121986,58904,4096,False,1,False,False,False,False,8388608,51200,False,1,0,0.254212,10,autoware_style_av_stack,45.0,0.011661,121986,13,2942cbde2fd344cccea23aabbe8d5bf168610c71,False,0.5,"{'interruption_percentage': 0.5, 'interrupted_after_operations': 7, 'operation_count': 13, 'checkpoint_available': False, 'checkpoint_operation_index': 0, 'resumed_from_checkpoint': False, 'recovery_strategy': 'failed', 'recovery_success': False, 'rollback_success': False, 'rollback_ready_at_interruption': False, 'final_replay_validity': False, 'replay_errors': '', 'recovery_errors': 'no checkpoint and rollback is not ready', 'extra_network_bytes': 0, 'extra_flash_writes': 0, 'total_network_bytes': 68257, 'total_flash_write_bytes': 28672, 'interrupted_metrics': {'install_state': 'interrupted', 'package_size_bytes': 68257, 'network_bytes': 68257, 'staging_area_bytes': 0, 'backup_area_bytes': 0, 'installed_image_bytes': 40960, 'current_persistent_storage_bytes': 40960, 'peak_persistent_storage_bytes': 50711, 'peak_ram_bytes': 4096, 'flash_write_bytes': 28672, 'download_time_s': 0.136514, 'install_time_s': 0.005734, 'total_time_s': 0.142248, 'checkpoint_count': 0, 'latest_checkpoint_operation': 0, 'rollback_ready': False, 'unsafe_overwrite_count': 7, 'budget_violation_count': 0, 'budget_violations': [], 'ab_enabled': True, 'active_slot': 'A', 'inactive_slot': 'B', 'active_version': '53b13f0789ba85473f97c99d58ed0f4ef7c089cd0ac979a5cd3fe7e62fde6e3f', 'inactive_version': '53b13f0789ba85473f97c99d58ed0f4ef7c089cd0ac979a5cd3fe7e62fde6e3f', 'slot_capacity_bytes': 8388608, 'boot_attempt_counter': 0, 'max_boot_attempts': 2, 'pending_activation': False, 'health_verdict': 'not_run', 'rollback_performed': False, 'ab_update_valid': False, 'ab_rollback_ready': True, 'slot_storage_bytes': 40960, 'slot_storage_violation': False, 'activation_success': False, 'boot_health_success': False, 'rollback_after_failed_boot': False, 'rollback_success': False, 'reboot_count': 0, 'downtime_seconds': 0.0, 'slot_switch_count': 0}, 'recovered_metrics': {}, 'recovery_cost': {'discarded_operation_count': 7, 'replayed_operation_count': 0, 'network_bytes': 0, 'flash_write_bytes': 0}}",interrupt_050,0,1,False,0,0,0,0,1,False,"Synthetic fixture; no Autoware source code, no proprietary AV software, and no third-party model weights",16384,/tmp/smartota-clean-rerun-2942cbd-copy/datasets/manifests/smartota-automotive.json,1,4096,/home/arpan/OTA/.cursor-tutor/ota_environment/data/raw/automotive/autoware-style-perception/autoware-style-perception-new.tar,/home/arpan/OTA/.cursor-tutor/ota_environment/data/raw/automotive/autoware-style-perception/autoware-style-perception-new.tar,2c89afcb33f91f3a249c50a92cc652778c267a28f5cb05ac69605cb2f2ba7053,51200,/home/arpan/OTA/.cursor-tutor/ota_environment/data/raw/automotive/autoware-style-perception/autoware-style-perception-old.tar,/home/arpan/OTA/.cursor-tutor/ota_environment/data/raw/automotive/autoware-style-perception/autoware-style-perception-old.tar,53b13f0789ba85473f97c99d58ed0f4ef7c089cd0ac979a5cd3fe7e62fde6e3f,40960,,,,,13,,autoware_style_perception_module_update,rsync_rolling_hash,CPython,"3.12.7 | packaged by Anaconda, Inc. | (main, Oct  4 2024, 13:27:36) [GCC 11.2.0]",1,,True,True,0.0,False,False,0.011661,0.011661,autoware_style_perception_module_update,1,51200,False,1,Locally generated deterministic fixture inspired by Autoware-style module layout,13,0.01314,2026-07-17T15:45:42.120432+00:00,automotive,True
True,True,True,2,0,True,2c89afcb33f91f3a249c50a92cc652778c267a28f5cb05ac69605cb2f2ba7053,53b13f0789ba85473f97c99d58ed0f4ef7c089cd0ac979a5cd3fe7e62fde6e3f,autoware_module_tar,full_replacement,4096,4096,0,13,True,True,uncompressed,deterministic_tar_derivation,smartota-automotive,1.2.6,0.26.2,1.26.4,2.20.0,2.12.0,True,True,True,True,B,2c89afcb33f91f3a249c50a92cc652778c267a28f5cb05ac69605cb2f2ba7053,0,1,True,0,,0,500000.0,10,True,5000000.0,always_pass,2,constrained,2000000.0,524288,45.0,True,True,8388608,streaming,12582912,51200,0.239526,45.0,51200,pass,A,53b13f0789ba85473f97c99d58ed0f4ef7c089cd0ac979a5cd3fe7e62fde6e3f,complete,0.01024,51200,0,2,119763,119763,207723,51200,False,1,False,False,False,False,8388608,51200,False,1,0,0.249766,1,autoware_style_av_stack,45.0,0.000949,119763,2,2942cbde2fd344cccea23aabbe8d5bf168610c71,False,0.75,"{'interruption_percentage': 0.75, 'interrupted_after_operations': 1, 'operation_count': 2, 'checkpoint_available': False, 'checkpoint_operation_index': 0, 'resumed_from_checkpoint': False, 'recovery_strategy': 'failed', 'recovery_success': False, 'rollback_success': False, 'rollback_ready_at_interruption': False, 'final_replay_validity': False, 'replay_errors': '', 'recovery_errors': 'no checkpoint and rollback is not ready', 'extra_network_bytes': 0, 'extra_flash_writes': 0, 'total_network_bytes': 119659, 'total_flash_write_bytes': 51200, 'interrupted_metrics': {'install_state': 'interrupted', 'package_size_bytes': 119659, 'network_bytes': 119659, 'staging_area_bytes': 0, 'backup_area_bytes': 0, 'installed_image_bytes': 88064, 'current_persistent_storage_bytes': 88064, 'peak_persistent_storage_bytes': 207723, 'peak_ram_bytes': 51200, 'flash_write_bytes': 51200, 'download_time_s': 0.239318, 'install_time_s': 0.01024, 'total_time_s': 0.249558, 'checkpoint_count': 0, 'latest_checkpoint_operation': 0, 'rollback_ready': False, 'unsafe_overwrite_count': 1, 'budget_violation_count': 0, 'budget_violations': [], 'ab_enabled': True, 'active_slot': 'A', 'inactive_slot': 'B', 'active_version': '53b13f0789ba85473f97c99d58ed0f4ef7c089cd0ac979a5cd3fe7e62fde6e3f', 'inactive_version': '53b13f0789ba85473f97c99d58ed0f4ef7c089cd0ac979a5cd3fe7e62fde6e3f', 'slot_capacity_bytes': 8388608, 'boot_attempt_counter': 0, 'max_boot_attempts': 2, 'pending_activation': False, 'health_verdict': 'not_run', 'rollback_performed': False, 'ab_update_valid': False, 'ab_rollback_ready': True, 'slot_storage_bytes': 40960, 'slot_storage_violation': False, 'activation_success': False, 'boot_health_success': False, 'rollback_after_failed_boot': False, 'rollback_success': False, 'reboot_count': 0, 'downtime_seconds': 0.0, 'slot_switch_count': 0}, 'recovered_metrics': {}, 'recovery_cost': {'discarded_operation_count': 1, 'replayed_operation_count': 0, 'network_bytes': 0, 'flash_write_bytes': 0}}",interrupt_075,0,1,False,0,0,0,0,1,False,"Synthetic fixture; no Autoware source code, no proprietary AV software, and no third-party model weights",16384,/tmp/smartota-clean-rerun-2942cbd-copy/datasets/manifests/smartota-automotive.json,1,51200,/home/arpan/OTA/.cursor-tutor/ota_environment/data/raw/automotive/autoware-style-perception/autoware-style-perception-new.tar,/home/arpan/OTA/.cursor-tutor/ota_environment/data/raw/automotive/autoware-style-perception/autoware-style-perception-new.tar,2c89afcb33f91f3a249c50a92cc652778c267a28f5cb05ac69605cb2f2ba7053,51200,/home/arpan/OTA/.cursor-tutor/ota_environment/data/raw/automotive/autoware-style-perception/autoware-style-perception-old.tar,/home/arpan/OTA/.cursor-tutor/ota_environment/data/raw/automotive/autoware-style-perception/autoware-style-perception-old.tar,53b13f0789ba85473f97c99d58ed0f4ef7c089cd0ac979a5cd3fe7e62fde6e3f,40960,,,,,1,1,autoware_style_perception_module_update,full_replacement,CPython,"3.12.7 | packaged by Anaconda, Inc. | (main, Oct  4 2024, 13:27:36) [GCC 11.2.0]",1,,True,True,0.0,False,False,0.000949,0.000949,autoware_style_perception_module_update,1,51200,False,1,Locally generated deterministic fixture inspired by Autoware-style module layout,2,0.002337,2026-07-17T15:45:42.120432+00:00,automotive,True
True,True,True,2,0,True,2c89afcb33f91f3a249c50a92cc652778c267a28f5cb05ac69605cb2f2ba7053,53b13f0789ba85473f97c99d58ed0f4ef7c089cd0ac979a5cd3fe7e62fde6e3f,autoware_module_tar,whole_file_bsdiff,4096,4096,0,13,True,True,uncompressed,deterministic_tar_derivation,smartota-automotive,1.2.6,0.26.2,1.26.4,2.20.0,2.12.0,True,True,True,True,B,2c89afcb33f91f3a249c50a92cc652778c267a28f5cb05ac69605cb2f2ba7053,0,1,True,0,,0,500000.0,10,True,5000000.0,always_pass,2,constrained,2000000.0,524288,45.0,True,True,8388608,streaming,12582912,51200,0.140432,45.0,51200,pass,A,53b13f0789ba85473f97c99d58ed0f4ef7c089cd0ac979a5cd3fe7e62fde6e3f,complete,0.045693,51200,0,2,70216,70216,158176,122106,False,1,False,False,False,False,8388608,51200,False,1,0,0.186125,1,autoware_style_av_stack,45.0,0.014216,70216,2,2942cbde2fd344cccea23aabbe8d5bf168610c71,False,0.75,"{'interruption_percentage': 0.75, 'interrupted_after_operations': 1, 'operation_count': 2, 'checkpoint_available': False, 'checkpoint_operation_index': 0, 'resumed_from_checkpoint': False, 'recovery_strategy': 'failed', 'recovery_success': False, 'rollback_success': False, 'rollback_ready_at_interruption': False, 'final_replay_validity': False, 'replay_errors': '', 'recovery_errors': 'no checkpoint and rollback is not ready', 'extra_network_bytes': 0, 'extra_flash_writes': 0, 'total_network_bytes': 70112, 'total_flash_write_bytes': 51200, 'interrupted_metrics': {'install_state': 'interrupted', 'package_size_bytes': 70112, 'network_bytes': 70112, 'staging_area_bytes': 0, 'backup_area_bytes': 0, 'installed_image_bytes': 88064, 'current_persistent_storage_bytes': 88064, 'peak_persistent_storage_bytes': 158176, 'peak_ram_bytes': 122106, 'flash_write_bytes': 51200, 'download_time_s': 0.140224, 'install_time_s': 0.045693, 'total_time_s': 0.185917, 'checkpoint_count': 0, 'latest_checkpoint_operation': 0, 'rollback_ready': False, 'unsafe_overwrite_count': 1, 'budget_violation_count': 0, 'budget_violations': [], 'ab_enabled': True, 'active_slot': 'A', 'inactive_slot': 'B', 'active_version': '53b13f0789ba85473f97c99d58ed0f4ef7c089cd0ac979a5cd3fe7e62fde6e3f', 'inactive_version': '53b13f0789ba85473f97c99d58ed0f4ef7c089cd0ac979a5cd3fe7e62fde6e3f', 'slot_capacity_bytes': 8388608, 'boot_attempt_counter': 0, 'max_boot_attempts': 2, 'pending_activation': False, 'health_verdict': 'not_run', 'rollback_performed': False, 'ab_update_valid': False, 'ab_rollback_ready': True, 'slot_storage_bytes': 40960, 'slot_storage_violation': False, 'activation_success': False, 'boot_health_success': False, 'rollback_after_failed_boot': False, 'rollback_success': False, 'reboot_count': 0, 'downtime_seconds': 0.0, 'slot_switch_count': 0}, 'recovered_metrics': {}, 'recovery_cost': {'discarded_operation_count': 1, 'replayed_operation_count': 0, 'network_bytes': 0, 'flash_write_bytes': 0}}",interrupt_075,0,1,False,0,0,0,0,1,False,"Synthetic fixture; no Autoware source code, no proprietary AV software, and no third-party model weights",16384,/tmp/smartota-clean-rerun-2942cbd-copy/datasets/manifests/smartota-automotive.json,1,122106,/home/arpan/OTA/.cursor-tutor/ota_environment/data/raw/automotive/autoware-style-perception/autoware-style-perception-new.tar,/home/arpan/OTA/.cursor-tutor/ota_environment/data/raw/automotive/autoware-style-perception/autoware-style-perception-new.tar,2c89afcb33f91f3a249c50a92cc652778c267a28f5cb05ac69605cb2f2ba7053,51200,/home/arpan/OTA/.cursor-tutor/ota_environment/data/raw/automotive/autoware-style-perception/autoware-style-perception-old.tar,/home/arpan/OTA/.cursor-tutor/ota_environment/data/raw/automotive/autoware-style-perception/autoware-style-perception-old.tar,53b13f0789ba85473f97c99d58ed0f4ef7c089cd0ac979a5cd3fe7e62fde6e3f,40960,,,1,,,1,autoware_style_perception_module_update,whole_file_bsdiff,CPython,"3.12.7 | packaged by Anaconda, Inc. | (main, Oct  4 2024, 13:27:36) [GCC 11.2.0]",1,,True,True,0.0,False,False,0.014216,0.014216,autoware_style_perception_module_update,1,51200,False,1,Locally generated deterministic fixture inspired by Autoware-style module layout,2,0.018326,2026-07-17T15:45:42.120432+00:00,automotive,True
True,True,True,13,0,True,2c89afcb33f91f3a249c50a92cc652778c267a28f5cb05ac69605cb2f2ba7053,53b13f0789ba85473f97c99d58ed0f4ef7c089cd0ac979a5cd3fe7e62fde6e3f,autoware_module_tar,blockwise_bsdiff,4096,4096,0,13,True,True,uncompressed,deterministic_tar_derivation,smartota-automotive,1.2.6,0.26.2,1.26.4,2.20.0,2.12.0,True,True,True,True,B,2c89afcb33f91f3a249c50a92cc652778c267a28f5cb05ac69605cb2f2ba7053,0,1,True,0,,1,500000.0,10,True,5000000.0,always_pass,2,constrained,2000000.0,524288,45.0,True,True,8388608,streaming,12582912,51200,0.213384,45.0,51200,pass,A,53b13f0789ba85473f97c99d58ed0f4ef7c089cd0ac979a5cd3fe7e62fde6e3f,complete,0.047872,51200,10,2,106692,106692,58904,12890,False,1,False,False,False,False,8388608,51200,False,1,0,0.261256,10,autoware_style_av_stack,45.0,0.015284,106692,13,2942cbde2fd344cccea23aabbe8d5bf168610c71,False,0.75,"{'interruption_percentage': 0.75, 'interrupted_after_operations': 10, 'operation_count': 13, 'checkpoint_available': True, 'checkpoint_operation_index': 10, 'resumed_from_checkpoint': True, 'recovery_strategy': 'checkpoint_resume', 'recovery_success': True, 'rollback_success': False, 'rollback_ready_at_interruption': False, 'final_replay_validity': True, 'replay_errors': '', 'recovery_errors': '', 'extra_network_bytes': 0, 'extra_flash_writes': 0, 'total_network_bytes': 106692, 'total_flash_write_bytes': 51200, 'interrupted_metrics': {'install_state': 'interrupted', 'package_size_bytes': 82216, 'network_bytes': 82216, 'staging_area_bytes': 0, 'backup_area_bytes': 0, 'installed_image_bytes': 40960, 'current_persistent_storage_bytes': 40960, 'peak_persistent_storage_bytes': 52138, 'peak_ram_bytes': 12890, 'flash_write_bytes': 40960, 'download_time_s': 0.164432, 'install_time_s': 0.045824, 'total_time_s': 0.210256, 'checkpoint_count': 1, 'latest_checkpoint_operation': 10, 'rollback_ready': False, 'unsafe_overwrite_count': 10, 'budget_violation_count': 0, 'budget_violations': [], 'ab_enabled': True, 'active_slot': 'A', 'inactive_slot': 'B', 'active_version': '53b13f0789ba85473f97c99d58ed0f4ef7c089cd0ac979a5cd3fe7e62fde6e3f', 'inactive_version': '53b13f0789ba85473f97c99d58ed0f4ef7c089cd0ac979a5cd3fe7e62fde6e3f', 'slot_capacity_bytes': 8388608, 'boot_attempt_counter': 0, 'max_boot_attempts': 2, 'pending_activation': False, 'health_verdict': 'not_run', 'rollback_performed': False, 'ab_update_valid': False, 'ab_rollback_ready': True, 'slot_storage_bytes': 40960, 'slot_storage_violation': False, 'activation_success': False, 'boot_health_success': False, 'rollback_after_failed_boot': False, 'rollback_success': False, 'reboot_count': 0, 'downtime_seconds': 0.0, 'slot_switch_count': 0}, 'recovered_metrics': {'install_state': 'complete', 'package_size_bytes': 106692, 'network_bytes': 106692, 'staging_area_bytes': 0, 'backup_area_bytes': 0, 'installed_image_bytes': 51200, 'current_persistent_storage_bytes': 51200, 'peak_persistent_storage_bytes': 58904, 'peak_ram_bytes': 12890, 'flash_write_bytes': 51200, 'download_time_s': 0.213384, 'install_time_s': 0.047872, 'total_time_s': 0.261256, 'checkpoint_count': 1, 'latest_checkpoint_operation': 10, 'rollback_ready': False, 'unsafe_overwrite_count': 10, 'budget_violation_count': 0, 'budget_violations': [], 'ab_enabled': True, 'active_slot': 'B', 'inactive_slot': 'A', 'active_version': '2c89afcb33f91f3a249c50a92cc652778c267a28f5cb05ac69605cb2f2ba7053', 'inactive_version': '53b13f0789ba85473f97c99d58ed0f4ef7c089cd0ac979a5cd3fe7e62fde6e3f', 'slot_capacity_bytes': 8388608, 'boot_attempt_counter': 1, 'max_boot_attempts': 2, 'pending_activation': False, 'health_verdict': 'pass', 'rollback_performed': False, 'ab_update_valid': True, 'ab_rollback_ready': True, 'slot_storage_bytes': 51200, 'slot_storage_violation': False, 'activation_success': True, 'boot_health_success': True, 'rollback_after_failed_boot': False, 'rollback_success': False, 'reboot_count': 1, 'downtime_seconds': 45.0, 'slot_switch_count': 1}, 'recovery_cost': {'discarded_operation_count': 0, 'replayed_operation_count': 3, 'network_bytes': 24476, 'flash_write_bytes': 10240}}",interrupt_075,1,0,True,0,0,3,0,1,False,"Synthetic fixture; no Autoware source code, no proprietary AV software, and no third-party model weights",16384,/tmp/smartota-clean-rerun-2942cbd-copy/datasets/manifests/smartota-automotive.json,1,12890,/home/arpan/OTA/.cursor-tutor/ota_environment/data/raw/automotive/autoware-style-perception/autoware-style-perception-new.tar,/home/arpan/OTA/.cursor-tutor/ota_environment/data/raw/automotive/autoware-style-perception/autoware-style-perception-new.tar,2c89afcb33f91f3a249c50a92cc652778c267a28f5cb05ac69605cb2f2ba7053,51200,/home/arpan/OTA/.cursor-tutor/ota_environment/data/raw/automotive/autoware-style-perception/autoware-style-perception-old.tar,/home/arpan/OTA/.cursor-tutor/ota_environment/data/raw/automotive/autoware-style-perception/autoware-style-perception-old.tar,53b13f0789ba85473f97c99d58ed0f4ef7c089cd0ac979a5cd3fe7e62fde6e3f,40960,,,10,,3,,autoware_style_perception_module_update,blockwise_bsdiff,CPython,"3.12.7 | packaged by Anaconda, Inc. | (main, Oct  4 2024, 13:27:36) [GCC 11.2.0]",1,,True,True,0.0,False,False,0.015284,0.015284,autoware_style_perception_module_update,1,51200,False,1,Locally generated deterministic fixture inspired by Autoware-style module layout,13,0.022923,2026-07-17T15:45:42.120432+00:00,automotive,True
True,True,True,13,0,True,2c89afcb33f91f3a249c50a92cc652778c267a28f5cb05ac69605cb2f2ba7053,53b13f0789ba85473f97c99d58ed0f4ef7c089cd0ac979a5cd3fe7e62fde6e3f,autoware_module_tar,copy_only,4096,4096,0,13,True,True,uncompressed,deterministic_tar_derivation,smartota-automotive,1.2.6,0.26.2,1.26.4,2.20.0,2.12.0,True,True,True,True,B,2c89afcb33f91f3a249c50a92cc652778c267a28f5cb05ac69605cb2f2ba7053,0,1,True,0,,1,500000.0,10,True,5000000.0,always_pass,2,constrained,2000000.0,524288,45.0,True,True,8388608,streaming,12582912,51200,0.243972,45.0,51200,pass,A,53b13f0789ba85473f97c99d58ed0f4ef7c089cd0ac979a5cd3fe7e62fde6e3f,complete,0.01024,51200,10,2,121986,121986,58904,4096,False,1,False,False,False,False,8388608,51200,False,1,0,0.254212,10,autoware_style_av_stack,45.0,0.001206,121986,13,2942cbde2fd344cccea23aabbe8d5bf168610c71,False,0.75,"{'interruption_percentage': 0.75, 'interrupted_after_operations': 10, 'operation_count': 13, 'checkpoint_available': True, 'checkpoint_operation_index': 10, 'resumed_from_checkpoint': True, 'recovery_strategy': 'checkpoint_resume', 'recovery_success': True, 'rollback_success': False, 'rollback_ready_at_interruption': False, 'final_replay_validity': True, 'replay_errors': '', 'recovery_errors': '', 'extra_network_bytes': 0, 'extra_flash_writes': 0, 'total_network_bytes': 121986, 'total_flash_write_bytes': 51200, 'interrupted_metrics': {'install_state': 'interrupted', 'package_size_bytes': 97510, 'network_bytes': 97510, 'staging_area_bytes': 0, 'backup_area_bytes': 0, 'installed_image_bytes': 40960, 'current_persistent_storage_bytes': 40960, 'peak_persistent_storage_bytes': 50711, 'peak_ram_bytes': 4096, 'flash_write_bytes': 40960, 'download_time_s': 0.19502, 'install_time_s': 0.008192, 'total_time_s': 0.203212, 'checkpoint_count': 1, 'latest_checkpoint_operation': 10, 'rollback_ready': False, 'unsafe_overwrite_count': 10, 'budget_violation_count': 0, 'budget_violations': [], 'ab_enabled': True, 'active_slot': 'A', 'inactive_slot': 'B', 'active_version': '53b13f0789ba85473f97c99d58ed0f4ef7c089cd0ac979a5cd3fe7e62fde6e3f', 'inactive_version': '53b13f0789ba85473f97c99d58ed0f4ef7c089cd0ac979a5cd3fe7e62fde6e3f', 'slot_capacity_bytes': 8388608, 'boot_attempt_counter': 0, 'max_boot_attempts': 2, 'pending_activation': False, 'health_verdict': 'not_run', 'rollback_performed': False, 'ab_update_valid': False, 'ab_rollback_ready': True, 'slot_storage_bytes': 40960, 'slot_storage_violation': False, 'activation_success': False, 'boot_health_success': False, 'rollback_after_failed_boot': False, 'rollback_success': False, 'reboot_count': 0, 'downtime_seconds': 0.0, 'slot_switch_count': 0}, 'recovered_metrics': {'install_state': 'complete', 'package_size_bytes': 121986, 'network_bytes': 121986, 'staging_area_bytes': 0, 'backup_area_bytes': 0, 'installed_image_bytes': 51200, 'current_persistent_storage_bytes': 51200, 'peak_persistent_storage_bytes': 58904, 'peak_ram_bytes': 4096, 'flash_write_bytes': 51200, 'download_time_s': 0.243972, 'install_time_s': 0.01024, 'total_time_s': 0.254212, 'checkpoint_count': 1, 'latest_checkpoint_operation': 10, 'rollback_ready': False, 'unsafe_overwrite_count': 10, 'budget_violation_count': 0, 'budget_violations': [], 'ab_enabled': True, 'active_slot': 'B', 'inactive_slot': 'A', 'active_version': '2c89afcb33f91f3a249c50a92cc652778c267a28f5cb05ac69605cb2f2ba7053', 'inactive_version': '53b13f0789ba85473f97c99d58ed0f4ef7c089cd0ac979a5cd3fe7e62fde6e3f', 'slot_capacity_bytes': 8388608, 'boot_attempt_counter': 1, 'max_boot_attempts': 2, 'pending_activation': False, 'health_verdict': 'pass', 'rollback_performed': False, 'ab_update_valid': True, 'ab_rollback_ready': True, 'slot_storage_bytes': 51200, 'slot_storage_violation': False, 'activation_success': True, 'boot_health_success': True, 'rollback_after_failed_boot': False, 'rollback_success': False, 'reboot_count': 1, 'downtime_seconds': 45.0, 'slot_switch_count': 1}, 'recovery_cost': {'discarded_operation_count': 0, 'replayed_operation_count': 3, 'network_bytes': 24476, 'flash_write_bytes': 10240}}",interrupt_075,1,0,True,0,0,3,0,1,False,"Synthetic fixture; no Autoware source code, no proprietary AV software, and no third-party model weights",16384,/tmp/smartota-clean-rerun-2942cbd-copy/datasets/manifests/smartota-automotive.json,1,4096,/home/arpan/OTA/.cursor-tutor/ota_environment/data/raw/automotive/autoware-style-perception/autoware-style-perception-new.tar,/home/arpan/OTA/.cursor-tutor/ota_environment/data/raw/automotive/autoware-style-perception/autoware-style-perception-new.tar,2c89afcb33f91f3a249c50a92cc652778c267a28f5cb05ac69605cb2f2ba7053,51200,/home/arpan/OTA/.cursor-tutor/ota_environment/data/raw/automotive/autoware-style-perception/autoware-style-perception-old.tar,/home/arpan/OTA/.cursor-tutor/ota_environment/data/raw/automotive/autoware-style-perception/autoware-style-perception-old.tar,53b13f0789ba85473f97c99d58ed0f4ef7c089cd0ac979a5cd3fe7e62fde6e3f,40960,,,,,13,,autoware_style_perception_module_update,copy_only,CPython,"3.12.7 | packaged by Anaconda, Inc. | (main, Oct  4 2024, 13:27:36) [GCC 11.2.0]",1,,True,True,0.0,False,False,0.001206,0.001206,autoware_style_perception_module_update,1,51200,False,1,Locally generated deterministic fixture inspired by Autoware-style module layout,13,0.003658,2026-07-17T15:45:42.120432+00:00,automotive,True
True,True,True,13,0,True,2c89afcb33f91f3a249c50a92cc652778c267a28f5cb05ac69605cb2f2ba7053,53b13f0789ba85473f97c99d58ed0f4ef7c089cd0ac979a5cd3fe7e62fde6e3f,autoware_module_tar,copy_delta,4096,4096,0,13,True,True,uncompressed,deterministic_tar_derivation,smartota-automotive,1.2.6,0.26.2,1.26.4,2.20.0,2.12.0,True,True,True,True,B,2c89afcb33f91f3a249c50a92cc652778c267a28f5cb05ac69605cb2f2ba7053,0,1,True,0,,1,500000.0,10,True,5000000.0,always_pass,2,constrained,2000000.0,524288,45.0,True,True,8388608,streaming,12582912,51200,0.150584,45.0,51200,pass,A,53b13f0789ba85473f97c99d58ed0f4ef7c089cd0ac979a5cd3fe7e62fde6e3f,complete,0.023755,51200,10,2,75292,75292,51732,9116,False,1,False,False,False,False,8388608,51200,False,1,0,0.174339,10,autoware_style_av_stack,45.0,0.016348,75292,13,2942cbde2fd344cccea23aabbe8d5bf168610c71,False,0.75,"{'interruption_percentage': 0.75, 'interrupted_after_operations': 10, 'operation_count': 13, 'checkpoint_available': True, 'checkpoint_operation_index': 10, 'resumed_from_checkpoint': True, 'recovery_strategy': 'checkpoint_resume', 'recovery_success': True, 'rollback_success': False, 'rollback_ready_at_interruption': False, 'final_replay_validity': True, 'replay_errors': '', 'recovery_errors': '', 'extra_network_bytes': 0, 'extra_flash_writes': 0, 'total_network_bytes': 75292, 'total_flash_write_bytes': 51200, 'interrupted_metrics': {'install_state': 'interrupted', 'package_size_bytes': 72662, 'network_bytes': 72662, 'staging_area_bytes': 0, 'backup_area_bytes': 0, 'installed_image_bytes': 40960, 'current_persistent_storage_bytes': 40960, 'peak_persistent_storage_bytes': 50711, 'peak_ram_bytes': 9116, 'flash_write_bytes': 40960, 'download_time_s': 0.145324, 'install_time_s': 0.01514, 'total_time_s': 0.160464, 'checkpoint_count': 1, 'latest_checkpoint_operation': 10, 'rollback_ready': False, 'unsafe_overwrite_count': 10, 'budget_violation_count': 0, 'budget_violations': [], 'ab_enabled': True, 'active_slot': 'A', 'inactive_slot': 'B', 'active_version': '53b13f0789ba85473f97c99d58ed0f4ef7c089cd0ac979a5cd3fe7e62fde6e3f', 'inactive_version': '53b13f0789ba85473f97c99d58ed0f4ef7c089cd0ac979a5cd3fe7e62fde6e3f', 'slot_capacity_bytes': 8388608, 'boot_attempt_counter': 0, 'max_boot_attempts': 2, 'pending_activation': False, 'health_verdict': 'not_run', 'rollback_performed': False, 'ab_update_valid': False, 'ab_rollback_ready': True, 'slot_storage_bytes': 40960, 'slot_storage_violation': False, 'activation_success': False, 'boot_health_success': False, 'rollback_after_failed_boot': False, 'rollback_success': False, 'reboot_count': 0, 'downtime_seconds': 0.0, 'slot_switch_count': 0}, 'recovered_metrics': {'install_state': 'complete', 'package_size_bytes': 75292, 'network_bytes': 75292, 'staging_area_bytes': 0, 'backup_area_bytes': 0, 'installed_image_bytes': 51200, 'current_persistent_storage_bytes': 51200, 'peak_persistent_storage_bytes': 51732, 'peak_ram_bytes': 9116, 'flash_write_bytes': 51200, 'download_time_s': 0.150584, 'install_time_s': 0.023755, 'total_time_s': 0.174339, 'checkpoint_count': 1, 'latest_checkpoint_operation': 10, 'rollback_ready': False, 'unsafe_overwrite_count': 10, 'budget_violation_count': 0, 'budget_violations': [], 'ab_enabled': True, 'active_slot': 'B', 'inactive_slot': 'A', 'active_version': '2c89afcb33f91f3a249c50a92cc652778c267a28f5cb05ac69605cb2f2ba7053', 'inactive_version': '53b13f0789ba85473f97c99d58ed0f4ef7c089cd0ac979a5cd3fe7e62fde6e3f', 'slot_capacity_bytes': 8388608, 'boot_attempt_counter': 1, 'max_boot_attempts': 2, 'pending_activation': False, 'health_verdict': 'pass', 'rollback_performed': False, 'ab_update_valid': True, 'ab_rollback_ready': True, 'slot_storage_bytes': 51200, 'slot_storage_violation': False, 'activation_success': True, 'boot_health_success': True, 'rollback_after_failed_boot': False, 'rollback_success': False, 'reboot_count': 1, 'downtime_seconds': 45.0, 'slot_switch_count': 1}, 'recovery_cost': {'discarded_operation_count': 0, 'replayed_operation_count': 3, 'network_bytes': 2630, 'flash_write_bytes': 10240}}",interrupt_075,1,0,True,0,0,3,0,1,False,"Synthetic fixture; no Autoware source code, no proprietary AV software, and no third-party model weights",16384,/tmp/smartota-clean-rerun-2942cbd-copy/datasets/manifests/smartota-automotive.json,1,9116,/home/arpan/OTA/.cursor-tutor/ota_environment/data/raw/automotive/autoware-style-perception/autoware-style-perception-new.tar,/home/arpan/OTA/.cursor-tutor/ota_environment/data/raw/automotive/autoware-style-perception/autoware-style-perception-new.tar,2c89afcb33f91f3a249c50a92cc652778c267a28f5cb05ac69605cb2f2ba7053,51200,/home/arpan/OTA/.cursor-tutor/ota_environment/data/raw/automotive/autoware-style-perception/autoware-style-perception-old.tar,/home/arpan/OTA/.cursor-tutor/ota_environment/data/raw/automotive/autoware-style-perception/autoware-style-perception-old.tar,53b13f0789ba85473f97c99d58ed0f4ef7c089cd0ac979a5cd3fe7e62fde6e3f,40960,,,6,,7,,autoware_style_perception_module_update,copy_delta,CPython,"3.12.7 | packaged by Anaconda, Inc. | (main, Oct  4 2024, 13:27:36) [GCC 11.2.0]",1,,True,True,0.0,False,False,0.016348,0.016348,autoware_style_perception_module_update,1,51200,False,1,Locally generated deterministic fixture inspired by Autoware-style module layout,13,0.019623,2026-07-17T15:45:42.120432+00:00,automotive,True
True,True,True,13,10,True,2c89afcb33f91f3a249c50a92cc652778c267a28f5cb05ac69605cb2f2ba7053,53b13f0789ba85473f97c99d58ed0f4ef7c089cd0ac979a5cd3fe7e62fde6e3f,autoware_module_tar,backup_safe_copy_delta,4096,4096,0,13,True,True,uncompressed,deterministic_tar_derivation,smartota-automotive,1.2.6,0.26.2,1.26.4,2.20.0,2.12.0,True,True,True,True,B,2c89afcb33f91f3a249c50a92cc652778c267a28f5cb05ac69605cb2f2ba7053,40960,1,True,0,,2,500000.0,10,True,5000000.0,always_pass,2,constrained,2000000.0,524288,45.0,True,True,8388608,streaming,12582912,92160,0.151536,45.0,92160,pass,A,53b13f0789ba85473f97c99d58ed0f4ef7c089cd0ac979a5cd3fe7e62fde6e3f,complete,0.029748,51200,20,2,75768,75768,92692,9116,False,1,False,False,True,False,8388608,51200,False,1,0,0.181284,0,autoware_style_av_stack,45.0,0.027745,75768,23,2942cbde2fd344cccea23aabbe8d5bf168610c71,False,0.75,"{'interruption_percentage': 0.75, 'interrupted_after_operations': 18, 'operation_count': 23, 'checkpoint_available': True, 'checkpoint_operation_index': 10, 'resumed_from_checkpoint': True, 'recovery_strategy': 'checkpoint_resume', 'recovery_success': True, 'rollback_success': True, 'rollback_ready_at_interruption': True, 'final_replay_validity': True, 'replay_errors': '', 'recovery_errors': '', 'extra_network_bytes': 39468, 'extra_flash_writes': 32768, 'total_network_bytes': 115236, 'total_flash_write_bytes': 124928, 'interrupted_metrics': {'install_state': 'interrupted', 'package_size_bytes': 71334, 'network_bytes': 71334, 'staging_area_bytes': 0, 'backup_area_bytes': 36864, 'installed_image_bytes': 40960, 'current_persistent_storage_bytes': 77824, 'peak_persistent_storage_bytes': 87575, 'peak_ram_bytes': 8589, 'flash_write_bytes': 73728, 'download_time_s': 0.142668, 'install_time_s': 0.019184, 'total_time_s': 0.161852, 'checkpoint_count': 1, 'latest_checkpoint_operation': 10, 'rollback_ready': True, 'unsafe_overwrite_count': 0, 'budget_violation_count': 0, 'budget_violations': [], 'ab_enabled': True, 'active_slot': 'A', 'inactive_slot': 'B', 'active_version': '53b13f0789ba85473f97c99d58ed0f4ef7c089cd0ac979a5cd3fe7e62fde6e3f', 'inactive_version': '53b13f0789ba85473f97c99d58ed0f4ef7c089cd0ac979a5cd3fe7e62fde6e3f', 'slot_capacity_bytes': 8388608, 'boot_attempt_counter': 0, 'max_boot_attempts': 2, 'pending_activation': False, 'health_verdict': 'not_run', 'rollback_performed': False, 'ab_update_valid': False, 'ab_rollback_ready': True, 'slot_storage_bytes': 40960, 'slot_storage_violation': False, 'activation_success': False, 'boot_health_success': False, 'rollback_after_failed_boot': False, 'rollback_success': False, 'reboot_count': 0, 'downtime_seconds': 0.0, 'slot_switch_count': 0}, 'recovered_metrics': {'install_state': 'complete', 'package_size_bytes': 75768, 'network_bytes': 75768, 'staging_area_bytes': 0, 'backup_area_bytes': 40960, 'installed_image_bytes': 51200, 'current_persistent_storage_bytes': 92160, 'peak_persistent_storage_bytes': 92692, 'peak_ram_bytes': 9116, 'flash_write_bytes': 92160, 'download_time_s': 0.151536, 'install_time_s': 0.029748, 'total_time_s': 0.181284, 'checkpoint_count': 2, 'latest_checkpoint_operation': 20, 'rollback_ready': True, 'unsafe_overwrite_count': 0, 'budget_violation_count': 0, 'budget_violations': [], 'ab_enabled': True, 'active_slot': 'B', 'inactive_slot': 'A', 'active_version': '2c89afcb33f91f3a249c50a92cc652778c267a28f5cb05ac69605cb2f2ba7053', 'inactive_version': '53b13f0789ba85473f97c99d58ed0f4ef7c089cd0ac979a5cd3fe7e62fde6e3f', 'slot_capacity_bytes': 8388608, 'boot_attempt_counter': 1, 'max_boot_attempts': 2, 'pending_activation': False, 'health_verdict': 'pass', 'rollback_performed': False, 'ab_update_valid': True, 'ab_rollback_ready': True, 'slot_storage_bytes': 51200, 'slot_storage_violation': False, 'activation_success': True, 'boot_health_success': True, 'rollback_after_failed_boot': False, 'rollback_success': False, 'reboot_count': 1, 'downtime_seconds': 45.0, 'slot_switch_count': 1}, 'recovery_cost': {'discarded_operation_count': 8, 'replayed_operation_count': 13, 'network_bytes': 43902, 'flash_write_bytes': 51200}}",interrupt_075,1,0,True,32768,39468,13,1,1,False,"Synthetic fixture; no Autoware source code, no proprietary AV software, and no third-party model weights",16384,/tmp/smartota-clean-rerun-2942cbd-copy/datasets/manifests/smartota-automotive.json,1,9116,/home/arpan/OTA/.cursor-tutor/ota_environment/data/raw/automotive/autoware-style-perception/autoware-style-perception-new.tar,/home/arpan/OTA/.cursor-tutor/ota_environment/data/raw/automotive/autoware-style-perception/autoware-style-perception-new.tar,2c89afcb33f91f3a249c50a92cc652778c267a28f5cb05ac69605cb2f2ba7053,51200,/home/arpan/OTA/.cursor-tutor/ota_environment/data/raw/automotive/autoware-style-perception/autoware-style-perception-old.tar,/home/arpan/OTA/.cursor-tutor/ota_environment/data/raw/automotive/autoware-style-perception/autoware-style-perception-old.tar,53b13f0789ba85473f97c99d58ed0f4ef7c089cd0ac979a5cd3fe7e62fde6e3f,40960,10,1,5,,7,,autoware_style_perception_module_update,backup_safe_copy_delta,CPython,"3.12.7 | packaged by Anaconda, Inc. | (main, Oct  4 2024, 13:27:36) [GCC 11.2.0]",1,,True,True,0.0,False,False,0.027745,0.027745,autoware_style_perception_module_update,1,51200,False,1,Locally generated deterministic fixture inspired by Autoware-style module layout,23,0.031797,2026-07-17T15:45:42.120432+00:00,automotive,True
True,True,True,13,10,True,2c89afcb33f91f3a249c50a92cc652778c267a28f5cb05ac69605cb2f2ba7053,53b13f0789ba85473f97c99d58ed0f4ef7c089cd0ac979a5cd3fe7e62fde6e3f,autoware_module_tar,deployment_aware_greedy,4096,4096,0,13,True,True,uncompressed,deterministic_tar_derivation,smartota-automotive,1.2.6,0.26.2,1.26.4,2.20.0,2.12.0,True,True,True,True,B,2c89afcb33f91f3a249c50a92cc652778c267a28f5cb05ac69605cb2f2ba7053,40960,1,True,0,,2,500000.0,10,True,5000000.0,always_pass,2,constrained,2000000.0,524288,45.0,True,True,8388608,streaming,12582912,92160,0.151536,45.0,92160,pass,A,53b13f0789ba85473f97c99d58ed0f4ef7c089cd0ac979a5cd3fe7e62fde6e3f,complete,0.029748,51200,20,2,75768,75768,92692,9116,False,1,False,False,True,False,8388608,51200,False,1,0,0.181284,0,autoware_style_av_stack,45.0,0.029375,75768,23,2942cbde2fd344cccea23aabbe8d5bf168610c71,False,0.75,"{'interruption_percentage': 0.75, 'interrupted_after_operations': 18, 'operation_count': 23, 'checkpoint_available': True, 'checkpoint_operation_index': 10, 'resumed_from_checkpoint': True, 'recovery_strategy': 'checkpoint_resume', 'recovery_success': True, 'rollback_success': True, 'rollback_ready_at_interruption': True, 'final_replay_validity': True, 'replay_errors': '', 'recovery_errors': '', 'extra_network_bytes': 39468, 'extra_flash_writes': 32768, 'total_network_bytes': 115236, 'total_flash_write_bytes': 124928, 'interrupted_metrics': {'install_state': 'interrupted', 'package_size_bytes': 71334, 'network_bytes': 71334, 'staging_area_bytes': 0, 'backup_area_bytes': 36864, 'installed_image_bytes': 40960, 'current_persistent_storage_bytes': 77824, 'peak_persistent_storage_bytes': 87575, 'peak_ram_bytes': 8589, 'flash_write_bytes': 73728, 'download_time_s': 0.142668, 'install_time_s': 0.019184, 'total_time_s': 0.161852, 'checkpoint_count': 1, 'latest_checkpoint_operation': 10, 'rollback_ready': True, 'unsafe_overwrite_count': 0, 'budget_violation_count': 0, 'budget_violations': [], 'ab_enabled': True, 'active_slot': 'A', 'inactive_slot': 'B', 'active_version': '53b13f0789ba85473f97c99d58ed0f4ef7c089cd0ac979a5cd3fe7e62fde6e3f', 'inactive_version': '53b13f0789ba85473f97c99d58ed0f4ef7c089cd0ac979a5cd3fe7e62fde6e3f', 'slot_capacity_bytes': 8388608, 'boot_attempt_counter': 0, 'max_boot_attempts': 2, 'pending_activation': False, 'health_verdict': 'not_run', 'rollback_performed': False, 'ab_update_valid': False, 'ab_rollback_ready': True, 'slot_storage_bytes': 40960, 'slot_storage_violation': False, 'activation_success': False, 'boot_health_success': False, 'rollback_after_failed_boot': False, 'rollback_success': False, 'reboot_count': 0, 'downtime_seconds': 0.0, 'slot_switch_count': 0}, 'recovered_metrics': {'install_state': 'complete', 'package_size_bytes': 75768, 'network_bytes': 75768, 'staging_area_bytes': 0, 'backup_area_bytes': 40960, 'installed_image_bytes': 51200, 'current_persistent_storage_bytes': 92160, 'peak_persistent_storage_bytes': 92692, 'peak_ram_bytes': 9116, 'flash_write_bytes': 92160, 'download_time_s': 0.151536, 'install_time_s': 0.029748, 'total_time_s': 0.181284, 'checkpoint_count': 2, 'latest_checkpoint_operation': 20, 'rollback_ready': True, 'unsafe_overwrite_count': 0, 'budget_violation_count': 0, 'budget_violations': [], 'ab_enabled': True, 'active_slot': 'B', 'inactive_slot': 'A', 'active_version': '2c89afcb33f91f3a249c50a92cc652778c267a28f5cb05ac69605cb2f2ba7053', 'inactive_version': '53b13f0789ba85473f97c99d58ed0f4ef7c089cd0ac979a5cd3fe7e62fde6e3f', 'slot_capacity_bytes': 8388608, 'boot_attempt_counter': 1, 'max_boot_attempts': 2, 'pending_activation': False, 'health_verdict': 'pass', 'rollback_performed': False, 'ab_update_valid': True, 'ab_rollback_ready': True, 'slot_storage_bytes': 51200, 'slot_storage_violation': False, 'activation_success': True, 'boot_health_success': True, 'rollback_after_failed_boot': False, 'rollback_success': False, 'reboot_count': 1, 'downtime_seconds': 45.0, 'slot_switch_count': 1}, 'recovery_cost': {'discarded_operation_count': 8, 'replayed_operation_count': 13, 'network_bytes': 43902, 'flash_write_bytes': 51200}}",interrupt_075,1,0,True,32768,39468,13,1,1,False,"Synthetic fixture; no Autoware source code, no proprietary AV software, and no third-party model weights",16384,/tmp/smartota-clean-rerun-2942cbd-copy/datasets/manifests/smartota-automotive.json,1,9116,/home/arpan/OTA/.cursor-tutor/ota_environment/data/raw/automotive/autoware-style-perception/autoware-style-perception-new.tar,/home/arpan/OTA/.cursor-tutor/ota_environment/data/raw/automotive/autoware-style-perception/autoware-style-perception-new.tar,2c89afcb33f91f3a249c50a92cc652778c267a28f5cb05ac69605cb2f2ba7053,51200,/home/arpan/OTA/.cursor-tutor/ota_environment/data/raw/automotive/autoware-style-perception/autoware-style-perception-old.tar,/home/arpan/OTA/.cursor-tutor/ota_environment/data/raw/automotive/autoware-style-perception/autoware-style-perception-old.tar,53b13f0789ba85473f97c99d58ed0f4ef7c089cd0ac979a5cd3fe7e62fde6e3f,40960,10,1,5,,7,,autoware_style_perception_module_update,deployment_aware_greedy,CPython,"3.12.7 | packaged by Anaconda, Inc. | (main, Oct  4 2024, 13:27:36) [GCC 11.2.0]",1,,True,True,0.0,False,False,0.029375,0.029375,autoware_style_perception_module_update,1,51200,False,1,Locally generated deterministic fixture inspired by Autoware-style module layout,23,0.033271,2026-07-17T15:45:42.120432+00:00,automotive,True
True,True,True,13,0,True,2c89afcb33f91f3a249c50a92cc652778c267a28f5cb05ac69605cb2f2ba7053,53b13f0789ba85473f97c99d58ed0f4ef7c089cd0ac979a5cd3fe7e62fde6e3f,autoware_module_tar,rsync_rolling_hash,4096,4096,0,13,True,True,uncompressed,deterministic_tar_derivation,smartota-automotive,1.2.6,0.26.2,1.26.4,2.20.0,2.12.0,True,True,True,True,B,2c89afcb33f91f3a249c50a92cc652778c267a28f5cb05ac69605cb2f2ba7053,0,1,True,0,,1,500000.0,10,True,5000000.0,always_pass,2,constrained,2000000.0,524288,45.0,True,True,8388608,streaming,12582912,51200,0.243972,45.0,51200,pass,A,53b13f0789ba85473f97c99d58ed0f4ef7c089cd0ac979a5cd3fe7e62fde6e3f,complete,0.01024,51200,10,2,121986,121986,58904,4096,False,1,False,False,False,False,8388608,51200,False,1,0,0.254212,10,autoware_style_av_stack,45.0,0.011843,121986,13,2942cbde2fd344cccea23aabbe8d5bf168610c71,False,0.75,"{'interruption_percentage': 0.75, 'interrupted_after_operations': 10, 'operation_count': 13, 'checkpoint_available': True, 'checkpoint_operation_index': 10, 'resumed_from_checkpoint': True, 'recovery_strategy': 'checkpoint_resume', 'recovery_success': True, 'rollback_success': False, 'rollback_ready_at_interruption': False, 'final_replay_validity': True, 'replay_errors': '', 'recovery_errors': '', 'extra_network_bytes': 0, 'extra_flash_writes': 0, 'total_network_bytes': 121986, 'total_flash_write_bytes': 51200, 'interrupted_metrics': {'install_state': 'interrupted', 'package_size_bytes': 97510, 'network_bytes': 97510, 'staging_area_bytes': 0, 'backup_area_bytes': 0, 'installed_image_bytes': 40960, 'current_persistent_storage_bytes': 40960, 'peak_persistent_storage_bytes': 50711, 'peak_ram_bytes': 4096, 'flash_write_bytes': 40960, 'download_time_s': 0.19502, 'install_time_s': 0.008192, 'total_time_s': 0.203212, 'checkpoint_count': 1, 'latest_checkpoint_operation': 10, 'rollback_ready': False, 'unsafe_overwrite_count': 10, 'budget_violation_count': 0, 'budget_violations': [], 'ab_enabled': True, 'active_slot': 'A', 'inactive_slot': 'B', 'active_version': '53b13f0789ba85473f97c99d58ed0f4ef7c089cd0ac979a5cd3fe7e62fde6e3f', 'inactive_version': '53b13f0789ba85473f97c99d58ed0f4ef7c089cd0ac979a5cd3fe7e62fde6e3f', 'slot_capacity_bytes': 8388608, 'boot_attempt_counter': 0, 'max_boot_attempts': 2, 'pending_activation': False, 'health_verdict': 'not_run', 'rollback_performed': False, 'ab_update_valid': False, 'ab_rollback_ready': True, 'slot_storage_bytes': 40960, 'slot_storage_violation': False, 'activation_success': False, 'boot_health_success': False, 'rollback_after_failed_boot': False, 'rollback_success': False, 'reboot_count': 0, 'downtime_seconds': 0.0, 'slot_switch_count': 0}, 'recovered_metrics': {'install_state': 'complete', 'package_size_bytes': 121986, 'network_bytes': 121986, 'staging_area_bytes': 0, 'backup_area_bytes': 0, 'installed_image_bytes': 51200, 'current_persistent_storage_bytes': 51200, 'peak_persistent_storage_bytes': 58904, 'peak_ram_bytes': 4096, 'flash_write_bytes': 51200, 'download_time_s': 0.243972, 'install_time_s': 0.01024, 'total_time_s': 0.254212, 'checkpoint_count': 1, 'latest_checkpoint_operation': 10, 'rollback_ready': False, 'unsafe_overwrite_count': 10, 'budget_violation_count': 0, 'budget_violations': [], 'ab_enabled': True, 'active_slot': 'B', 'inactive_slot': 'A', 'active_version': '2c89afcb33f91f3a249c50a92cc652778c267a28f5cb05ac69605cb2f2ba7053', 'inactive_version': '53b13f0789ba85473f97c99d58ed0f4ef7c089cd0ac979a5cd3fe7e62fde6e3f', 'slot_capacity_bytes': 8388608, 'boot_attempt_counter': 1, 'max_boot_attempts': 2, 'pending_activation': False, 'health_verdict': 'pass', 'rollback_performed': False, 'ab_update_valid': True, 'ab_rollback_ready': True, 'slot_storage_bytes': 51200, 'slot_storage_violation': False, 'activation_success': True, 'boot_health_success': True, 'rollback_after_failed_boot': False, 'rollback_success': False, 'reboot_count': 1, 'downtime_seconds': 45.0, 'slot_switch_count': 1}, 'recovery_cost': {'discarded_operation_count': 0, 'replayed_operation_count': 3, 'network_bytes': 24476, 'flash_write_bytes': 10240}}",interrupt_075,1,0,True,0,0,3,0,1,False,"Synthetic fixture; no Autoware source code, no proprietary AV software, and no third-party model weights",16384,/tmp/smartota-clean-rerun-2942cbd-copy/datasets/manifests/smartota-automotive.json,1,4096,/home/arpan/OTA/.cursor-tutor/ota_environment/data/raw/automotive/autoware-style-perception/autoware-style-perception-new.tar,/home/arpan/OTA/.cursor-tutor/ota_environment/data/raw/automotive/autoware-style-perception/autoware-style-perception-new.tar,2c89afcb33f91f3a249c50a92cc652778c267a28f5cb05ac69605cb2f2ba7053,51200,/home/arpan/OTA/.cursor-tutor/ota_environment/data/raw/automotive/autoware-style-perception/autoware-style-perception-old.tar,/home/arpan/OTA/.cursor-tutor/ota_environment/data/raw/automotive/autoware-style-perception/autoware-style-perception-old.tar,53b13f0789ba85473f97c99d58ed0f4ef7c089cd0ac979a5cd3fe7e62fde6e3f,40960,,,,,13,,autoware_style_perception_module_update,rsync_rolling_hash,CPython,"3.12.7 | packaged by Anaconda, Inc. | (main, Oct  4 2024, 13:27:36) [GCC 11.2.0]",1,,True,True,0.0,False,False,0.011843,0.011843,autoware_style_perception_module_update,1,51200,False,1,Locally generated deterministic fixture inspired by Autoware-style module layout,13,0.014236,2026-07-17T15:45:42.120432+00:00,automotive,True
True,True,True,2,0,True,2c89afcb33f91f3a249c50a92cc652778c267a28f5cb05ac69605cb2f2ba7053,53b13f0789ba85473f97c99d58ed0f4ef7c089cd0ac979a5cd3fe7e62fde6e3f,autoware_module_tar,full_replacement,4096,4096,0,13,True,True,uncompressed,deterministic_tar_derivation,smartota-automotive,1.2.6,0.26.2,1.26.4,2.20.0,2.12.0,True,True,True,True,B,2c89afcb33f91f3a249c50a92cc652778c267a28f5cb05ac69605cb2f2ba7053,0,1,True,0,,0,128000.0,5,True,1000000.0,always_pass,3,severe_edge_device,512000.0,131072,90.0,True,True,4194304,streaming,6291456,51200,0.935648,90.0,51200,pass,A,53b13f0789ba85473f97c99d58ed0f4ef7c089cd0ac979a5cd3fe7e62fde6e3f,complete,0.0512,51200,0,3,119763,119763,207723,51200,False,1,False,False,False,False,4194304,51200,False,1,0,0.986848,1,autoware_style_av_stack,90.0,0.000918,119763,2,2942cbde2fd344cccea23aabbe8d5bf168610c71,False,0.25,"{'interruption_percentage': 0.25, 'interrupted_after_operations': 1, 'operation_count': 2, 'checkpoint_available': False, 'checkpoint_operation_index': 0, 'resumed_from_checkpoint': False, 'recovery_strategy': 'failed', 'recovery_success': False, 'rollback_success': False, 'rollback_ready_at_interruption': False, 'final_replay_validity': False, 'replay_errors': '', 'recovery_errors': 'no checkpoint and rollback is not ready', 'extra_network_bytes': 0, 'extra_flash_writes': 0, 'total_network_bytes': 119659, 'total_flash_write_bytes': 51200, 'interrupted_metrics': {'install_state': 'interrupted', 'package_size_bytes': 119659, 'network_bytes': 119659, 'staging_area_bytes': 0, 'backup_area_bytes': 0, 'installed_image_bytes': 88064, 'current_persistent_storage_bytes': 88064, 'peak_persistent_storage_bytes': 207723, 'peak_ram_bytes': 51200, 'flash_write_bytes': 51200, 'download_time_s': 0.934836, 'install_time_s': 0.0512, 'total_time_s': 0.986036, 'checkpoint_count': 0, 'latest_checkpoint_operation': 0, 'rollback_ready': False, 'unsafe_overwrite_count': 1, 'budget_violation_count': 0, 'budget_violations': [], 'ab_enabled': True, 'active_slot': 'A', 'inactive_slot': 'B', 'active_version': '53b13f0789ba85473f97c99d58ed0f4ef7c089cd0ac979a5cd3fe7e62fde6e3f', 'inactive_version': '53b13f0789ba85473f97c99d58ed0f4ef7c089cd0ac979a5cd3fe7e62fde6e3f', 'slot_capacity_bytes': 4194304, 'boot_attempt_counter': 0, 'max_boot_attempts': 3, 'pending_activation': False, 'health_verdict': 'not_run', 'rollback_performed': False, 'ab_update_valid': False, 'ab_rollback_ready': True, 'slot_storage_bytes': 40960, 'slot_storage_violation': False, 'activation_success': False, 'boot_health_success': False, 'rollback_after_failed_boot': False, 'rollback_success': False, 'reboot_count': 0, 'downtime_seconds': 0.0, 'slot_switch_count': 0}, 'recovered_metrics': {}, 'recovery_cost': {'discarded_operation_count': 1, 'replayed_operation_count': 0, 'network_bytes': 0, 'flash_write_bytes': 0}}",interrupt_025,0,1,False,0,0,0,0,1,False,"Synthetic fixture; no Autoware source code, no proprietary AV software, and no third-party model weights",16384,/tmp/smartota-clean-rerun-2942cbd-copy/datasets/manifests/smartota-automotive.json,1,51200,/home/arpan/OTA/.cursor-tutor/ota_environment/data/raw/automotive/autoware-style-perception/autoware-style-perception-new.tar,/home/arpan/OTA/.cursor-tutor/ota_environment/data/raw/automotive/autoware-style-perception/autoware-style-perception-new.tar,2c89afcb33f91f3a249c50a92cc652778c267a28f5cb05ac69605cb2f2ba7053,51200,/home/arpan/OTA/.cursor-tutor/ota_environment/data/raw/automotive/autoware-style-perception/autoware-style-perception-old.tar,/home/arpan/OTA/.cursor-tutor/ota_environment/data/raw/automotive/autoware-style-perception/autoware-style-perception-old.tar,53b13f0789ba85473f97c99d58ed0f4ef7c089cd0ac979a5cd3fe7e62fde6e3f,40960,,,,,1,1,autoware_style_perception_module_update,full_replacement,CPython,"3.12.7 | packaged by Anaconda, Inc. | (main, Oct  4 2024, 13:27:36) [GCC 11.2.0]",1,,True,True,0.0,False,False,0.000918,0.000918,autoware_style_perception_module_update,1,51200,False,1,Locally generated deterministic fixture inspired by Autoware-style module layout,2,0.002406,2026-07-17T15:45:42.120432+00:00,automotive,True
True,True,True,2,0,True,2c89afcb33f91f3a249c50a92cc652778c267a28f5cb05ac69605cb2f2ba7053,53b13f0789ba85473f97c99d58ed0f4ef7c089cd0ac979a5cd3fe7e62fde6e3f,autoware_module_tar,whole_file_bsdiff,4096,4096,0,13,True,True,uncompressed,deterministic_tar_derivation,smartota-automotive,1.2.6,0.26.2,1.26.4,2.20.0,2.12.0,True,True,True,True,B,2c89afcb33f91f3a249c50a92cc652778c267a28f5cb05ac69605cb2f2ba7053,0,1,True,0,,0,128000.0,5,True,1000000.0,always_pass,3,severe_edge_device,512000.0,131072,90.0,True,True,4194304,streaming,6291456,51200,0.548562,90.0,51200,pass,A,53b13f0789ba85473f97c99d58ed0f4ef7c089cd0ac979a5cd3fe7e62fde6e3f,complete,0.189688,51200,0,3,70216,70216,158176,122106,False,1,False,False,False,False,4194304,51200,False,1,0,0.738251,1,autoware_style_av_stack,90.0,0.014011,70216,2,2942cbde2fd344cccea23aabbe8d5bf168610c71,False,0.25,"{'interruption_percentage': 0.25, 'interrupted_after_operations': 1, 'operation_count': 2, 'checkpoint_available': False, 'checkpoint_operation_index': 0, 'resumed_from_checkpoint': False, 'recovery_strategy': 'failed', 'recovery_success': False, 'rollback_success': False, 'rollback_ready_at_interruption': False, 'final_replay_validity': False, 'replay_errors': '', 'recovery_errors': 'no checkpoint and rollback is not ready', 'extra_network_bytes': 0, 'extra_flash_writes': 0, 'total_network_bytes': 70112, 'total_flash_write_bytes': 51200, 'interrupted_metrics': {'install_state': 'interrupted', 'package_size_bytes': 70112, 'network_bytes': 70112, 'staging_area_bytes': 0, 'backup_area_bytes': 0, 'installed_image_bytes': 88064, 'current_persistent_storage_bytes': 88064, 'peak_persistent_storage_bytes': 158176, 'peak_ram_bytes': 122106, 'flash_write_bytes': 51200, 'download_time_s': 0.54775, 'install_time_s': 0.189688, 'total_time_s': 0.737438, 'checkpoint_count': 0, 'latest_checkpoint_operation': 0, 'rollback_ready': False, 'unsafe_overwrite_count': 1, 'budget_violation_count': 0, 'budget_violations': [], 'ab_enabled': True, 'active_slot': 'A', 'inactive_slot': 'B', 'active_version': '53b13f0789ba85473f97c99d58ed0f4ef7c089cd0ac979a5cd3fe7e62fde6e3f', 'inactive_version': '53b13f0789ba85473f97c99d58ed0f4ef7c089cd0ac979a5cd3fe7e62fde6e3f', 'slot_capacity_bytes': 4194304, 'boot_attempt_counter': 0, 'max_boot_attempts': 3, 'pending_activation': False, 'health_verdict': 'not_run', 'rollback_performed': False, 'ab_update_valid': False, 'ab_rollback_ready': True, 'slot_storage_bytes': 40960, 'slot_storage_violation': False, 'activation_success': False, 'boot_health_success': False, 'rollback_after_failed_boot': False, 'rollback_success': False, 'reboot_count': 0, 'downtime_seconds': 0.0, 'slot_switch_count': 0}, 'recovered_metrics': {}, 'recovery_cost': {'discarded_operation_count': 1, 'replayed_operation_count': 0, 'network_bytes': 0, 'flash_write_bytes': 0}}",interrupt_025,0,1,False,0,0,0,0,1,False,"Synthetic fixture; no Autoware source code, no proprietary AV software, and no third-party model weights",16384,/tmp/smartota-clean-rerun-2942cbd-copy/datasets/manifests/smartota-automotive.json,1,122106,/home/arpan/OTA/.cursor-tutor/ota_environment/data/raw/automotive/autoware-style-perception/autoware-style-perception-new.tar,/home/arpan/OTA/.cursor-tutor/ota_environment/data/raw/automotive/autoware-style-perception/autoware-style-perception-new.tar,2c89afcb33f91f3a249c50a92cc652778c267a28f5cb05ac69605cb2f2ba7053,51200,/home/arpan/OTA/.cursor-tutor/ota_environment/data/raw/automotive/autoware-style-perception/autoware-style-perception-old.tar,/home/arpan/OTA/.cursor-tutor/ota_environment/data/raw/automotive/autoware-style-perception/autoware-style-perception-old.tar,53b13f0789ba85473f97c99d58ed0f4ef7c089cd0ac979a5cd3fe7e62fde6e3f,40960,,,1,,,1,autoware_style_perception_module_update,whole_file_bsdiff,CPython,"3.12.7 | packaged by Anaconda, Inc. | (main, Oct  4 2024, 13:27:36) [GCC 11.2.0]",1,,True,True,0.0,False,False,0.014011,0.014011,autoware_style_perception_module_update,1,51200,False,1,Locally generated deterministic fixture inspired by Autoware-style module layout,2,0.018237,2026-07-17T15:45:42.120432+00:00,automotive,True
True,True,True,13,0,True,2c89afcb33f91f3a249c50a92cc652778c267a28f5cb05ac69605cb2f2ba7053,53b13f0789ba85473f97c99d58ed0f4ef7c089cd0ac979a5cd3fe7e62fde6e3f,autoware_module_tar,blockwise_bsdiff,4096,4096,0,13,True,True,uncompressed,deterministic_tar_derivation,smartota-automotive,1.2.6,0.26.2,1.26.4,2.20.0,2.12.0,True,True,True,True,B,2c89afcb33f91f3a249c50a92cc652778c267a28f5cb05ac69605cb2f2ba7053,0,1,True,0,,2,128000.0,5,True,1000000.0,always_pass,3,severe_edge_device,512000.0,131072,90.0,True,True,4194304,streaming,6291456,51200,0.833531,90.0,51200,pass,A,53b13f0789ba85473f97c99d58ed0f4ef7c089cd0ac979a5cd3fe7e62fde6e3f,complete,0.1982,51200,10,3,106692,106692,58904,12890,False,1,False,False,False,False,4194304,51200,False,1,0,1.031731,10,autoware_style_av_stack,90.0,0.014967,106692,13,2942cbde2fd344cccea23aabbe8d5bf168610c71,False,0.25,"{'interruption_percentage': 0.25, 'interrupted_after_operations': 4, 'operation_count': 13, 'checkpoint_available': False, 'checkpoint_operation_index': 0, 'resumed_from_checkpoint': False, 'recovery_strategy': 'failed', 'recovery_success': False, 'rollback_success': False, 'rollback_ready_at_interruption': False, 'final_replay_validity': False, 'replay_errors': '', 'recovery_errors': 'no checkpoint and rollback is not ready', 'extra_network_bytes': 0, 'extra_flash_writes': 0, 'total_network_bytes': 24182, 'total_flash_write_bytes': 16384, 'interrupted_metrics': {'install_state': 'interrupted', 'package_size_bytes': 24182, 'network_bytes': 24182, 'staging_area_bytes': 0, 'backup_area_bytes': 0, 'installed_image_bytes': 40960, 'current_persistent_storage_bytes': 40960, 'peak_persistent_storage_bytes': 52045, 'peak_ram_bytes': 12849, 'flash_write_bytes': 16384, 'download_time_s': 0.188922, 'install_time_s': 0.067896, 'total_time_s': 0.256818, 'checkpoint_count': 0, 'latest_checkpoint_operation': 0, 'rollback_ready': False, 'unsafe_overwrite_count': 4, 'budget_violation_count': 0, 'budget_violations': [], 'ab_enabled': True, 'active_slot': 'A', 'inactive_slot': 'B', 'active_version': '53b13f0789ba85473f97c99d58ed0f4ef7c089cd0ac979a5cd3fe7e62fde6e3f', 'inactive_version': '53b13f0789ba85473f97c99d58ed0f4ef7c089cd0ac979a5cd3fe7e62fde6e3f', 'slot_capacity_bytes': 4194304, 'boot_attempt_counter': 0, 'max_boot_attempts': 3, 'pending_activation': False, 'health_verdict': 'not_run', 'rollback_performed': False, 'ab_update_valid': False, 'ab_rollback_ready': True, 'slot_storage_bytes': 40960, 'slot_storage_violation': False, 'activation_success': False, 'boot_health_success': False, 'rollback_after_failed_boot': False, 'rollback_success': False, 'reboot_count': 0, 'downtime_seconds': 0.0, 'slot_switch_count': 0}, 'recovered_metrics': {}, 'recovery_cost': {'discarded_operation_count': 4, 'replayed_operation_count': 0, 'network_bytes': 0, 'flash_write_bytes': 0}}",interrupt_025,0,1,False,0,0,0,0,1,False,"Synthetic fixture; no Autoware source code, no proprietary AV software, and no third-party model weights",16384,/tmp/smartota-clean-rerun-2942cbd-copy/datasets/manifests/smartota-automotive.json,1,12890,/home/arpan/OTA/.cursor-tutor/ota_environment/data/raw/automotive/autoware-style-perception/autoware-style-perception-new.tar,/home/arpan/OTA/.cursor-tutor/ota_environment/data/raw/automotive/autoware-style-perception/autoware-style-perception-new.tar,2c89afcb33f91f3a249c50a92cc652778c267a28f5cb05ac69605cb2f2ba7053,51200,/home/arpan/OTA/.cursor-tutor/ota_environment/data/raw/automotive/autoware-style-perception/autoware-style-perception-old.tar,/home/arpan/OTA/.cursor-tutor/ota_environment/data/raw/automotive/autoware-style-perception/autoware-style-perception-old.tar,53b13f0789ba85473f97c99d58ed0f4ef7c089cd0ac979a5cd3fe7e62fde6e3f,40960,,,10,,3,,autoware_style_perception_module_update,blockwise_bsdiff,CPython,"3.12.7 | packaged by Anaconda, Inc. | (main, Oct  4 2024, 13:27:36) [GCC 11.2.0]",1,,True,True,0.0,False,False,0.014967,0.014967,autoware_style_perception_module_update,1,51200,False,1,Locally generated deterministic fixture inspired by Autoware-style module layout,13,0.01832,2026-07-17T15:45:42.120432+00:00,automotive,True
True,True,True,13,0,True,2c89afcb33f91f3a249c50a92cc652778c267a28f5cb05ac69605cb2f2ba7053,53b13f0789ba85473f97c99d58ed0f4ef7c089cd0ac979a5cd3fe7e62fde6e3f,autoware_module_tar,copy_only,4096,4096,0,13,True,True,uncompressed,deterministic_tar_derivation,smartota-automotive,1.2.6,0.26.2,1.26.4,2.20.0,2.12.0,True,True,True,True,B,2c89afcb33f91f3a249c50a92cc652778c267a28f5cb05ac69605cb2f2ba7053,0,1,True,0,,2,128000.0,5,True,1000000.0,always_pass,3,severe_edge_device,512000.0,131072,90.0,True,True,4194304,streaming,6291456,51200,0.953016,90.0,51200,pass,A,53b13f0789ba85473f97c99d58ed0f4ef7c089cd0ac979a5cd3fe7e62fde6e3f,complete,0.0512,51200,10,3,121986,121986,58904,4096,False,1,False,False,False,False,4194304,51200,False,1,0,1.004216,10,autoware_style_av_stack,90.0,0.001222,121986,13,2942cbde2fd344cccea23aabbe8d5bf168610c71,False,0.25,"{'interruption_percentage': 0.25, 'interrupted_after_operations': 4, 'operation_count': 13, 'checkpoint_available': False, 'checkpoint_operation_index': 0, 'resumed_from_checkpoint': False, 'recovery_strategy': 'failed', 'recovery_success': False, 'rollback_success': False, 'rollback_ready_at_interruption': False, 'final_replay_validity': False, 'replay_errors': '', 'recovery_errors': 'no checkpoint and rollback is not ready', 'extra_network_bytes': 0, 'extra_flash_writes': 0, 'total_network_bytes': 39004, 'total_flash_write_bytes': 16384, 'interrupted_metrics': {'install_state': 'interrupted', 'package_size_bytes': 39004, 'network_bytes': 39004, 'staging_area_bytes': 0, 'backup_area_bytes': 0, 'installed_image_bytes': 40960, 'current_persistent_storage_bytes': 40960, 'peak_persistent_storage_bytes': 50711, 'peak_ram_bytes': 4096, 'flash_write_bytes': 16384, 'download_time_s': 0.304719, 'install_time_s': 0.016384, 'total_time_s': 0.321103, 'checkpoint_count': 0, 'latest_checkpoint_operation': 0, 'rollback_ready': False, 'unsafe_overwrite_count': 4, 'budget_violation_count': 0, 'budget_violations': [], 'ab_enabled': True, 'active_slot': 'A', 'inactive_slot': 'B', 'active_version': '53b13f0789ba85473f97c99d58ed0f4ef7c089cd0ac979a5cd3fe7e62fde6e3f', 'inactive_version': '53b13f0789ba85473f97c99d58ed0f4ef7c089cd0ac979a5cd3fe7e62fde6e3f', 'slot_capacity_bytes': 4194304, 'boot_attempt_counter': 0, 'max_boot_attempts': 3, 'pending_activation': False, 'health_verdict': 'not_run', 'rollback_performed': False, 'ab_update_valid': False, 'ab_rollback_ready': True, 'slot_storage_bytes': 40960, 'slot_storage_violation': False, 'activation_success': False, 'boot_health_success': False, 'rollback_after_failed_boot': False, 'rollback_success': False, 'reboot_count': 0, 'downtime_seconds': 0.0, 'slot_switch_count': 0}, 'recovered_metrics': {}, 'recovery_cost': {'discarded_operation_count': 4, 'replayed_operation_count': 0, 'network_bytes': 0, 'flash_write_bytes': 0}}",interrupt_025,0,1,False,0,0,0,0,1,False,"Synthetic fixture; no Autoware source code, no proprietary AV software, and no third-party model weights",16384,/tmp/smartota-clean-rerun-2942cbd-copy/datasets/manifests/smartota-automotive.json,1,4096,/home/arpan/OTA/.cursor-tutor/ota_environment/data/raw/automotive/autoware-style-perception/autoware-style-perception-new.tar,/home/arpan/OTA/.cursor-tutor/ota_environment/data/raw/automotive/autoware-style-perception/autoware-style-perception-new.tar,2c89afcb33f91f3a249c50a92cc652778c267a28f5cb05ac69605cb2f2ba7053,51200,/home/arpan/OTA/.cursor-tutor/ota_environment/data/raw/automotive/autoware-style-perception/autoware-style-perception-old.tar,/home/arpan/OTA/.cursor-tutor/ota_environment/data/raw/automotive/autoware-style-perception/autoware-style-perception-old.tar,53b13f0789ba85473f97c99d58ed0f4ef7c089cd0ac979a5cd3fe7e62fde6e3f,40960,,,,,13,,autoware_style_perception_module_update,copy_only,CPython,"3.12.7 | packaged by Anaconda, Inc. | (main, Oct  4 2024, 13:27:36) [GCC 11.2.0]",1,,True,True,0.0,False,False,0.001222,0.001222,autoware_style_perception_module_update,1,51200,False,1,Locally generated deterministic fixture inspired by Autoware-style module layout,13,0.002506,2026-07-17T15:45:42.120432+00:00,automotive,True
True,True,True,13,0,True,2c89afcb33f91f3a249c50a92cc652778c267a28f5cb05ac69605cb2f2ba7053,53b13f0789ba85473f97c99d58ed0f4ef7c089cd0ac979a5cd3fe7e62fde6e3f,autoware_module_tar,copy_delta,4096,4096,0,13,True,True,uncompressed,deterministic_tar_derivation,smartota-automotive,1.2.6,0.26.2,1.26.4,2.20.0,2.12.0,True,True,True,True,B,2c89afcb33f91f3a249c50a92cc652778c267a28f5cb05ac69605cb2f2ba7053,0,1,True,0,,2,128000.0,5,True,1000000.0,always_pass,3,severe_edge_device,512000.0,131072,90.0,True,True,4194304,streaming,6291456,51200,0.588219,90.0,51200,pass,A,53b13f0789ba85473f97c99d58ed0f4ef7c089cd0ac979a5cd3fe7e62fde6e3f,complete,0.103993,51200,10,3,75292,75292,51732,9116,False,1,False,False,False,False,4194304,51200,False,1,0,0.692212,10,autoware_style_av_stack,90.0,0.016255,75292,13,2942cbde2fd344cccea23aabbe8d5bf168610c71,False,0.25,"{'interruption_percentage': 0.25, 'interrupted_after_operations': 4, 'operation_count': 13, 'checkpoint_available': False, 'checkpoint_operation_index': 0, 'resumed_from_checkpoint': False, 'recovery_strategy': 'failed', 'recovery_success': False, 'rollback_success': False, 'rollback_ready_at_interruption': False, 'final_replay_validity': False, 'replay_errors': '', 'recovery_errors': 'no checkpoint and rollback is not ready', 'extra_network_bytes': 0, 'extra_flash_writes': 0, 'total_network_bytes': 21535, 'total_flash_write_bytes': 16384, 'interrupted_metrics': {'install_state': 'interrupted', 'package_size_bytes': 21535, 'network_bytes': 21535, 'staging_area_bytes': 0, 'backup_area_bytes': 0, 'installed_image_bytes': 40960, 'current_persistent_storage_bytes': 40960, 'peak_persistent_storage_bytes': 50711, 'peak_ram_bytes': 8589, 'flash_write_bytes': 16384, 'download_time_s': 0.168242, 'install_time_s': 0.033722, 'total_time_s': 0.201964, 'checkpoint_count': 0, 'latest_checkpoint_operation': 0, 'rollback_ready': False, 'unsafe_overwrite_count': 4, 'budget_violation_count': 0, 'budget_violations': [], 'ab_enabled': True, 'active_slot': 'A', 'inactive_slot': 'B', 'active_version': '53b13f0789ba85473f97c99d58ed0f4ef7c089cd0ac979a5cd3fe7e62fde6e3f', 'inactive_version': '53b13f0789ba85473f97c99d58ed0f4ef7c089cd0ac979a5cd3fe7e62fde6e3f', 'slot_capacity_bytes': 4194304, 'boot_attempt_counter': 0, 'max_boot_attempts': 3, 'pending_activation': False, 'health_verdict': 'not_run', 'rollback_performed': False, 'ab_update_valid': False, 'ab_rollback_ready': True, 'slot_storage_bytes': 40960, 'slot_storage_violation': False, 'activation_success': False, 'boot_health_success': False, 'rollback_after_failed_boot': False, 'rollback_success': False, 'reboot_count': 0, 'downtime_seconds': 0.0, 'slot_switch_count': 0}, 'recovered_metrics': {}, 'recovery_cost': {'discarded_operation_count': 4, 'replayed_operation_count': 0, 'network_bytes': 0, 'flash_write_bytes': 0}}",interrupt_025,0,1,False,0,0,0,0,1,False,"Synthetic fixture; no Autoware source code, no proprietary AV software, and no third-party model weights",16384,/tmp/smartota-clean-rerun-2942cbd-copy/datasets/manifests/smartota-automotive.json,1,9116,/home/arpan/OTA/.cursor-tutor/ota_environment/data/raw/automotive/autoware-style-perception/autoware-style-perception-new.tar,/home/arpan/OTA/.cursor-tutor/ota_environment/data/raw/automotive/autoware-style-perception/autoware-style-perception-new.tar,2c89afcb33f91f3a249c50a92cc652778c267a28f5cb05ac69605cb2f2ba7053,51200,/home/arpan/OTA/.cursor-tutor/ota_environment/data/raw/automotive/autoware-style-perception/autoware-style-perception-old.tar,/home/arpan/OTA/.cursor-tutor/ota_environment/data/raw/automotive/autoware-style-perception/autoware-style-perception-old.tar,53b13f0789ba85473f97c99d58ed0f4ef7c089cd0ac979a5cd3fe7e62fde6e3f,40960,,,6,,7,,autoware_style_perception_module_update,copy_delta,CPython,"3.12.7 | packaged by Anaconda, Inc. | (main, Oct  4 2024, 13:27:36) [GCC 11.2.0]",1,,True,True,0.0,False,False,0.016255,0.016255,autoware_style_perception_module_update,1,51200,False,1,Locally generated deterministic fixture inspired by Autoware-style module layout,13,0.017731,2026-07-17T15:45:42.120432+00:00,automotive,True
True,True,True,13,10,True,2c89afcb33f91f3a249c50a92cc652778c267a28f5cb05ac69605cb2f2ba7053,53b13f0789ba85473f97c99d58ed0f4ef7c089cd0ac979a5cd3fe7e62fde6e3f,autoware_module_tar,backup_safe_copy_delta,4096,4096,0,13,True,True,uncompressed,deterministic_tar_derivation,smartota-automotive,1.2.6,0.26.2,1.26.4,2.20.0,2.12.0,True,True,True,True,B,2c89afcb33f91f3a249c50a92cc652778c267a28f5cb05ac69605cb2f2ba7053,40960,1,True,0,,4,128000.0,5,True,1000000.0,always_pass,3,severe_edge_device,512000.0,131072,90.0,True,True,4194304,streaming,6291456,92160,0.591937,90.0,92160,pass,A,53b13f0789ba85473f97c99d58ed0f4ef7c089cd0ac979a5cd3fe7e62fde6e3f,complete,0.136365,51200,20,3,75768,75768,92692,9116,False,1,False,False,True,False,4194304,51200,False,1,0,0.728303,0,autoware_style_av_stack,90.0,0.027798,75768,23,2942cbde2fd344cccea23aabbe8d5bf168610c71,False,0.25,"{'interruption_percentage': 0.25, 'interrupted_after_operations': 6, 'operation_count': 23, 'checkpoint_available': True, 'checkpoint_operation_index': 5, 'resumed_from_checkpoint': True, 'recovery_strategy': 'checkpoint_resume', 'recovery_success': True, 'rollback_success': True, 'rollback_ready_at_interruption': True, 'final_replay_validity': True, 'replay_errors': '', 'recovery_errors': '', 'extra_network_bytes': 9751, 'extra_flash_writes': 4096, 'total_network_bytes': 85519, 'total_flash_write_bytes': 96256, 'interrupted_metrics': {'install_state': 'interrupted', 'package_size_bytes': 12132, 'network_bytes': 12132, 'staging_area_bytes': 0, 'backup_area_bytes': 12288, 'installed_image_bytes': 40960, 'current_persistent_storage_bytes': 53248, 'peak_persistent_storage_bytes': 62999, 'peak_ram_bytes': 8589, 'flash_write_bytes': 24576, 'download_time_s': 0.094781, 'install_time_s': 0.041914, 'total_time_s': 0.136695, 'checkpoint_count': 1, 'latest_checkpoint_operation': 5, 'rollback_ready': True, 'unsafe_overwrite_count': 0, 'budget_violation_count': 0, 'budget_violations': [], 'ab_enabled': True, 'active_slot': 'A', 'inactive_slot': 'B', 'active_version': '53b13f0789ba85473f97c99d58ed0f4ef7c089cd0ac979a5cd3fe7e62fde6e3f', 'inactive_version': '53b13f0789ba85473f97c99d58ed0f4ef7c089cd0ac979a5cd3fe7e62fde6e3f', 'slot_capacity_bytes': 4194304, 'boot_attempt_counter': 0, 'max_boot_attempts': 3, 'pending_activation': False, 'health_verdict': 'not_run', 'rollback_performed': False, 'ab_update_valid': False, 'ab_rollback_ready': True, 'slot_storage_bytes': 40960, 'slot_storage_violation': False, 'activation_success': False, 'boot_health_success': False, 'rollback_after_failed_boot': False, 'rollback_success': False, 'reboot_count': 0, 'downtime_seconds': 0.0, 'slot_switch_count': 0}, 'recovered_metrics': {'install_state': 'complete', 'package_size_bytes': 75768, 'network_bytes': 75768, 'staging_area_bytes': 0, 'backup_area_bytes': 40960, 'installed_image_bytes': 51200, 'current_persistent_storage_bytes': 92160, 'peak_persistent_storage_bytes': 92692, 'peak_ram_bytes': 9116, 'flash_write_bytes': 92160, 'download_time_s': 0.591937, 'install_time_s': 0.136365, 'total_time_s': 0.728303, 'checkpoint_count': 4, 'latest_checkpoint_operation': 20, 'rollback_ready': True, 'unsafe_overwrite_count': 0, 'budget_violation_count': 0, 'budget_violations': [], 'ab_enabled': True, 'active_slot': 'B', 'inactive_slot': 'A', 'active_version': '2c89afcb33f91f3a249c50a92cc652778c267a28f5cb05ac69605cb2f2ba7053', 'inactive_version': '53b13f0789ba85473f97c99d58ed0f4ef7c089cd0ac979a5cd3fe7e62fde6e3f', 'slot_capacity_bytes': 4194304, 'boot_attempt_counter': 1, 'max_boot_attempts': 3, 'pending_activation': False, 'health_verdict': 'pass', 'rollback_performed': False, 'ab_update_valid': True, 'ab_rollback_ready': True, 'slot_storage_bytes': 51200, 'slot_storage_violation': False, 'activation_success': True, 'boot_health_success': True, 'rollback_after_failed_boot': False, 'rollback_success': False, 'reboot_count': 1, 'downtime_seconds': 90.0, 'slot_switch_count': 1}, 'recovery_cost': {'discarded_operation_count': 1, 'replayed_operation_count': 18, 'network_bytes': 73387, 'flash_write_bytes': 71680}}",interrupt_025,1,0,True,4096,9751,18,1,1,False,"Synthetic fixture; no Autoware source code, no proprietary AV software, and no third-party model weights",16384,/tmp/smartota-clean-rerun-2942cbd-copy/datasets/manifests/smartota-automotive.json,1,9116,/home/arpan/OTA/.cursor-tutor/ota_environment/data/raw/automotive/autoware-style-perception/autoware-style-perception-new.tar,/home/arpan/OTA/.cursor-tutor/ota_environment/data/raw/automotive/autoware-style-perception/autoware-style-perception-new.tar,2c89afcb33f91f3a249c50a92cc652778c267a28f5cb05ac69605cb2f2ba7053,51200,/home/arpan/OTA/.cursor-tutor/ota_environment/data/raw/automotive/autoware-style-perception/autoware-style-perception-old.tar,/home/arpan/OTA/.cursor-tutor/ota_environment/data/raw/automotive/autoware-style-perception/autoware-style-perception-old.tar,53b13f0789ba85473f97c99d58ed0f4ef7c089cd0ac979a5cd3fe7e62fde6e3f,40960,10,1,5,,7,,autoware_style_perception_module_update,backup_safe_copy_delta,CPython,"3.12.7 | packaged by Anaconda, Inc. | (main, Oct  4 2024, 13:27:36) [GCC 11.2.0]",1,,True,True,0.0,False,False,0.027798,0.027798,autoware_style_perception_module_update,1,51200,False,1,Locally generated deterministic fixture inspired by Autoware-style module layout,23,0.031622,2026-07-17T15:45:42.120432+00:00,automotive,True
True,True,True,13,10,True,2c89afcb33f91f3a249c50a92cc652778c267a28f5cb05ac69605cb2f2ba7053,53b13f0789ba85473f97c99d58ed0f4ef7c089cd0ac979a5cd3fe7e62fde6e3f,autoware_module_tar,deployment_aware_greedy,4096,4096,0,13,True,True,uncompressed,deterministic_tar_derivation,smartota-automotive,1.2.6,0.26.2,1.26.4,2.20.0,2.12.0,True,True,True,True,B,2c89afcb33f91f3a249c50a92cc652778c267a28f5cb05ac69605cb2f2ba7053,40960,1,True,0,,4,128000.0,5,True,1000000.0,always_pass,3,severe_edge_device,512000.0,131072,90.0,True,True,4194304,streaming,6291456,92160,0.591937,90.0,92160,pass,A,53b13f0789ba85473f97c99d58ed0f4ef7c089cd0ac979a5cd3fe7e62fde6e3f,complete,0.136365,51200,20,3,75768,75768,92692,9116,False,1,False,False,True,False,4194304,51200,False,1,0,0.728303,0,autoware_style_av_stack,90.0,0.031059,75768,23,2942cbde2fd344cccea23aabbe8d5bf168610c71,False,0.25,"{'interruption_percentage': 0.25, 'interrupted_after_operations': 6, 'operation_count': 23, 'checkpoint_available': True, 'checkpoint_operation_index': 5, 'resumed_from_checkpoint': True, 'recovery_strategy': 'checkpoint_resume', 'recovery_success': True, 'rollback_success': True, 'rollback_ready_at_interruption': True, 'final_replay_validity': True, 'replay_errors': '', 'recovery_errors': '', 'extra_network_bytes': 9751, 'extra_flash_writes': 4096, 'total_network_bytes': 85519, 'total_flash_write_bytes': 96256, 'interrupted_metrics': {'install_state': 'interrupted', 'package_size_bytes': 12132, 'network_bytes': 12132, 'staging_area_bytes': 0, 'backup_area_bytes': 12288, 'installed_image_bytes': 40960, 'current_persistent_storage_bytes': 53248, 'peak_persistent_storage_bytes': 62999, 'peak_ram_bytes': 8589, 'flash_write_bytes': 24576, 'download_time_s': 0.094781, 'install_time_s': 0.041914, 'total_time_s': 0.136695, 'checkpoint_count': 1, 'latest_checkpoint_operation': 5, 'rollback_ready': True, 'unsafe_overwrite_count': 0, 'budget_violation_count': 0, 'budget_violations': [], 'ab_enabled': True, 'active_slot': 'A', 'inactive_slot': 'B', 'active_version': '53b13f0789ba85473f97c99d58ed0f4ef7c089cd0ac979a5cd3fe7e62fde6e3f', 'inactive_version': '53b13f0789ba85473f97c99d58ed0f4ef7c089cd0ac979a5cd3fe7e62fde6e3f', 'slot_capacity_bytes': 4194304, 'boot_attempt_counter': 0, 'max_boot_attempts': 3, 'pending_activation': False, 'health_verdict': 'not_run', 'rollback_performed': False, 'ab_update_valid': False, 'ab_rollback_ready': True, 'slot_storage_bytes': 40960, 'slot_storage_violation': False, 'activation_success': False, 'boot_health_success': False, 'rollback_after_failed_boot': False, 'rollback_success': False, 'reboot_count': 0, 'downtime_seconds': 0.0, 'slot_switch_count': 0}, 'recovered_metrics': {'install_state': 'complete', 'package_size_bytes': 75768, 'network_bytes': 75768, 'staging_area_bytes': 0, 'backup_area_bytes': 40960, 'installed_image_bytes': 51200, 'current_persistent_storage_bytes': 92160, 'peak_persistent_storage_bytes': 92692, 'peak_ram_bytes': 9116, 'flash_write_bytes': 92160, 'download_time_s': 0.591937, 'install_time_s': 0.136365, 'total_time_s': 0.728303, 'checkpoint_count': 4, 'latest_checkpoint_operation': 20, 'rollback_ready': True, 'unsafe_overwrite_count': 0, 'budget_violation_count': 0, 'budget_violations': [], 'ab_enabled': True, 'active_slot': 'B', 'inactive_slot': 'A', 'active_version': '2c89afcb33f91f3a249c50a92cc652778c267a28f5cb05ac69605cb2f2ba7053', 'inactive_version': '53b13f0789ba85473f97c99d58ed0f4ef7c089cd0ac979a5cd3fe7e62fde6e3f', 'slot_capacity_bytes': 4194304, 'boot_attempt_counter': 1, 'max_boot_attempts': 3, 'pending_activation': False, 'health_verdict': 'pass', 'rollback_performed': False, 'ab_update_valid': True, 'ab_rollback_ready': True, 'slot_storage_bytes': 51200, 'slot_storage_violation': False, 'activation_success': True, 'boot_health_success': True, 'rollback_after_failed_boot': False, 'rollback_success': False, 'reboot_count': 1, 'downtime_seconds': 90.0, 'slot_switch_count': 1}, 'recovery_cost': {'discarded_operation_count': 1, 'replayed_operation_count': 18, 'network_bytes': 73387, 'flash_write_bytes': 71680}}",interrupt_025,1,0,True,4096,9751,18,1,1,False,"Synthetic fixture; no Autoware source code, no proprietary AV software, and no third-party model weights",16384,/tmp/smartota-clean-rerun-2942cbd-copy/datasets/manifests/smartota-automotive.json,1,9116,/home/arpan/OTA/.cursor-tutor/ota_environment/data/raw/automotive/autoware-style-perception/autoware-style-perception-new.tar,/home/arpan/OTA/.cursor-tutor/ota_environment/data/raw/automotive/autoware-style-perception/autoware-style-perception-new.tar,2c89afcb33f91f3a249c50a92cc652778c267a28f5cb05ac69605cb2f2ba7053,51200,/home/arpan/OTA/.cursor-tutor/ota_environment/data/raw/automotive/autoware-style-perception/autoware-style-perception-old.tar,/home/arpan/OTA/.cursor-tutor/ota_environment/data/raw/automotive/autoware-style-perception/autoware-style-perception-old.tar,53b13f0789ba85473f97c99d58ed0f4ef7c089cd0ac979a5cd3fe7e62fde6e3f,40960,10,1,5,,7,,autoware_style_perception_module_update,deployment_aware_greedy,CPython,"3.12.7 | packaged by Anaconda, Inc. | (main, Oct  4 2024, 13:27:36) [GCC 11.2.0]",1,,True,True,0.0,False,False,0.031059,0.031059,autoware_style_perception_module_update,1,51200,False,1,Locally generated deterministic fixture inspired by Autoware-style module layout,23,0.034826,2026-07-17T15:45:42.120432+00:00,automotive,True
True,True,True,13,0,True,2c89afcb33f91f3a249c50a92cc652778c267a28f5cb05ac69605cb2f2ba7053,53b13f0789ba85473f97c99d58ed0f4ef7c089cd0ac979a5cd3fe7e62fde6e3f,autoware_module_tar,rsync_rolling_hash,4096,4096,0,13,True,True,uncompressed,deterministic_tar_derivation,smartota-automotive,1.2.6,0.26.2,1.26.4,2.20.0,2.12.0,True,True,True,True,B,2c89afcb33f91f3a249c50a92cc652778c267a28f5cb05ac69605cb2f2ba7053,0,1,True,0,,2,128000.0,5,True,1000000.0,always_pass,3,severe_edge_device,512000.0,131072,90.0,True,True,4194304,streaming,6291456,51200,0.953016,90.0,51200,pass,A,53b13f0789ba85473f97c99d58ed0f4ef7c089cd0ac979a5cd3fe7e62fde6e3f,complete,0.0512,51200,10,3,121986,121986,58904,4096,False,1,False,False,False,False,4194304,51200,False,1,0,1.004216,10,autoware_style_av_stack,90.0,0.011312,121986,13,2942cbde2fd344cccea23aabbe8d5bf168610c71,False,0.25,"{'interruption_percentage': 0.25, 'interrupted_after_operations': 4, 'operation_count': 13, 'checkpoint_available': False, 'checkpoint_operation_index': 0, 'resumed_from_checkpoint': False, 'recovery_strategy': 'failed', 'recovery_success': False, 'rollback_success': False, 'rollback_ready_at_interruption': False, 'final_replay_validity': False, 'replay_errors': '', 'recovery_errors': 'no checkpoint and rollback is not ready', 'extra_network_bytes': 0, 'extra_flash_writes': 0, 'total_network_bytes': 39004, 'total_flash_write_bytes': 16384, 'interrupted_metrics': {'install_state': 'interrupted', 'package_size_bytes': 39004, 'network_bytes': 39004, 'staging_area_bytes': 0, 'backup_area_bytes': 0, 'installed_image_bytes': 40960, 'current_persistent_storage_bytes': 40960, 'peak_persistent_storage_bytes': 50711, 'peak_ram_bytes': 4096, 'flash_write_bytes': 16384, 'download_time_s': 0.304719, 'install_time_s': 0.016384, 'total_time_s': 0.321103, 'checkpoint_count': 0, 'latest_checkpoint_operation': 0, 'rollback_ready': False, 'unsafe_overwrite_count': 4, 'budget_violation_count': 0, 'budget_violations': [], 'ab_enabled': True, 'active_slot': 'A', 'inactive_slot': 'B', 'active_version': '53b13f0789ba85473f97c99d58ed0f4ef7c089cd0ac979a5cd3fe7e62fde6e3f', 'inactive_version': '53b13f0789ba85473f97c99d58ed0f4ef7c089cd0ac979a5cd3fe7e62fde6e3f', 'slot_capacity_bytes': 4194304, 'boot_attempt_counter': 0, 'max_boot_attempts': 3, 'pending_activation': False, 'health_verdict': 'not_run', 'rollback_performed': False, 'ab_update_valid': False, 'ab_rollback_ready': True, 'slot_storage_bytes': 40960, 'slot_storage_violation': False, 'activation_success': False, 'boot_health_success': False, 'rollback_after_failed_boot': False, 'rollback_success': False, 'reboot_count': 0, 'downtime_seconds': 0.0, 'slot_switch_count': 0}, 'recovered_metrics': {}, 'recovery_cost': {'discarded_operation_count': 4, 'replayed_operation_count': 0, 'network_bytes': 0, 'flash_write_bytes': 0}}",interrupt_025,0,1,False,0,0,0,0,1,False,"Synthetic fixture; no Autoware source code, no proprietary AV software, and no third-party model weights",16384,/tmp/smartota-clean-rerun-2942cbd-copy/datasets/manifests/smartota-automotive.json,1,4096,/home/arpan/OTA/.cursor-tutor/ota_environment/data/raw/automotive/autoware-style-perception/autoware-style-perception-new.tar,/home/arpan/OTA/.cursor-tutor/ota_environment/data/raw/automotive/autoware-style-perception/autoware-style-perception-new.tar,2c89afcb33f91f3a249c50a92cc652778c267a28f5cb05ac69605cb2f2ba7053,51200,/home/arpan/OTA/.cursor-tutor/ota_environment/data/raw/automotive/autoware-style-perception/autoware-style-perception-old.tar,/home/arpan/OTA/.cursor-tutor/ota_environment/data/raw/automotive/autoware-style-perception/autoware-style-perception-old.tar,53b13f0789ba85473f97c99d58ed0f4ef7c089cd0ac979a5cd3fe7e62fde6e3f,40960,,,,,13,,autoware_style_perception_module_update,rsync_rolling_hash,CPython,"3.12.7 | packaged by Anaconda, Inc. | (main, Oct  4 2024, 13:27:36) [GCC 11.2.0]",1,,True,True,0.0,False,False,0.011312,0.011312,autoware_style_perception_module_update,1,51200,False,1,Locally generated deterministic fixture inspired by Autoware-style module layout,13,0.012511,2026-07-17T15:45:42.120432+00:00,automotive,True
True,True,True,2,0,True,2c89afcb33f91f3a249c50a92cc652778c267a28f5cb05ac69605cb2f2ba7053,53b13f0789ba85473f97c99d58ed0f4ef7c089cd0ac979a5cd3fe7e62fde6e3f,autoware_module_tar,full_replacement,4096,4096,0,13,True,True,uncompressed,deterministic_tar_derivation,smartota-automotive,1.2.6,0.26.2,1.26.4,2.20.0,2.12.0,True,True,True,True,B,2c89afcb33f91f3a249c50a92cc652778c267a28f5cb05ac69605cb2f2ba7053,0,1,True,0,,0,128000.0,5,True,1000000.0,always_pass,3,severe_edge_device,512000.0,131072,90.0,True,True,4194304,streaming,6291456,51200,0.935648,90.0,51200,pass,A,53b13f0789ba85473f97c99d58ed0f4ef7c089cd0ac979a5cd3fe7e62fde6e3f,complete,0.0512,51200,0,3,119763,119763,207723,51200,False,1,False,False,False,False,4194304,51200,False,1,0,0.986848,1,autoware_style_av_stack,90.0,0.00086,119763,2,2942cbde2fd344cccea23aabbe8d5bf168610c71,False,0.5,"{'interruption_percentage': 0.5, 'interrupted_after_operations': 1, 'operation_count': 2, 'checkpoint_available': False, 'checkpoint_operation_index': 0, 'resumed_from_checkpoint': False, 'recovery_strategy': 'failed', 'recovery_success': False, 'rollback_success': False, 'rollback_ready_at_interruption': False, 'final_replay_validity': False, 'replay_errors': '', 'recovery_errors': 'no checkpoint and rollback is not ready', 'extra_network_bytes': 0, 'extra_flash_writes': 0, 'total_network_bytes': 119659, 'total_flash_write_bytes': 51200, 'interrupted_metrics': {'install_state': 'interrupted', 'package_size_bytes': 119659, 'network_bytes': 119659, 'staging_area_bytes': 0, 'backup_area_bytes': 0, 'installed_image_bytes': 88064, 'current_persistent_storage_bytes': 88064, 'peak_persistent_storage_bytes': 207723, 'peak_ram_bytes': 51200, 'flash_write_bytes': 51200, 'download_time_s': 0.934836, 'install_time_s': 0.0512, 'total_time_s': 0.986036, 'checkpoint_count': 0, 'latest_checkpoint_operation': 0, 'rollback_ready': False, 'unsafe_overwrite_count': 1, 'budget_violation_count': 0, 'budget_violations': [], 'ab_enabled': True, 'active_slot': 'A', 'inactive_slot': 'B', 'active_version': '53b13f0789ba85473f97c99d58ed0f4ef7c089cd0ac979a5cd3fe7e62fde6e3f', 'inactive_version': '53b13f0789ba85473f97c99d58ed0f4ef7c089cd0ac979a5cd3fe7e62fde6e3f', 'slot_capacity_bytes': 4194304, 'boot_attempt_counter': 0, 'max_boot_attempts': 3, 'pending_activation': False, 'health_verdict': 'not_run', 'rollback_performed': False, 'ab_update_valid': False, 'ab_rollback_ready': True, 'slot_storage_bytes': 40960, 'slot_storage_violation': False, 'activation_success': False, 'boot_health_success': False, 'rollback_after_failed_boot': False, 'rollback_success': False, 'reboot_count': 0, 'downtime_seconds': 0.0, 'slot_switch_count': 0}, 'recovered_metrics': {}, 'recovery_cost': {'discarded_operation_count': 1, 'replayed_operation_count': 0, 'network_bytes': 0, 'flash_write_bytes': 0}}",interrupt_050,0,1,False,0,0,0,0,1,False,"Synthetic fixture; no Autoware source code, no proprietary AV software, and no third-party model weights",16384,/tmp/smartota-clean-rerun-2942cbd-copy/datasets/manifests/smartota-automotive.json,1,51200,/home/arpan/OTA/.cursor-tutor/ota_environment/data/raw/automotive/autoware-style-perception/autoware-style-perception-new.tar,/home/arpan/OTA/.cursor-tutor/ota_environment/data/raw/automotive/autoware-style-perception/autoware-style-perception-new.tar,2c89afcb33f91f3a249c50a92cc652778c267a28f5cb05ac69605cb2f2ba7053,51200,/home/arpan/OTA/.cursor-tutor/ota_environment/data/raw/automotive/autoware-style-perception/autoware-style-perception-old.tar,/home/arpan/OTA/.cursor-tutor/ota_environment/data/raw/automotive/autoware-style-perception/autoware-style-perception-old.tar,53b13f0789ba85473f97c99d58ed0f4ef7c089cd0ac979a5cd3fe7e62fde6e3f,40960,,,,,1,1,autoware_style_perception_module_update,full_replacement,CPython,"3.12.7 | packaged by Anaconda, Inc. | (main, Oct  4 2024, 13:27:36) [GCC 11.2.0]",1,,True,True,0.0,False,False,0.00086,0.00086,autoware_style_perception_module_update,1,51200,False,1,Locally generated deterministic fixture inspired by Autoware-style module layout,2,0.002287,2026-07-17T15:45:42.120432+00:00,automotive,True
True,True,True,2,0,True,2c89afcb33f91f3a249c50a92cc652778c267a28f5cb05ac69605cb2f2ba7053,53b13f0789ba85473f97c99d58ed0f4ef7c089cd0ac979a5cd3fe7e62fde6e3f,autoware_module_tar,whole_file_bsdiff,4096,4096,0,13,True,True,uncompressed,deterministic_tar_derivation,smartota-automotive,1.2.6,0.26.2,1.26.4,2.20.0,2.12.0,True,True,True,True,B,2c89afcb33f91f3a249c50a92cc652778c267a28f5cb05ac69605cb2f2ba7053,0,1,True,0,,0,128000.0,5,True,1000000.0,always_pass,3,severe_edge_device,512000.0,131072,90.0,True,True,4194304,streaming,6291456,51200,0.548562,90.0,51200,pass,A,53b13f0789ba85473f97c99d58ed0f4ef7c089cd0ac979a5cd3fe7e62fde6e3f,complete,0.189688,51200,0,3,70216,70216,158176,122106,False,1,False,False,False,False,4194304,51200,False,1,0,0.738251,1,autoware_style_av_stack,90.0,0.014348,70216,2,2942cbde2fd344cccea23aabbe8d5bf168610c71,False,0.5,"{'interruption_percentage': 0.5, 'interrupted_after_operations': 1, 'operation_count': 2, 'checkpoint_available': False, 'checkpoint_operation_index': 0, 'resumed_from_checkpoint': False, 'recovery_strategy': 'failed', 'recovery_success': False, 'rollback_success': False, 'rollback_ready_at_interruption': False, 'final_replay_validity': False, 'replay_errors': '', 'recovery_errors': 'no checkpoint and rollback is not ready', 'extra_network_bytes': 0, 'extra_flash_writes': 0, 'total_network_bytes': 70112, 'total_flash_write_bytes': 51200, 'interrupted_metrics': {'install_state': 'interrupted', 'package_size_bytes': 70112, 'network_bytes': 70112, 'staging_area_bytes': 0, 'backup_area_bytes': 0, 'installed_image_bytes': 88064, 'current_persistent_storage_bytes': 88064, 'peak_persistent_storage_bytes': 158176, 'peak_ram_bytes': 122106, 'flash_write_bytes': 51200, 'download_time_s': 0.54775, 'install_time_s': 0.189688, 'total_time_s': 0.737438, 'checkpoint_count': 0, 'latest_checkpoint_operation': 0, 'rollback_ready': False, 'unsafe_overwrite_count': 1, 'budget_violation_count': 0, 'budget_violations': [], 'ab_enabled': True, 'active_slot': 'A', 'inactive_slot': 'B', 'active_version': '53b13f0789ba85473f97c99d58ed0f4ef7c089cd0ac979a5cd3fe7e62fde6e3f', 'inactive_version': '53b13f0789ba85473f97c99d58ed0f4ef7c089cd0ac979a5cd3fe7e62fde6e3f', 'slot_capacity_bytes': 4194304, 'boot_attempt_counter': 0, 'max_boot_attempts': 3, 'pending_activation': False, 'health_verdict': 'not_run', 'rollback_performed': False, 'ab_update_valid': False, 'ab_rollback_ready': True, 'slot_storage_bytes': 40960, 'slot_storage_violation': False, 'activation_success': False, 'boot_health_success': False, 'rollback_after_failed_boot': False, 'rollback_success': False, 'reboot_count': 0, 'downtime_seconds': 0.0, 'slot_switch_count': 0}, 'recovered_metrics': {}, 'recovery_cost': {'discarded_operation_count': 1, 'replayed_operation_count': 0, 'network_bytes': 0, 'flash_write_bytes': 0}}",interrupt_050,0,1,False,0,0,0,0,1,False,"Synthetic fixture; no Autoware source code, no proprietary AV software, and no third-party model weights",16384,/tmp/smartota-clean-rerun-2942cbd-copy/datasets/manifests/smartota-automotive.json,1,122106,/home/arpan/OTA/.cursor-tutor/ota_environment/data/raw/automotive/autoware-style-perception/autoware-style-perception-new.tar,/home/arpan/OTA/.cursor-tutor/ota_environment/data/raw/automotive/autoware-style-perception/autoware-style-perception-new.tar,2c89afcb33f91f3a249c50a92cc652778c267a28f5cb05ac69605cb2f2ba7053,51200,/home/arpan/OTA/.cursor-tutor/ota_environment/data/raw/automotive/autoware-style-perception/autoware-style-perception-old.tar,/home/arpan/OTA/.cursor-tutor/ota_environment/data/raw/automotive/autoware-style-perception/autoware-style-perception-old.tar,53b13f0789ba85473f97c99d58ed0f4ef7c089cd0ac979a5cd3fe7e62fde6e3f,40960,,,1,,,1,autoware_style_perception_module_update,whole_file_bsdiff,CPython,"3.12.7 | packaged by Anaconda, Inc. | (main, Oct  4 2024, 13:27:36) [GCC 11.2.0]",1,,True,True,0.0,False,False,0.014348,0.014348,autoware_style_perception_module_update,1,51200,False,1,Locally generated deterministic fixture inspired by Autoware-style module layout,2,0.018407,2026-07-17T15:45:42.120432+00:00,automotive,True
True,True,True,13,0,True,2c89afcb33f91f3a249c50a92cc652778c267a28f5cb05ac69605cb2f2ba7053,53b13f0789ba85473f97c99d58ed0f4ef7c089cd0ac979a5cd3fe7e62fde6e3f,autoware_module_tar,blockwise_bsdiff,4096,4096,0,13,True,True,uncompressed,deterministic_tar_derivation,smartota-automotive,1.2.6,0.26.2,1.26.4,2.20.0,2.12.0,True,True,True,True,B,2c89afcb33f91f3a249c50a92cc652778c267a28f5cb05ac69605cb2f2ba7053,0,1,True,0,,2,128000.0,5,True,1000000.0,always_pass,3,severe_edge_device,512000.0,131072,90.0,True,True,4194304,streaming,6291456,51200,0.833531,90.0,51200,pass,A,53b13f0789ba85473f97c99d58ed0f4ef7c089cd0ac979a5cd3fe7e62fde6e3f,complete,0.1982,51200,10,3,106692,106692,58904,12890,False,1,False,False,False,False,4194304,51200,False,1,0,1.031731,10,autoware_style_av_stack,90.0,0.015669,106692,13,2942cbde2fd344cccea23aabbe8d5bf168610c71,False,0.5,"{'interruption_percentage': 0.5, 'interrupted_after_operations': 7, 'operation_count': 13, 'checkpoint_available': True, 'checkpoint_operation_index': 5, 'resumed_from_checkpoint': True, 'recovery_strategy': 'checkpoint_resume', 'recovery_success': True, 'rollback_success': False, 'rollback_ready_at_interruption': False, 'final_replay_validity': True, 'replay_errors': '', 'recovery_errors': '', 'extra_network_bytes': 22286, 'extra_flash_writes': 8192, 'total_network_bytes': 128978, 'total_flash_write_bytes': 59392, 'interrupted_metrics': {'install_state': 'interrupted', 'package_size_bytes': 57574, 'network_bytes': 57574, 'staging_area_bytes': 0, 'backup_area_bytes': 0, 'installed_image_bytes': 40960, 'current_persistent_storage_bytes': 40960, 'peak_persistent_storage_bytes': 52138, 'peak_ram_bytes': 12890, 'flash_write_bytes': 28672, 'download_time_s': 0.449797, 'install_time_s': 0.13159, 'total_time_s': 0.581387, 'checkpoint_count': 1, 'latest_checkpoint_operation': 5, 'rollback_ready': False, 'unsafe_overwrite_count': 7, 'budget_violation_count': 0, 'budget_violations': [], 'ab_enabled': True, 'active_slot': 'A', 'inactive_slot': 'B', 'active_version': '53b13f0789ba85473f97c99d58ed0f4ef7c089cd0ac979a5cd3fe7e62fde6e3f', 'inactive_version': '53b13f0789ba85473f97c99d58ed0f4ef7c089cd0ac979a5cd3fe7e62fde6e3f', 'slot_capacity_bytes': 4194304, 'boot_attempt_counter': 0, 'max_boot_attempts': 3, 'pending_activation': False, 'health_verdict': 'not_run', 'rollback_performed': False, 'ab_update_valid': False, 'ab_rollback_ready': True, 'slot_storage_bytes': 40960, 'slot_storage_violation': False, 'activation_success': False, 'boot_health_success': False, 'rollback_after_failed_boot': False, 'rollback_success': False, 'reboot_count': 0, 'downtime_seconds': 0.0, 'slot_switch_count': 0}, 'recovered_metrics': {'install_state': 'complete', 'package_size_bytes': 106692, 'network_bytes': 106692, 'staging_area_bytes': 0, 'backup_area_bytes': 0, 'installed_image_bytes': 51200, 'current_persistent_storage_bytes': 51200, 'peak_persistent_storage_bytes': 58904, 'peak_ram_bytes': 12890, 'flash_write_bytes': 51200, 'download_time_s': 0.833531, 'install_time_s': 0.1982, 'total_time_s': 1.031731, 'checkpoint_count': 2, 'latest_checkpoint_operation': 10, 'rollback_ready': False, 'unsafe_overwrite_count': 10, 'budget_violation_count': 0, 'budget_violations': [], 'ab_enabled': True, 'active_slot': 'B', 'inactive_slot': 'A', 'active_version': '2c89afcb33f91f3a249c50a92cc652778c267a28f5cb05ac69605cb2f2ba7053', 'inactive_version': '53b13f0789ba85473f97c99d58ed0f4ef7c089cd0ac979a5cd3fe7e62fde6e3f', 'slot_capacity_bytes': 4194304, 'boot_attempt_counter': 1, 'max_boot_attempts': 3, 'pending_activation': False, 'health_verdict': 'pass', 'rollback_performed': False, 'ab_update_valid': True, 'ab_rollback_ready': True, 'slot_storage_bytes': 51200, 'slot_storage_violation': False, 'activation_success': True, 'boot_health_success': True, 'rollback_after_failed_boot': False, 'rollback_success': False, 'reboot_count': 1, 'downtime_seconds': 90.0, 'slot_switch_count': 1}, 'recovery_cost': {'discarded_operation_count': 2, 'replayed_operation_count': 8, 'network_bytes': 71404, 'flash_write_bytes': 30720}}",interrupt_050,1,0,True,8192,22286,8,0,1,False,"Synthetic fixture; no Autoware source code, no proprietary AV software, and no third-party model weights",16384,/tmp/smartota-clean-rerun-2942cbd-copy/datasets/manifests/smartota-automotive.json,1,12890,/home/arpan/OTA/.cursor-tutor/ota_environment/data/raw/automotive/autoware-style-perception/autoware-style-perception-new.tar,/home/arpan/OTA/.cursor-tutor/ota_environment/data/raw/automotive/autoware-style-perception/autoware-style-perception-new.tar,2c89afcb33f91f3a249c50a92cc652778c267a28f5cb05ac69605cb2f2ba7053,51200,/home/arpan/OTA/.cursor-tutor/ota_environment/data/raw/automotive/autoware-style-perception/autoware-style-perception-old.tar,/home/arpan/OTA/.cursor-tutor/ota_environment/data/raw/automotive/autoware-style-perception/autoware-style-perception-old.tar,53b13f0789ba85473f97c99d58ed0f4ef7c089cd0ac979a5cd3fe7e62fde6e3f,40960,,,10,,3,,autoware_style_perception_module_update,blockwise_bsdiff,CPython,"3.12.7 | packaged by Anaconda, Inc. | (main, Oct  4 2024, 13:27:36) [GCC 11.2.0]",1,,True,True,0.0,False,False,0.015669,0.015669,autoware_style_perception_module_update,1,51200,False,1,Locally generated deterministic fixture inspired by Autoware-style module layout,13,0.02429,2026-07-17T15:45:42.120432+00:00,automotive,True
True,True,True,13,0,True,2c89afcb33f91f3a249c50a92cc652778c267a28f5cb05ac69605cb2f2ba7053,53b13f0789ba85473f97c99d58ed0f4ef7c089cd0ac979a5cd3fe7e62fde6e3f,autoware_module_tar,copy_only,4096,4096,0,13,True,True,uncompressed,deterministic_tar_derivation,smartota-automotive,1.2.6,0.26.2,1.26.4,2.20.0,2.12.0,True,True,True,True,B,2c89afcb33f91f3a249c50a92cc652778c267a28f5cb05ac69605cb2f2ba7053,0,1,True,0,,2,128000.0,5,True,1000000.0,always_pass,3,severe_edge_device,512000.0,131072,90.0,True,True,4194304,streaming,6291456,51200,0.953016,90.0,51200,pass,A,53b13f0789ba85473f97c99d58ed0f4ef7c089cd0ac979a5cd3fe7e62fde6e3f,complete,0.0512,51200,10,3,121986,121986,58904,4096,False,1,False,False,False,False,4194304,51200,False,1,0,1.004216,10,autoware_style_av_stack,90.0,0.001249,121986,13,2942cbde2fd344cccea23aabbe8d5bf168610c71,False,0.5,"{'interruption_percentage': 0.5, 'interrupted_after_operations': 7, 'operation_count': 13, 'checkpoint_available': True, 'checkpoint_operation_index': 5, 'resumed_from_checkpoint': True, 'recovery_strategy': 'checkpoint_resume', 'recovery_success': True, 'rollback_success': False, 'rollback_ready_at_interruption': False, 'final_replay_validity': True, 'replay_errors': '', 'recovery_errors': '', 'extra_network_bytes': 19502, 'extra_flash_writes': 8192, 'total_network_bytes': 141488, 'total_flash_write_bytes': 59392, 'interrupted_metrics': {'install_state': 'interrupted', 'package_size_bytes': 68257, 'network_bytes': 68257, 'staging_area_bytes': 0, 'backup_area_bytes': 0, 'installed_image_bytes': 40960, 'current_persistent_storage_bytes': 40960, 'peak_persistent_storage_bytes': 50711, 'peak_ram_bytes': 4096, 'flash_write_bytes': 28672, 'download_time_s': 0.533258, 'install_time_s': 0.028672, 'total_time_s': 0.56193, 'checkpoint_count': 1, 'latest_checkpoint_operation': 5, 'rollback_ready': False, 'unsafe_overwrite_count': 7, 'budget_violation_count': 0, 'budget_violations': [], 'ab_enabled': True, 'active_slot': 'A', 'inactive_slot': 'B', 'active_version': '53b13f0789ba85473f97c99d58ed0f4ef7c089cd0ac979a5cd3fe7e62fde6e3f', 'inactive_version': '53b13f0789ba85473f97c99d58ed0f4ef7c089cd0ac979a5cd3fe7e62fde6e3f', 'slot_capacity_bytes': 4194304, 'boot_attempt_counter': 0, 'max_boot_attempts': 3, 'pending_activation': False, 'health_verdict': 'not_run', 'rollback_performed': False, 'ab_update_valid': False, 'ab_rollback_ready': True, 'slot_storage_bytes': 40960, 'slot_storage_violation': False, 'activation_success': False, 'boot_health_success': False, 'rollback_after_failed_boot': False, 'rollback_success': False, 'reboot_count': 0, 'downtime_seconds': 0.0, 'slot_switch_count': 0}, 'recovered_metrics': {'install_state': 'complete', 'package_size_bytes': 121986, 'network_bytes': 121986, 'staging_area_bytes': 0, 'backup_area_bytes': 0, 'installed_image_bytes': 51200, 'current_persistent_storage_bytes': 51200, 'peak_persistent_storage_bytes': 58904, 'peak_ram_bytes': 4096, 'flash_write_bytes': 51200, 'download_time_s': 0.953016, 'install_time_s': 0.0512, 'total_time_s': 1.004216, 'checkpoint_count': 2, 'latest_checkpoint_operation': 10, 'rollback_ready': False, 'unsafe_overwrite_count': 10, 'budget_violation_count': 0, 'budget_violations': [], 'ab_enabled': True, 'active_slot': 'B', 'inactive_slot': 'A', 'active_version': '2c89afcb33f91f3a249c50a92cc652778c267a28f5cb05ac69605cb2f2ba7053', 'inactive_version': '53b13f0789ba85473f97c99d58ed0f4ef7c089cd0ac979a5cd3fe7e62fde6e3f', 'slot_capacity_bytes': 4194304, 'boot_attempt_counter': 1, 'max_boot_attempts': 3, 'pending_activation': False, 'health_verdict': 'pass', 'rollback_performed': False, 'ab_update_valid': True, 'ab_rollback_ready': True, 'slot_storage_bytes': 51200, 'slot_storage_violation': False, 'activation_success': True, 'boot_health_success': True, 'rollback_after_failed_boot': False, 'rollback_success': False, 'reboot_count': 1, 'downtime_seconds': 90.0, 'slot_switch_count': 1}, 'recovery_cost': {'discarded_operation_count': 2, 'replayed_operation_count': 8, 'network_bytes': 73231, 'flash_write_bytes': 30720}}",interrupt_050,1,0,True,8192,19502,8,0,1,False,"Synthetic fixture; no Autoware source code, no proprietary AV software, and no third-party model weights",16384,/tmp/smartota-clean-rerun-2942cbd-copy/datasets/manifests/smartota-automotive.json,1,4096,/home/arpan/OTA/.cursor-tutor/ota_environment/data/raw/automotive/autoware-style-perception/autoware-style-perception-new.tar,/home/arpan/OTA/.cursor-tutor/ota_environment/data/raw/automotive/autoware-style-perception/autoware-style-perception-new.tar,2c89afcb33f91f3a249c50a92cc652778c267a28f5cb05ac69605cb2f2ba7053,51200,/home/arpan/OTA/.cursor-tutor/ota_environment/data/raw/automotive/autoware-style-perception/autoware-style-perception-old.tar,/home/arpan/OTA/.cursor-tutor/ota_environment/data/raw/automotive/autoware-style-perception/autoware-style-perception-old.tar,53b13f0789ba85473f97c99d58ed0f4ef7c089cd0ac979a5cd3fe7e62fde6e3f,40960,,,,,13,,autoware_style_perception_module_update,copy_only,CPython,"3.12.7 | packaged by Anaconda, Inc. | (main, Oct  4 2024, 13:27:36) [GCC 11.2.0]",1,,True,True,0.0,False,False,0.001249,0.001249,autoware_style_perception_module_update,1,51200,False,1,Locally generated deterministic fixture inspired by Autoware-style module layout,13,0.003995,2026-07-17T15:45:42.120432+00:00,automotive,True
True,True,True,13,0,True,2c89afcb33f91f3a249c50a92cc652778c267a28f5cb05ac69605cb2f2ba7053,53b13f0789ba85473f97c99d58ed0f4ef7c089cd0ac979a5cd3fe7e62fde6e3f,autoware_module_tar,copy_delta,4096,4096,0,13,True,True,uncompressed,deterministic_tar_derivation,smartota-automotive,1.2.6,0.26.2,1.26.4,2.20.0,2.12.0,True,True,True,True,B,2c89afcb33f91f3a249c50a92cc652778c267a28f5cb05ac69605cb2f2ba7053,0,1,True,0,,2,128000.0,5,True,1000000.0,always_pass,3,severe_edge_device,512000.0,131072,90.0,True,True,4194304,streaming,6291456,51200,0.588219,90.0,51200,pass,A,53b13f0789ba85473f97c99d58ed0f4ef7c089cd0ac979a5cd3fe7e62fde6e3f,complete,0.103993,51200,10,3,75292,75292,51732,9116,False,1,False,False,False,False,4194304,51200,False,1,0,0.692212,10,autoware_style_av_stack,90.0,0.016798,75292,13,2942cbde2fd344cccea23aabbe8d5bf168610c71,False,0.5,"{'interruption_percentage': 0.5, 'interrupted_after_operations': 7, 'operation_count': 13, 'checkpoint_available': True, 'checkpoint_operation_index': 5, 'resumed_from_checkpoint': True, 'recovery_strategy': 'checkpoint_resume', 'recovery_success': True, 'rollback_success': False, 'rollback_ready_at_interruption': False, 'final_replay_validity': True, 'replay_errors': '', 'recovery_errors': '', 'extra_network_bytes': 19502, 'extra_flash_writes': 8192, 'total_network_bytes': 94794, 'total_flash_write_bytes': 59392, 'interrupted_metrics': {'install_state': 'interrupted', 'package_size_bytes': 50788, 'network_bytes': 50788, 'staging_area_bytes': 0, 'backup_area_bytes': 0, 'installed_image_bytes': 40960, 'current_persistent_storage_bytes': 40960, 'peak_persistent_storage_bytes': 50711, 'peak_ram_bytes': 8589, 'flash_write_bytes': 28672, 'download_time_s': 0.396781, 'install_time_s': 0.04601, 'total_time_s': 0.442791, 'checkpoint_count': 1, 'latest_checkpoint_operation': 5, 'rollback_ready': False, 'unsafe_overwrite_count': 7, 'budget_violation_count': 0, 'budget_violations': [], 'ab_enabled': True, 'active_slot': 'A', 'inactive_slot': 'B', 'active_version': '53b13f0789ba85473f97c99d58ed0f4ef7c089cd0ac979a5cd3fe7e62fde6e3f', 'inactive_version': '53b13f0789ba85473f97c99d58ed0f4ef7c089cd0ac979a5cd3fe7e62fde6e3f', 'slot_capacity_bytes': 4194304, 'boot_attempt_counter': 0, 'max_boot_attempts': 3, 'pending_activation': False, 'health_verdict': 'not_run', 'rollback_performed': False, 'ab_update_valid': False, 'ab_rollback_ready': True, 'slot_storage_bytes': 40960, 'slot_storage_violation': False, 'activation_success': False, 'boot_health_success': False, 'rollback_after_failed_boot': False, 'rollback_success': False, 'reboot_count': 0, 'downtime_seconds': 0.0, 'slot_switch_count': 0}, 'recovered_metrics': {'install_state': 'complete', 'package_size_bytes': 75292, 'network_bytes': 75292, 'staging_area_bytes': 0, 'backup_area_bytes': 0, 'installed_image_bytes': 51200, 'current_persistent_storage_bytes': 51200, 'peak_persistent_storage_bytes': 51732, 'peak_ram_bytes': 9116, 'flash_write_bytes': 51200, 'download_time_s': 0.588219, 'install_time_s': 0.103993, 'total_time_s': 0.692212, 'checkpoint_count': 2, 'latest_checkpoint_operation': 10, 'rollback_ready': False, 'unsafe_overwrite_count': 10, 'budget_violation_count': 0, 'budget_violations': [], 'ab_enabled': True, 'active_slot': 'B', 'inactive_slot': 'A', 'active_version': '2c89afcb33f91f3a249c50a92cc652778c267a28f5cb05ac69605cb2f2ba7053', 'inactive_version': '53b13f0789ba85473f97c99d58ed0f4ef7c089cd0ac979a5cd3fe7e62fde6e3f', 'slot_capacity_bytes': 4194304, 'boot_attempt_counter': 1, 'max_boot_attempts': 3, 'pending_activation': False, 'health_verdict': 'pass', 'rollback_performed': False, 'ab_update_valid': True, 'ab_rollback_ready': True, 'slot_storage_bytes': 51200, 'slot_storage_violation': False, 'activation_success': True, 'boot_health_success': True, 'rollback_after_failed_boot': False, 'rollback_success': False, 'reboot_count': 1, 'downtime_seconds': 90.0, 'slot_switch_count': 1}, 'recovery_cost': {'discarded_operation_count': 2, 'replayed_operation_count': 8, 'network_bytes': 44006, 'flash_write_bytes': 30720}}",interrupt_050,1,0,True,8192,19502,8,0,1,False,"Synthetic fixture; no Autoware source code, no proprietary AV software, and no third-party model weights",16384,/tmp/smartota-clean-rerun-2942cbd-copy/datasets/manifests/smartota-automotive.json,1,9116,/home/arpan/OTA/.cursor-tutor/ota_environment/data/raw/automotive/autoware-style-perception/autoware-style-perception-new.tar,/home/arpan/OTA/.cursor-tutor/ota_environment/data/raw/automotive/autoware-style-perception/autoware-style-perception-new.tar,2c89afcb33f91f3a249c50a92cc652778c267a28f5cb05ac69605cb2f2ba7053,51200,/home/arpan/OTA/.cursor-tutor/ota_environment/data/raw/automotive/autoware-style-perception/autoware-style-perception-old.tar,/home/arpan/OTA/.cursor-tutor/ota_environment/data/raw/automotive/autoware-style-perception/autoware-style-perception-old.tar,53b13f0789ba85473f97c99d58ed0f4ef7c089cd0ac979a5cd3fe7e62fde6e3f,40960,,,6,,7,,autoware_style_perception_module_update,copy_delta,CPython,"3.12.7 | packaged by Anaconda, Inc. | (main, Oct  4 2024, 13:27:36) [GCC 11.2.0]",1,,True,True,0.0,False,False,0.016798,0.016798,autoware_style_perception_module_update,1,51200,False,1,Locally generated deterministic fixture inspired by Autoware-style module layout,13,0.020183,2026-07-17T15:45:42.120432+00:00,automotive,True
True,True,True,13,10,True,2c89afcb33f91f3a249c50a92cc652778c267a28f5cb05ac69605cb2f2ba7053,53b13f0789ba85473f97c99d58ed0f4ef7c089cd0ac979a5cd3fe7e62fde6e3f,autoware_module_tar,backup_safe_copy_delta,4096,4096,0,13,True,True,uncompressed,deterministic_tar_derivation,smartota-automotive,1.2.6,0.26.2,1.26.4,2.20.0,2.12.0,True,True,True,True,B,2c89afcb33f91f3a249c50a92cc652778c267a28f5cb05ac69605cb2f2ba7053,40960,1,True,0,,4,128000.0,5,True,1000000.0,always_pass,3,severe_edge_device,512000.0,131072,90.0,True,True,4194304,streaming,6291456,92160,0.591937,90.0,92160,pass,A,53b13f0789ba85473f97c99d58ed0f4ef7c089cd0ac979a5cd3fe7e62fde6e3f,complete,0.136365,51200,20,3,75768,75768,92692,9116,False,1,False,False,True,False,4194304,51200,False,1,0,0.728303,0,autoware_style_av_stack,90.0,0.028708,75768,23,2942cbde2fd344cccea23aabbe8d5bf168610c71,False,0.5,"{'interruption_percentage': 0.5, 'interrupted_after_operations': 12, 'operation_count': 23, 'checkpoint_available': True, 'checkpoint_operation_index': 10, 'resumed_from_checkpoint': True, 'recovery_strategy': 'checkpoint_resume', 'recovery_success': True, 'rollback_success': True, 'rollback_ready_at_interruption': True, 'final_replay_validity': True, 'replay_errors': '', 'recovery_errors': '', 'extra_network_bytes': 9867, 'extra_flash_writes': 8192, 'total_network_bytes': 85635, 'total_flash_write_bytes': 100352, 'interrupted_metrics': {'install_state': 'interrupted', 'package_size_bytes': 41733, 'network_bytes': 41733, 'staging_area_bytes': 0, 'backup_area_bytes': 24576, 'installed_image_bytes': 40960, 'current_persistent_storage_bytes': 65536, 'peak_persistent_storage_bytes': 75287, 'peak_ram_bytes': 8589, 'flash_write_bytes': 49152, 'download_time_s': 0.326039, 'install_time_s': 0.06649, 'total_time_s': 0.392529, 'checkpoint_count': 2, 'latest_checkpoint_operation': 10, 'rollback_ready': True, 'unsafe_overwrite_count': 0, 'budget_violation_count': 0, 'budget_violations': [], 'ab_enabled': True, 'active_slot': 'A', 'inactive_slot': 'B', 'active_version': '53b13f0789ba85473f97c99d58ed0f4ef7c089cd0ac979a5cd3fe7e62fde6e3f', 'inactive_version': '53b13f0789ba85473f97c99d58ed0f4ef7c089cd0ac979a5cd3fe7e62fde6e3f', 'slot_capacity_bytes': 4194304, 'boot_attempt_counter': 0, 'max_boot_attempts': 3, 'pending_activation': False, 'health_verdict': 'not_run', 'rollback_performed': False, 'ab_update_valid': False, 'ab_rollback_ready': True, 'slot_storage_bytes': 40960, 'slot_storage_violation': False, 'activation_success': False, 'boot_health_success': False, 'rollback_after_failed_boot': False, 'rollback_success': False, 'reboot_count': 0, 'downtime_seconds': 0.0, 'slot_switch_count': 0}, 'recovered_metrics': {'install_state': 'complete', 'package_size_bytes': 75768, 'network_bytes': 75768, 'staging_area_bytes': 0, 'backup_area_bytes': 40960, 'installed_image_bytes': 51200, 'current_persistent_storage_bytes': 92160, 'peak_persistent_storage_bytes': 92692, 'peak_ram_bytes': 9116, 'flash_write_bytes': 92160, 'download_time_s': 0.591937, 'install_time_s': 0.136365, 'total_time_s': 0.728303, 'checkpoint_count': 4, 'latest_checkpoint_operation': 20, 'rollback_ready': True, 'unsafe_overwrite_count': 0, 'budget_violation_count': 0, 'budget_violations': [], 'ab_enabled': True, 'active_slot': 'B', 'inactive_slot': 'A', 'active_version': '2c89afcb33f91f3a249c50a92cc652778c267a28f5cb05ac69605cb2f2ba7053', 'inactive_version': '53b13f0789ba85473f97c99d58ed0f4ef7c089cd0ac979a5cd3fe7e62fde6e3f', 'slot_capacity_bytes': 4194304, 'boot_attempt_counter': 1, 'max_boot_attempts': 3, 'pending_activation': False, 'health_verdict': 'pass', 'rollback_performed': False, 'ab_update_valid': True, 'ab_rollback_ready': True, 'slot_storage_bytes': 51200, 'slot_storage_violation': False, 'activation_success': True, 'boot_health_success': True, 'rollback_after_failed_boot': False, 'rollback_success': False, 'reboot_count': 1, 'downtime_seconds': 90.0, 'slot_switch_count': 1}, 'recovery_cost': {'discarded_operation_count': 2, 'replayed_operation_count': 13, 'network_bytes': 43902, 'flash_write_bytes': 51200}}",interrupt_050,1,0,True,8192,9867,13,1,1,False,"Synthetic fixture; no Autoware source code, no proprietary AV software, and no third-party model weights",16384,/tmp/smartota-clean-rerun-2942cbd-copy/datasets/manifests/smartota-automotive.json,1,9116,/home/arpan/OTA/.cursor-tutor/ota_environment/data/raw/automotive/autoware-style-perception/autoware-style-perception-new.tar,/home/arpan/OTA/.cursor-tutor/ota_environment/data/raw/automotive/autoware-style-perception/autoware-style-perception-new.tar,2c89afcb33f91f3a249c50a92cc652778c267a28f5cb05ac69605cb2f2ba7053,51200,/home/arpan/OTA/.cursor-tutor/ota_environment/data/raw/automotive/autoware-style-perception/autoware-style-perception-old.tar,/home/arpan/OTA/.cursor-tutor/ota_environment/data/raw/automotive/autoware-style-perception/autoware-style-perception-old.tar,53b13f0789ba85473f97c99d58ed0f4ef7c089cd0ac979a5cd3fe7e62fde6e3f,40960,10,1,5,,7,,autoware_style_perception_module_update,backup_safe_copy_delta,CPython,"3.12.7 | packaged by Anaconda, Inc. | (main, Oct  4 2024, 13:27:36) [GCC 11.2.0]",1,,True,True,0.0,False,False,0.028708,0.028708,autoware_style_perception_module_update,1,51200,False,1,Locally generated deterministic fixture inspired by Autoware-style module layout,23,0.032493,2026-07-17T15:45:42.120432+00:00,automotive,True
True,True,True,13,10,True,2c89afcb33f91f3a249c50a92cc652778c267a28f5cb05ac69605cb2f2ba7053,53b13f0789ba85473f97c99d58ed0f4ef7c089cd0ac979a5cd3fe7e62fde6e3f,autoware_module_tar,deployment_aware_greedy,4096,4096,0,13,True,True,uncompressed,deterministic_tar_derivation,smartota-automotive,1.2.6,0.26.2,1.26.4,2.20.0,2.12.0,True,True,True,True,B,2c89afcb33f91f3a249c50a92cc652778c267a28f5cb05ac69605cb2f2ba7053,40960,1,True,0,,4,128000.0,5,True,1000000.0,always_pass,3,severe_edge_device,512000.0,131072,90.0,True,True,4194304,streaming,6291456,92160,0.591937,90.0,92160,pass,A,53b13f0789ba85473f97c99d58ed0f4ef7c089cd0ac979a5cd3fe7e62fde6e3f,complete,0.136365,51200,20,3,75768,75768,92692,9116,False,1,False,False,True,False,4194304,51200,False,1,0,0.728303,0,autoware_style_av_stack,90.0,0.031054,75768,23,2942cbde2fd344cccea23aabbe8d5bf168610c71,False,0.5,"{'interruption_percentage': 0.5, 'interrupted_after_operations': 12, 'operation_count': 23, 'checkpoint_available': True, 'checkpoint_operation_index': 10, 'resumed_from_checkpoint': True, 'recovery_strategy': 'checkpoint_resume', 'recovery_success': True, 'rollback_success': True, 'rollback_ready_at_interruption': True, 'final_replay_validity': True, 'replay_errors': '', 'recovery_errors': '', 'extra_network_bytes': 9867, 'extra_flash_writes': 8192, 'total_network_bytes': 85635, 'total_flash_write_bytes': 100352, 'interrupted_metrics': {'install_state': 'interrupted', 'package_size_bytes': 41733, 'network_bytes': 41733, 'staging_area_bytes': 0, 'backup_area_bytes': 24576, 'installed_image_bytes': 40960, 'current_persistent_storage_bytes': 65536, 'peak_persistent_storage_bytes': 75287, 'peak_ram_bytes': 8589, 'flash_write_bytes': 49152, 'download_time_s': 0.326039, 'install_time_s': 0.06649, 'total_time_s': 0.392529, 'checkpoint_count': 2, 'latest_checkpoint_operation': 10, 'rollback_ready': True, 'unsafe_overwrite_count': 0, 'budget_violation_count': 0, 'budget_violations': [], 'ab_enabled': True, 'active_slot': 'A', 'inactive_slot': 'B', 'active_version': '53b13f0789ba85473f97c99d58ed0f4ef7c089cd0ac979a5cd3fe7e62fde6e3f', 'inactive_version': '53b13f0789ba85473f97c99d58ed0f4ef7c089cd0ac979a5cd3fe7e62fde6e3f', 'slot_capacity_bytes': 4194304, 'boot_attempt_counter': 0, 'max_boot_attempts': 3, 'pending_activation': False, 'health_verdict': 'not_run', 'rollback_performed': False, 'ab_update_valid': False, 'ab_rollback_ready': True, 'slot_storage_bytes': 40960, 'slot_storage_violation': False, 'activation_success': False, 'boot_health_success': False, 'rollback_after_failed_boot': False, 'rollback_success': False, 'reboot_count': 0, 'downtime_seconds': 0.0, 'slot_switch_count': 0}, 'recovered_metrics': {'install_state': 'complete', 'package_size_bytes': 75768, 'network_bytes': 75768, 'staging_area_bytes': 0, 'backup_area_bytes': 40960, 'installed_image_bytes': 51200, 'current_persistent_storage_bytes': 92160, 'peak_persistent_storage_bytes': 92692, 'peak_ram_bytes': 9116, 'flash_write_bytes': 92160, 'download_time_s': 0.591937, 'install_time_s': 0.136365, 'total_time_s': 0.728303, 'checkpoint_count': 4, 'latest_checkpoint_operation': 20, 'rollback_ready': True, 'unsafe_overwrite_count': 0, 'budget_violation_count': 0, 'budget_violations': [], 'ab_enabled': True, 'active_slot': 'B', 'inactive_slot': 'A', 'active_version': '2c89afcb33f91f3a249c50a92cc652778c267a28f5cb05ac69605cb2f2ba7053', 'inactive_version': '53b13f0789ba85473f97c99d58ed0f4ef7c089cd0ac979a5cd3fe7e62fde6e3f', 'slot_capacity_bytes': 4194304, 'boot_attempt_counter': 1, 'max_boot_attempts': 3, 'pending_activation': False, 'health_verdict': 'pass', 'rollback_performed': False, 'ab_update_valid': True, 'ab_rollback_ready': True, 'slot_storage_bytes': 51200, 'slot_storage_violation': False, 'activation_success': True, 'boot_health_success': True, 'rollback_after_failed_boot': False, 'rollback_success': False, 'reboot_count': 1, 'downtime_seconds': 90.0, 'slot_switch_count': 1}, 'recovery_cost': {'discarded_operation_count': 2, 'replayed_operation_count': 13, 'network_bytes': 43902, 'flash_write_bytes': 51200}}",interrupt_050,1,0,True,8192,9867,13,1,1,False,"Synthetic fixture; no Autoware source code, no proprietary AV software, and no third-party model weights",16384,/tmp/smartota-clean-rerun-2942cbd-copy/datasets/manifests/smartota-automotive.json,1,9116,/home/arpan/OTA/.cursor-tutor/ota_environment/data/raw/automotive/autoware-style-perception/autoware-style-perception-new.tar,/home/arpan/OTA/.cursor-tutor/ota_environment/data/raw/automotive/autoware-style-perception/autoware-style-perception-new.tar,2c89afcb33f91f3a249c50a92cc652778c267a28f5cb05ac69605cb2f2ba7053,51200,/home/arpan/OTA/.cursor-tutor/ota_environment/data/raw/automotive/autoware-style-perception/autoware-style-perception-old.tar,/home/arpan/OTA/.cursor-tutor/ota_environment/data/raw/automotive/autoware-style-perception/autoware-style-perception-old.tar,53b13f0789ba85473f97c99d58ed0f4ef7c089cd0ac979a5cd3fe7e62fde6e3f,40960,10,1,5,,7,,autoware_style_perception_module_update,deployment_aware_greedy,CPython,"3.12.7 | packaged by Anaconda, Inc. | (main, Oct  4 2024, 13:27:36) [GCC 11.2.0]",1,,True,True,0.0,False,False,0.031054,0.031054,autoware_style_perception_module_update,1,51200,False,1,Locally generated deterministic fixture inspired by Autoware-style module layout,23,0.034851,2026-07-17T15:45:42.120432+00:00,automotive,True
True,True,True,13,0,True,2c89afcb33f91f3a249c50a92cc652778c267a28f5cb05ac69605cb2f2ba7053,53b13f0789ba85473f97c99d58ed0f4ef7c089cd0ac979a5cd3fe7e62fde6e3f,autoware_module_tar,rsync_rolling_hash,4096,4096,0,13,True,True,uncompressed,deterministic_tar_derivation,smartota-automotive,1.2.6,0.26.2,1.26.4,2.20.0,2.12.0,True,True,True,True,B,2c89afcb33f91f3a249c50a92cc652778c267a28f5cb05ac69605cb2f2ba7053,0,1,True,0,,2,128000.0,5,True,1000000.0,always_pass,3,severe_edge_device,512000.0,131072,90.0,True,True,4194304,streaming,6291456,51200,0.953016,90.0,51200,pass,A,53b13f0789ba85473f97c99d58ed0f4ef7c089cd0ac979a5cd3fe7e62fde6e3f,complete,0.0512,51200,10,3,121986,121986,58904,4096,False,1,False,False,False,False,4194304,51200,False,1,0,1.004216,10,autoware_style_av_stack,90.0,0.011836,121986,13,2942cbde2fd344cccea23aabbe8d5bf168610c71,False,0.5,"{'interruption_percentage': 0.5, 'interrupted_after_operations': 7, 'operation_count': 13, 'checkpoint_available': True, 'checkpoint_operation_index': 5, 'resumed_from_checkpoint': True, 'recovery_strategy': 'checkpoint_resume', 'recovery_success': True, 'rollback_success': False, 'rollback_ready_at_interruption': False, 'final_replay_validity': True, 'replay_errors': '', 'recovery_errors': '', 'extra_network_bytes': 19502, 'extra_flash_writes': 8192, 'total_network_bytes': 141488, 'total_flash_write_bytes': 59392, 'interrupted_metrics': {'install_state': 'interrupted', 'package_size_bytes': 68257, 'network_bytes': 68257, 'staging_area_bytes': 0, 'backup_area_bytes': 0, 'installed_image_bytes': 40960, 'current_persistent_storage_bytes': 40960, 'peak_persistent_storage_bytes': 50711, 'peak_ram_bytes': 4096, 'flash_write_bytes': 28672, 'download_time_s': 0.533258, 'install_time_s': 0.028672, 'total_time_s': 0.56193, 'checkpoint_count': 1, 'latest_checkpoint_operation': 5, 'rollback_ready': False, 'unsafe_overwrite_count': 7, 'budget_violation_count': 0, 'budget_violations': [], 'ab_enabled': True, 'active_slot': 'A', 'inactive_slot': 'B', 'active_version': '53b13f0789ba85473f97c99d58ed0f4ef7c089cd0ac979a5cd3fe7e62fde6e3f', 'inactive_version': '53b13f0789ba85473f97c99d58ed0f4ef7c089cd0ac979a5cd3fe7e62fde6e3f', 'slot_capacity_bytes': 4194304, 'boot_attempt_counter': 0, 'max_boot_attempts': 3, 'pending_activation': False, 'health_verdict': 'not_run', 'rollback_performed': False, 'ab_update_valid': False, 'ab_rollback_ready': True, 'slot_storage_bytes': 40960, 'slot_storage_violation': False, 'activation_success': False, 'boot_health_success': False, 'rollback_after_failed_boot': False, 'rollback_success': False, 'reboot_count': 0, 'downtime_seconds': 0.0, 'slot_switch_count': 0}, 'recovered_metrics': {'install_state': 'complete', 'package_size_bytes': 121986, 'network_bytes': 121986, 'staging_area_bytes': 0, 'backup_area_bytes': 0, 'installed_image_bytes': 51200, 'current_persistent_storage_bytes': 51200, 'peak_persistent_storage_bytes': 58904, 'peak_ram_bytes': 4096, 'flash_write_bytes': 51200, 'download_time_s': 0.953016, 'install_time_s': 0.0512, 'total_time_s': 1.004216, 'checkpoint_count': 2, 'latest_checkpoint_operation': 10, 'rollback_ready': False, 'unsafe_overwrite_count': 10, 'budget_violation_count': 0, 'budget_violations': [], 'ab_enabled': True, 'active_slot': 'B', 'inactive_slot': 'A', 'active_version': '2c89afcb33f91f3a249c50a92cc652778c267a28f5cb05ac69605cb2f2ba7053', 'inactive_version': '53b13f0789ba85473f97c99d58ed0f4ef7c089cd0ac979a5cd3fe7e62fde6e3f', 'slot_capacity_bytes': 4194304, 'boot_attempt_counter': 1, 'max_boot_attempts': 3, 'pending_activation': False, 'health_verdict': 'pass', 'rollback_performed': False, 'ab_update_valid': True, 'ab_rollback_ready': True, 'slot_storage_bytes': 51200, 'slot_storage_violation': False, 'activation_success': True, 'boot_health_success': True, 'rollback_after_failed_boot': False, 'rollback_success': False, 'reboot_count': 1, 'downtime_seconds': 90.0, 'slot_switch_count': 1}, 'recovery_cost': {'discarded_operation_count': 2, 'replayed_operation_count': 8, 'network_bytes': 73231, 'flash_write_bytes': 30720}}",interrupt_050,1,0,True,8192,19502,8,0,1,False,"Synthetic fixture; no Autoware source code, no proprietary AV software, and no third-party model weights",16384,/tmp/smartota-clean-rerun-2942cbd-copy/datasets/manifests/smartota-automotive.json,1,4096,/home/arpan/OTA/.cursor-tutor/ota_environment/data/raw/automotive/autoware-style-perception/autoware-style-perception-new.tar,/home/arpan/OTA/.cursor-tutor/ota_environment/data/raw/automotive/autoware-style-perception/autoware-style-perception-new.tar,2c89afcb33f91f3a249c50a92cc652778c267a28f5cb05ac69605cb2f2ba7053,51200,/home/arpan/OTA/.cursor-tutor/ota_environment/data/raw/automotive/autoware-style-perception/autoware-style-perception-old.tar,/home/arpan/OTA/.cursor-tutor/ota_environment/data/raw/automotive/autoware-style-perception/autoware-style-perception-old.tar,53b13f0789ba85473f97c99d58ed0f4ef7c089cd0ac979a5cd3fe7e62fde6e3f,40960,,,,,13,,autoware_style_perception_module_update,rsync_rolling_hash,CPython,"3.12.7 | packaged by Anaconda, Inc. | (main, Oct  4 2024, 13:27:36) [GCC 11.2.0]",1,,True,True,0.0,False,False,0.011836,0.011836,autoware_style_perception_module_update,1,51200,False,1,Locally generated deterministic fixture inspired by Autoware-style module layout,13,0.014525,2026-07-17T15:45:42.120432+00:00,automotive,True
True,True,True,2,0,True,2c89afcb33f91f3a249c50a92cc652778c267a28f5cb05ac69605cb2f2ba7053,53b13f0789ba85473f97c99d58ed0f4ef7c089cd0ac979a5cd3fe7e62fde6e3f,autoware_module_tar,full_replacement,4096,4096,0,13,True,True,uncompressed,deterministic_tar_derivation,smartota-automotive,1.2.6,0.26.2,1.26.4,2.20.0,2.12.0,True,True,True,True,B,2c89afcb33f91f3a249c50a92cc652778c267a28f5cb05ac69605cb2f2ba7053,0,1,True,0,,0,128000.0,5,True,1000000.0,always_pass,3,severe_edge_device,512000.0,131072,90.0,True,True,4194304,streaming,6291456,51200,0.935648,90.0,51200,pass,A,53b13f0789ba85473f97c99d58ed0f4ef7c089cd0ac979a5cd3fe7e62fde6e3f,complete,0.0512,51200,0,3,119763,119763,207723,51200,False,1,False,False,False,False,4194304,51200,False,1,0,0.986848,1,autoware_style_av_stack,90.0,0.000961,119763,2,2942cbde2fd344cccea23aabbe8d5bf168610c71,False,0.75,"{'interruption_percentage': 0.75, 'interrupted_after_operations': 1, 'operation_count': 2, 'checkpoint_available': False, 'checkpoint_operation_index': 0, 'resumed_from_checkpoint': False, 'recovery_strategy': 'failed', 'recovery_success': False, 'rollback_success': False, 'rollback_ready_at_interruption': False, 'final_replay_validity': False, 'replay_errors': '', 'recovery_errors': 'no checkpoint and rollback is not ready', 'extra_network_bytes': 0, 'extra_flash_writes': 0, 'total_network_bytes': 119659, 'total_flash_write_bytes': 51200, 'interrupted_metrics': {'install_state': 'interrupted', 'package_size_bytes': 119659, 'network_bytes': 119659, 'staging_area_bytes': 0, 'backup_area_bytes': 0, 'installed_image_bytes': 88064, 'current_persistent_storage_bytes': 88064, 'peak_persistent_storage_bytes': 207723, 'peak_ram_bytes': 51200, 'flash_write_bytes': 51200, 'download_time_s': 0.934836, 'install_time_s': 0.0512, 'total_time_s': 0.986036, 'checkpoint_count': 0, 'latest_checkpoint_operation': 0, 'rollback_ready': False, 'unsafe_overwrite_count': 1, 'budget_violation_count': 0, 'budget_violations': [], 'ab_enabled': True, 'active_slot': 'A', 'inactive_slot': 'B', 'active_version': '53b13f0789ba85473f97c99d58ed0f4ef7c089cd0ac979a5cd3fe7e62fde6e3f', 'inactive_version': '53b13f0789ba85473f97c99d58ed0f4ef7c089cd0ac979a5cd3fe7e62fde6e3f', 'slot_capacity_bytes': 4194304, 'boot_attempt_counter': 0, 'max_boot_attempts': 3, 'pending_activation': False, 'health_verdict': 'not_run', 'rollback_performed': False, 'ab_update_valid': False, 'ab_rollback_ready': True, 'slot_storage_bytes': 40960, 'slot_storage_violation': False, 'activation_success': False, 'boot_health_success': False, 'rollback_after_failed_boot': False, 'rollback_success': False, 'reboot_count': 0, 'downtime_seconds': 0.0, 'slot_switch_count': 0}, 'recovered_metrics': {}, 'recovery_cost': {'discarded_operation_count': 1, 'replayed_operation_count': 0, 'network_bytes': 0, 'flash_write_bytes': 0}}",interrupt_075,0,1,False,0,0,0,0,1,False,"Synthetic fixture; no Autoware source code, no proprietary AV software, and no third-party model weights",16384,/tmp/smartota-clean-rerun-2942cbd-copy/datasets/manifests/smartota-automotive.json,1,51200,/home/arpan/OTA/.cursor-tutor/ota_environment/data/raw/automotive/autoware-style-perception/autoware-style-perception-new.tar,/home/arpan/OTA/.cursor-tutor/ota_environment/data/raw/automotive/autoware-style-perception/autoware-style-perception-new.tar,2c89afcb33f91f3a249c50a92cc652778c267a28f5cb05ac69605cb2f2ba7053,51200,/home/arpan/OTA/.cursor-tutor/ota_environment/data/raw/automotive/autoware-style-perception/autoware-style-perception-old.tar,/home/arpan/OTA/.cursor-tutor/ota_environment/data/raw/automotive/autoware-style-perception/autoware-style-perception-old.tar,53b13f0789ba85473f97c99d58ed0f4ef7c089cd0ac979a5cd3fe7e62fde6e3f,40960,,,,,1,1,autoware_style_perception_module_update,full_replacement,CPython,"3.12.7 | packaged by Anaconda, Inc. | (main, Oct  4 2024, 13:27:36) [GCC 11.2.0]",1,,True,True,0.0,False,False,0.000961,0.000961,autoware_style_perception_module_update,1,51200,False,1,Locally generated deterministic fixture inspired by Autoware-style module layout,2,0.002404,2026-07-17T15:45:42.120432+00:00,automotive,True
True,True,True,2,0,True,2c89afcb33f91f3a249c50a92cc652778c267a28f5cb05ac69605cb2f2ba7053,53b13f0789ba85473f97c99d58ed0f4ef7c089cd0ac979a5cd3fe7e62fde6e3f,autoware_module_tar,whole_file_bsdiff,4096,4096,0,13,True,True,uncompressed,deterministic_tar_derivation,smartota-automotive,1.2.6,0.26.2,1.26.4,2.20.0,2.12.0,True,True,True,True,B,2c89afcb33f91f3a249c50a92cc652778c267a28f5cb05ac69605cb2f2ba7053,0,1,True,0,,0,128000.0,5,True,1000000.0,always_pass,3,severe_edge_device,512000.0,131072,90.0,True,True,4194304,streaming,6291456,51200,0.548562,90.0,51200,pass,A,53b13f0789ba85473f97c99d58ed0f4ef7c089cd0ac979a5cd3fe7e62fde6e3f,complete,0.189688,51200,0,3,70216,70216,158176,122106,False,1,False,False,False,False,4194304,51200,False,1,0,0.738251,1,autoware_style_av_stack,90.0,0.014033,70216,2,2942cbde2fd344cccea23aabbe8d5bf168610c71,False,0.75,"{'interruption_percentage': 0.75, 'interrupted_after_operations': 1, 'operation_count': 2, 'checkpoint_available': False, 'checkpoint_operation_index': 0, 'resumed_from_checkpoint': False, 'recovery_strategy': 'failed', 'recovery_success': False, 'rollback_success': False, 'rollback_ready_at_interruption': False, 'final_replay_validity': False, 'replay_errors': '', 'recovery_errors': 'no checkpoint and rollback is not ready', 'extra_network_bytes': 0, 'extra_flash_writes': 0, 'total_network_bytes': 70112, 'total_flash_write_bytes': 51200, 'interrupted_metrics': {'install_state': 'interrupted', 'package_size_bytes': 70112, 'network_bytes': 70112, 'staging_area_bytes': 0, 'backup_area_bytes': 0, 'installed_image_bytes': 88064, 'current_persistent_storage_bytes': 88064, 'peak_persistent_storage_bytes': 158176, 'peak_ram_bytes': 122106, 'flash_write_bytes': 51200, 'download_time_s': 0.54775, 'install_time_s': 0.189688, 'total_time_s': 0.737438, 'checkpoint_count': 0, 'latest_checkpoint_operation': 0, 'rollback_ready': False, 'unsafe_overwrite_count': 1, 'budget_violation_count': 0, 'budget_violations': [], 'ab_enabled': True, 'active_slot': 'A', 'inactive_slot': 'B', 'active_version': '53b13f0789ba85473f97c99d58ed0f4ef7c089cd0ac979a5cd3fe7e62fde6e3f', 'inactive_version': '53b13f0789ba85473f97c99d58ed0f4ef7c089cd0ac979a5cd3fe7e62fde6e3f', 'slot_capacity_bytes': 4194304, 'boot_attempt_counter': 0, 'max_boot_attempts': 3, 'pending_activation': False, 'health_verdict': 'not_run', 'rollback_performed': False, 'ab_update_valid': False, 'ab_rollback_ready': True, 'slot_storage_bytes': 40960, 'slot_storage_violation': False, 'activation_success': False, 'boot_health_success': False, 'rollback_after_failed_boot': False, 'rollback_success': False, 'reboot_count': 0, 'downtime_seconds': 0.0, 'slot_switch_count': 0}, 'recovered_metrics': {}, 'recovery_cost': {'discarded_operation_count': 1, 'replayed_operation_count': 0, 'network_bytes': 0, 'flash_write_bytes': 0}}",interrupt_075,0,1,False,0,0,0,0,1,False,"Synthetic fixture; no Autoware source code, no proprietary AV software, and no third-party model weights",16384,/tmp/smartota-clean-rerun-2942cbd-copy/datasets/manifests/smartota-automotive.json,1,122106,/home/arpan/OTA/.cursor-tutor/ota_environment/data/raw/automotive/autoware-style-perception/autoware-style-perception-new.tar,/home/arpan/OTA/.cursor-tutor/ota_environment/data/raw/automotive/autoware-style-perception/autoware-style-perception-new.tar,2c89afcb33f91f3a249c50a92cc652778c267a28f5cb05ac69605cb2f2ba7053,51200,/home/arpan/OTA/.cursor-tutor/ota_environment/data/raw/automotive/autoware-style-perception/autoware-style-perception-old.tar,/home/arpan/OTA/.cursor-tutor/ota_environment/data/raw/automotive/autoware-style-perception/autoware-style-perception-old.tar,53b13f0789ba85473f97c99d58ed0f4ef7c089cd0ac979a5cd3fe7e62fde6e3f,40960,,,1,,,1,autoware_style_perception_module_update,whole_file_bsdiff,CPython,"3.12.7 | packaged by Anaconda, Inc. | (main, Oct  4 2024, 13:27:36) [GCC 11.2.0]",1,,True,True,0.0,False,False,0.014033,0.014033,autoware_style_perception_module_update,1,51200,False,1,Locally generated deterministic fixture inspired by Autoware-style module layout,2,0.017975,2026-07-17T15:45:42.120432+00:00,automotive,True
True,True,True,13,0,True,2c89afcb33f91f3a249c50a92cc652778c267a28f5cb05ac69605cb2f2ba7053,53b13f0789ba85473f97c99d58ed0f4ef7c089cd0ac979a5cd3fe7e62fde6e3f,autoware_module_tar,blockwise_bsdiff,4096,4096,0,13,True,True,uncompressed,deterministic_tar_derivation,smartota-automotive,1.2.6,0.26.2,1.26.4,2.20.0,2.12.0,True,True,True,True,B,2c89afcb33f91f3a249c50a92cc652778c267a28f5cb05ac69605cb2f2ba7053,0,1,True,0,,2,128000.0,5,True,1000000.0,always_pass,3,severe_edge_device,512000.0,131072,90.0,True,True,4194304,streaming,6291456,51200,0.833531,90.0,51200,pass,A,53b13f0789ba85473f97c99d58ed0f4ef7c089cd0ac979a5cd3fe7e62fde6e3f,complete,0.1982,51200,10,3,106692,106692,58904,12890,False,1,False,False,False,False,4194304,51200,False,1,0,1.031731,10,autoware_style_av_stack,90.0,0.015746,106692,13,2942cbde2fd344cccea23aabbe8d5bf168610c71,False,0.75,"{'interruption_percentage': 0.75, 'interrupted_after_operations': 10, 'operation_count': 13, 'checkpoint_available': True, 'checkpoint_operation_index': 10, 'resumed_from_checkpoint': True, 'recovery_strategy': 'checkpoint_resume', 'recovery_success': True, 'rollback_success': False, 'rollback_ready_at_interruption': False, 'final_replay_validity': True, 'replay_errors': '', 'recovery_errors': '', 'extra_network_bytes': 0, 'extra_flash_writes': 0, 'total_network_bytes': 106692, 'total_flash_write_bytes': 51200, 'interrupted_metrics': {'install_state': 'interrupted', 'package_size_bytes': 82216, 'network_bytes': 82216, 'staging_area_bytes': 0, 'backup_area_bytes': 0, 'installed_image_bytes': 40960, 'current_persistent_storage_bytes': 40960, 'peak_persistent_storage_bytes': 52138, 'peak_ram_bytes': 12890, 'flash_write_bytes': 40960, 'download_time_s': 0.642313, 'install_time_s': 0.18796, 'total_time_s': 0.830272, 'checkpoint_count': 2, 'latest_checkpoint_operation': 10, 'rollback_ready': False, 'unsafe_overwrite_count': 10, 'budget_violation_count': 0, 'budget_violations': [], 'ab_enabled': True, 'active_slot': 'A', 'inactive_slot': 'B', 'active_version': '53b13f0789ba85473f97c99d58ed0f4ef7c089cd0ac979a5cd3fe7e62fde6e3f', 'inactive_version': '53b13f0789ba85473f97c99d58ed0f4ef7c089cd0ac979a5cd3fe7e62fde6e3f', 'slot_capacity_bytes': 4194304, 'boot_attempt_counter': 0, 'max_boot_attempts': 3, 'pending_activation': False, 'health_verdict': 'not_run', 'rollback_performed': False, 'ab_update_valid': False, 'ab_rollback_ready': True, 'slot_storage_bytes': 40960, 'slot_storage_violation': False, 'activation_success': False, 'boot_health_success': False, 'rollback_after_failed_boot': False, 'rollback_success': False, 'reboot_count': 0, 'downtime_seconds': 0.0, 'slot_switch_count': 0}, 'recovered_metrics': {'install_state': 'complete', 'package_size_bytes': 106692, 'network_bytes': 106692, 'staging_area_bytes': 0, 'backup_area_bytes': 0, 'installed_image_bytes': 51200, 'current_persistent_storage_bytes': 51200, 'peak_persistent_storage_bytes': 58904, 'peak_ram_bytes': 12890, 'flash_write_bytes': 51200, 'download_time_s': 0.833531, 'install_time_s': 0.1982, 'total_time_s': 1.031731, 'checkpoint_count': 2, 'latest_checkpoint_operation': 10, 'rollback_ready': False, 'unsafe_overwrite_count': 10, 'budget_violation_count': 0, 'budget_violations': [], 'ab_enabled': True, 'active_slot': 'B', 'inactive_slot': 'A', 'active_version': '2c89afcb33f91f3a249c50a92cc652778c267a28f5cb05ac69605cb2f2ba7053', 'inactive_version': '53b13f0789ba85473f97c99d58ed0f4ef7c089cd0ac979a5cd3fe7e62fde6e3f', 'slot_capacity_bytes': 4194304, 'boot_attempt_counter': 1, 'max_boot_attempts': 3, 'pending_activation': False, 'health_verdict': 'pass', 'rollback_performed': False, 'ab_update_valid': True, 'ab_rollback_ready': True, 'slot_storage_bytes': 51200, 'slot_storage_violation': False, 'activation_success': True, 'boot_health_success': True, 'rollback_after_failed_boot': False, 'rollback_success': False, 'reboot_count': 1, 'downtime_seconds': 90.0, 'slot_switch_count': 1}, 'recovery_cost': {'discarded_operation_count': 0, 'replayed_operation_count': 3, 'network_bytes': 24476, 'flash_write_bytes': 10240}}",interrupt_075,1,0,True,0,0,3,0,1,False,"Synthetic fixture; no Autoware source code, no proprietary AV software, and no third-party model weights",16384,/tmp/smartota-clean-rerun-2942cbd-copy/datasets/manifests/smartota-automotive.json,1,12890,/home/arpan/OTA/.cursor-tutor/ota_environment/data/raw/automotive/autoware-style-perception/autoware-style-perception-new.tar,/home/arpan/OTA/.cursor-tutor/ota_environment/data/raw/automotive/autoware-style-perception/autoware-style-perception-new.tar,2c89afcb33f91f3a249c50a92cc652778c267a28f5cb05ac69605cb2f2ba7053,51200,/home/arpan/OTA/.cursor-tutor/ota_environment/data/raw/automotive/autoware-style-perception/autoware-style-perception-old.tar,/home/arpan/OTA/.cursor-tutor/ota_environment/data/raw/automotive/autoware-style-perception/autoware-style-perception-old.tar,53b13f0789ba85473f97c99d58ed0f4ef7c089cd0ac979a5cd3fe7e62fde6e3f,40960,,,10,,3,,autoware_style_perception_module_update,blockwise_bsdiff,CPython,"3.12.7 | packaged by Anaconda, Inc. | (main, Oct  4 2024, 13:27:36) [GCC 11.2.0]",1,,True,True,0.0,False,False,0.015746,0.015746,autoware_style_perception_module_update,1,51200,False,1,Locally generated deterministic fixture inspired by Autoware-style module layout,13,0.023527,2026-07-17T15:45:42.120432+00:00,automotive,True
True,True,True,13,0,True,2c89afcb33f91f3a249c50a92cc652778c267a28f5cb05ac69605cb2f2ba7053,53b13f0789ba85473f97c99d58ed0f4ef7c089cd0ac979a5cd3fe7e62fde6e3f,autoware_module_tar,copy_only,4096,4096,0,13,True,True,uncompressed,deterministic_tar_derivation,smartota-automotive,1.2.6,0.26.2,1.26.4,2.20.0,2.12.0,True,True,True,True,B,2c89afcb33f91f3a249c50a92cc652778c267a28f5cb05ac69605cb2f2ba7053,0,1,True,0,,2,128000.0,5,True,1000000.0,always_pass,3,severe_edge_device,512000.0,131072,90.0,True,True,4194304,streaming,6291456,51200,0.953016,90.0,51200,pass,A,53b13f0789ba85473f97c99d58ed0f4ef7c089cd0ac979a5cd3fe7e62fde6e3f,complete,0.0512,51200,10,3,121986,121986,58904,4096,False,1,False,False,False,False,4194304,51200,False,1,0,1.004216,10,autoware_style_av_stack,90.0,0.001192,121986,13,2942cbde2fd344cccea23aabbe8d5bf168610c71,False,0.75,"{'interruption_percentage': 0.75, 'interrupted_after_operations': 10, 'operation_count': 13, 'checkpoint_available': True, 'checkpoint_operation_index': 10, 'resumed_from_checkpoint': True, 'recovery_strategy': 'checkpoint_resume', 'recovery_success': True, 'rollback_success': False, 'rollback_ready_at_interruption': False, 'final_replay_validity': True, 'replay_errors': '', 'recovery_errors': '', 'extra_network_bytes': 0, 'extra_flash_writes': 0, 'total_network_bytes': 121986, 'total_flash_write_bytes': 51200, 'interrupted_metrics': {'install_state': 'interrupted', 'package_size_bytes': 97510, 'network_bytes': 97510, 'staging_area_bytes': 0, 'backup_area_bytes': 0, 'installed_image_bytes': 40960, 'current_persistent_storage_bytes': 40960, 'peak_persistent_storage_bytes': 50711, 'peak_ram_bytes': 4096, 'flash_write_bytes': 40960, 'download_time_s': 0.761797, 'install_time_s': 0.04096, 'total_time_s': 0.802757, 'checkpoint_count': 2, 'latest_checkpoint_operation': 10, 'rollback_ready': False, 'unsafe_overwrite_count': 10, 'budget_violation_count': 0, 'budget_violations': [], 'ab_enabled': True, 'active_slot': 'A', 'inactive_slot': 'B', 'active_version': '53b13f0789ba85473f97c99d58ed0f4ef7c089cd0ac979a5cd3fe7e62fde6e3f', 'inactive_version': '53b13f0789ba85473f97c99d58ed0f4ef7c089cd0ac979a5cd3fe7e62fde6e3f', 'slot_capacity_bytes': 4194304, 'boot_attempt_counter': 0, 'max_boot_attempts': 3, 'pending_activation': False, 'health_verdict': 'not_run', 'rollback_performed': False, 'ab_update_valid': False, 'ab_rollback_ready': True, 'slot_storage_bytes': 40960, 'slot_storage_violation': False, 'activation_success': False, 'boot_health_success': False, 'rollback_after_failed_boot': False, 'rollback_success': False, 'reboot_count': 0, 'downtime_seconds': 0.0, 'slot_switch_count': 0}, 'recovered_metrics': {'install_state': 'complete', 'package_size_bytes': 121986, 'network_bytes': 121986, 'staging_area_bytes': 0, 'backup_area_bytes': 0, 'installed_image_bytes': 51200, 'current_persistent_storage_bytes': 51200, 'peak_persistent_storage_bytes': 58904, 'peak_ram_bytes': 4096, 'flash_write_bytes': 51200, 'download_time_s': 0.953016, 'install_time_s': 0.0512, 'total_time_s': 1.004216, 'checkpoint_count': 2, 'latest_checkpoint_operation': 10, 'rollback_ready': False, 'unsafe_overwrite_count': 10, 'budget_violation_count': 0, 'budget_violations': [], 'ab_enabled': True, 'active_slot': 'B', 'inactive_slot': 'A', 'active_version': '2c89afcb33f91f3a249c50a92cc652778c267a28f5cb05ac69605cb2f2ba7053', 'inactive_version': '53b13f0789ba85473f97c99d58ed0f4ef7c089cd0ac979a5cd3fe7e62fde6e3f', 'slot_capacity_bytes': 4194304, 'boot_attempt_counter': 1, 'max_boot_attempts': 3, 'pending_activation': False, 'health_verdict': 'pass', 'rollback_performed': False, 'ab_update_valid': True, 'ab_rollback_ready': True, 'slot_storage_bytes': 51200, 'slot_storage_violation': False, 'activation_success': True, 'boot_health_success': True, 'rollback_after_failed_boot': False, 'rollback_success': False, 'reboot_count': 1, 'downtime_seconds': 90.0, 'slot_switch_count': 1}, 'recovery_cost': {'discarded_operation_count': 0, 'replayed_operation_count': 3, 'network_bytes': 24476, 'flash_write_bytes': 10240}}",interrupt_075,1,0,True,0,0,3,0,1,False,"Synthetic fixture; no Autoware source code, no proprietary AV software, and no third-party model weights",16384,/tmp/smartota-clean-rerun-2942cbd-copy/datasets/manifests/smartota-automotive.json,1,4096,/home/arpan/OTA/.cursor-tutor/ota_environment/data/raw/automotive/autoware-style-perception/autoware-style-perception-new.tar,/home/arpan/OTA/.cursor-tutor/ota_environment/data/raw/automotive/autoware-style-perception/autoware-style-perception-new.tar,2c89afcb33f91f3a249c50a92cc652778c267a28f5cb05ac69605cb2f2ba7053,51200,/home/arpan/OTA/.cursor-tutor/ota_environment/data/raw/automotive/autoware-style-perception/autoware-style-perception-old.tar,/home/arpan/OTA/.cursor-tutor/ota_environment/data/raw/automotive/autoware-style-perception/autoware-style-perception-old.tar,53b13f0789ba85473f97c99d58ed0f4ef7c089cd0ac979a5cd3fe7e62fde6e3f,40960,,,,,13,,autoware_style_perception_module_update,copy_only,CPython,"3.12.7 | packaged by Anaconda, Inc. | (main, Oct  4 2024, 13:27:36) [GCC 11.2.0]",1,,True,True,0.0,False,False,0.001192,0.001192,autoware_style_perception_module_update,1,51200,False,1,Locally generated deterministic fixture inspired by Autoware-style module layout,13,0.003683,2026-07-17T15:45:42.120432+00:00,automotive,True
True,True,True,13,0,True,2c89afcb33f91f3a249c50a92cc652778c267a28f5cb05ac69605cb2f2ba7053,53b13f0789ba85473f97c99d58ed0f4ef7c089cd0ac979a5cd3fe7e62fde6e3f,autoware_module_tar,copy_delta,4096,4096,0,13,True,True,uncompressed,deterministic_tar_derivation,smartota-automotive,1.2.6,0.26.2,1.26.4,2.20.0,2.12.0,True,True,True,True,B,2c89afcb33f91f3a249c50a92cc652778c267a28f5cb05ac69605cb2f2ba7053,0,1,True,0,,2,128000.0,5,True,1000000.0,always_pass,3,severe_edge_device,512000.0,131072,90.0,True,True,4194304,streaming,6291456,51200,0.588219,90.0,51200,pass,A,53b13f0789ba85473f97c99d58ed0f4ef7c089cd0ac979a5cd3fe7e62fde6e3f,complete,0.103993,51200,10,3,75292,75292,51732,9116,False,1,False,False,False,False,4194304,51200,False,1,0,0.692212,10,autoware_style_av_stack,90.0,0.016438,75292,13,2942cbde2fd344cccea23aabbe8d5bf168610c71,False,0.75,"{'interruption_percentage': 0.75, 'interrupted_after_operations': 10, 'operation_count': 13, 'checkpoint_available': True, 'checkpoint_operation_index': 10, 'resumed_from_checkpoint': True, 'recovery_strategy': 'checkpoint_resume', 'recovery_success': True, 'rollback_success': False, 'rollback_ready_at_interruption': False, 'final_replay_validity': True, 'replay_errors': '', 'recovery_errors': '', 'extra_network_bytes': 0, 'extra_flash_writes': 0, 'total_network_bytes': 75292, 'total_flash_write_bytes': 51200, 'interrupted_metrics': {'install_state': 'interrupted', 'package_size_bytes': 72662, 'network_bytes': 72662, 'staging_area_bytes': 0, 'backup_area_bytes': 0, 'installed_image_bytes': 40960, 'current_persistent_storage_bytes': 40960, 'peak_persistent_storage_bytes': 50711, 'peak_ram_bytes': 9116, 'flash_write_bytes': 40960, 'download_time_s': 0.567672, 'install_time_s': 0.068103, 'total_time_s': 0.635774, 'checkpoint_count': 2, 'latest_checkpoint_operation': 10, 'rollback_ready': False, 'unsafe_overwrite_count': 10, 'budget_violation_count': 0, 'budget_violations': [], 'ab_enabled': True, 'active_slot': 'A', 'inactive_slot': 'B', 'active_version': '53b13f0789ba85473f97c99d58ed0f4ef7c089cd0ac979a5cd3fe7e62fde6e3f', 'inactive_version': '53b13f0789ba85473f97c99d58ed0f4ef7c089cd0ac979a5cd3fe7e62fde6e3f', 'slot_capacity_bytes': 4194304, 'boot_attempt_counter': 0, 'max_boot_attempts': 3, 'pending_activation': False, 'health_verdict': 'not_run', 'rollback_performed': False, 'ab_update_valid': False, 'ab_rollback_ready': True, 'slot_storage_bytes': 40960, 'slot_storage_violation': False, 'activation_success': False, 'boot_health_success': False, 'rollback_after_failed_boot': False, 'rollback_success': False, 'reboot_count': 0, 'downtime_seconds': 0.0, 'slot_switch_count': 0}, 'recovered_metrics': {'install_state': 'complete', 'package_size_bytes': 75292, 'network_bytes': 75292, 'staging_area_bytes': 0, 'backup_area_bytes': 0, 'installed_image_bytes': 51200, 'current_persistent_storage_bytes': 51200, 'peak_persistent_storage_bytes': 51732, 'peak_ram_bytes': 9116, 'flash_write_bytes': 51200, 'download_time_s': 0.588219, 'install_time_s': 0.103993, 'total_time_s': 0.692212, 'checkpoint_count': 2, 'latest_checkpoint_operation': 10, 'rollback_ready': False, 'unsafe_overwrite_count': 10, 'budget_violation_count': 0, 'budget_violations': [], 'ab_enabled': True, 'active_slot': 'B', 'inactive_slot': 'A', 'active_version': '2c89afcb33f91f3a249c50a92cc652778c267a28f5cb05ac69605cb2f2ba7053', 'inactive_version': '53b13f0789ba85473f97c99d58ed0f4ef7c089cd0ac979a5cd3fe7e62fde6e3f', 'slot_capacity_bytes': 4194304, 'boot_attempt_counter': 1, 'max_boot_attempts': 3, 'pending_activation': False, 'health_verdict': 'pass', 'rollback_performed': False, 'ab_update_valid': True, 'ab_rollback_ready': True, 'slot_storage_bytes': 51200, 'slot_storage_violation': False, 'activation_success': True, 'boot_health_success': True, 'rollback_after_failed_boot': False, 'rollback_success': False, 'reboot_count': 1, 'downtime_seconds': 90.0, 'slot_switch_count': 1}, 'recovery_cost': {'discarded_operation_count': 0, 'replayed_operation_count': 3, 'network_bytes': 2630, 'flash_write_bytes': 10240}}",interrupt_075,1,0,True,0,0,3,0,1,False,"Synthetic fixture; no Autoware source code, no proprietary AV software, and no third-party model weights",16384,/tmp/smartota-clean-rerun-2942cbd-copy/datasets/manifests/smartota-automotive.json,1,9116,/home/arpan/OTA/.cursor-tutor/ota_environment/data/raw/automotive/autoware-style-perception/autoware-style-perception-new.tar,/home/arpan/OTA/.cursor-tutor/ota_environment/data/raw/automotive/autoware-style-perception/autoware-style-perception-new.tar,2c89afcb33f91f3a249c50a92cc652778c267a28f5cb05ac69605cb2f2ba7053,51200,/home/arpan/OTA/.cursor-tutor/ota_environment/data/raw/automotive/autoware-style-perception/autoware-style-perception-old.tar,/home/arpan/OTA/.cursor-tutor/ota_environment/data/raw/automotive/autoware-style-perception/autoware-style-perception-old.tar,53b13f0789ba85473f97c99d58ed0f4ef7c089cd0ac979a5cd3fe7e62fde6e3f,40960,,,6,,7,,autoware_style_perception_module_update,copy_delta,CPython,"3.12.7 | packaged by Anaconda, Inc. | (main, Oct  4 2024, 13:27:36) [GCC 11.2.0]",1,,True,True,0.0,False,False,0.016438,0.016438,autoware_style_perception_module_update,1,51200,False,1,Locally generated deterministic fixture inspired by Autoware-style module layout,13,0.01983,2026-07-17T15:45:42.120432+00:00,automotive,True
True,True,True,13,10,True,2c89afcb33f91f3a249c50a92cc652778c267a28f5cb05ac69605cb2f2ba7053,53b13f0789ba85473f97c99d58ed0f4ef7c089cd0ac979a5cd3fe7e62fde6e3f,autoware_module_tar,backup_safe_copy_delta,4096,4096,0,13,True,True,uncompressed,deterministic_tar_derivation,smartota-automotive,1.2.6,0.26.2,1.26.4,2.20.0,2.12.0,True,True,True,True,B,2c89afcb33f91f3a249c50a92cc652778c267a28f5cb05ac69605cb2f2ba7053,40960,1,True,0,,4,128000.0,5,True,1000000.0,always_pass,3,severe_edge_device,512000.0,131072,90.0,True,True,4194304,streaming,6291456,92160,0.591937,90.0,92160,pass,A,53b13f0789ba85473f97c99d58ed0f4ef7c089cd0ac979a5cd3fe7e62fde6e3f,complete,0.136365,51200,20,3,75768,75768,92692,9116,False,1,False,False,True,False,4194304,51200,False,1,0,0.728303,0,autoware_style_av_stack,90.0,0.028235,75768,23,2942cbde2fd344cccea23aabbe8d5bf168610c71,False,0.75,"{'interruption_percentage': 0.75, 'interrupted_after_operations': 18, 'operation_count': 23, 'checkpoint_available': True, 'checkpoint_operation_index': 15, 'resumed_from_checkpoint': True, 'recovery_strategy': 'checkpoint_resume', 'recovery_success': True, 'rollback_success': True, 'rollback_ready_at_interruption': True, 'final_replay_validity': True, 'replay_errors': '', 'recovery_errors': '', 'extra_network_bytes': 19618, 'extra_flash_writes': 12288, 'total_network_bytes': 95386, 'total_flash_write_bytes': 104448, 'interrupted_metrics': {'install_state': 'interrupted', 'package_size_bytes': 71334, 'network_bytes': 71334, 'staging_area_bytes': 0, 'backup_area_bytes': 36864, 'installed_image_bytes': 40960, 'current_persistent_storage_bytes': 77824, 'peak_persistent_storage_bytes': 87575, 'peak_ram_bytes': 8589, 'flash_write_bytes': 73728, 'download_time_s': 0.557297, 'install_time_s': 0.091066, 'total_time_s': 0.648363, 'checkpoint_count': 3, 'latest_checkpoint_operation': 15, 'rollback_ready': True, 'unsafe_overwrite_count': 0, 'budget_violation_count': 0, 'budget_violations': [], 'ab_enabled': True, 'active_slot': 'A', 'inactive_slot': 'B', 'active_version': '53b13f0789ba85473f97c99d58ed0f4ef7c089cd0ac979a5cd3fe7e62fde6e3f', 'inactive_version': '53b13f0789ba85473f97c99d58ed0f4ef7c089cd0ac979a5cd3fe7e62fde6e3f', 'slot_capacity_bytes': 4194304, 'boot_attempt_counter': 0, 'max_boot_attempts': 3, 'pending_activation': False, 'health_verdict': 'not_run', 'rollback_performed': False, 'ab_update_valid': False, 'ab_rollback_ready': True, 'slot_storage_bytes': 40960, 'slot_storage_violation': False, 'activation_success': False, 'boot_health_success': False, 'rollback_after_failed_boot': False, 'rollback_success': False, 'reboot_count': 0, 'downtime_seconds': 0.0, 'slot_switch_count': 0}, 'recovered_metrics': {'install_state': 'complete', 'package_size_bytes': 75768, 'network_bytes': 75768, 'staging_area_bytes': 0, 'backup_area_bytes': 40960, 'installed_image_bytes': 51200, 'current_persistent_storage_bytes': 92160, 'peak_persistent_storage_bytes': 92692, 'peak_ram_bytes': 9116, 'flash_write_bytes': 92160, 'download_time_s': 0.591937, 'install_time_s': 0.136365, 'total_time_s': 0.728303, 'checkpoint_count': 4, 'latest_checkpoint_operation': 20, 'rollback_ready': True, 'unsafe_overwrite_count': 0, 'budget_violation_count': 0, 'budget_violations': [], 'ab_enabled': True, 'active_slot': 'B', 'inactive_slot': 'A', 'active_version': '2c89afcb33f91f3a249c50a92cc652778c267a28f5cb05ac69605cb2f2ba7053', 'inactive_version': '53b13f0789ba85473f97c99d58ed0f4ef7c089cd0ac979a5cd3fe7e62fde6e3f', 'slot_capacity_bytes': 4194304, 'boot_attempt_counter': 1, 'max_boot_attempts': 3, 'pending_activation': False, 'health_verdict': 'pass', 'rollback_performed': False, 'ab_update_valid': True, 'ab_rollback_ready': True, 'slot_storage_bytes': 51200, 'slot_storage_violation': False, 'activation_success': True, 'boot_health_success': True, 'rollback_after_failed_boot': False, 'rollback_success': False, 'reboot_count': 1, 'downtime_seconds': 90.0, 'slot_switch_count': 1}, 'recovery_cost': {'discarded_operation_count': 3, 'replayed_operation_count': 8, 'network_bytes': 24052, 'flash_write_bytes': 30720}}",interrupt_075,1,0,True,12288,19618,8,1,1,False,"Synthetic fixture; no Autoware source code, no proprietary AV software, and no third-party model weights",16384,/tmp/smartota-clean-rerun-2942cbd-copy/datasets/manifests/smartota-automotive.json,1,9116,/home/arpan/OTA/.cursor-tutor/ota_environment/data/raw/automotive/autoware-style-perception/autoware-style-perception-new.tar,/home/arpan/OTA/.cursor-tutor/ota_environment/data/raw/automotive/autoware-style-perception/autoware-style-perception-new.tar,2c89afcb33f91f3a249c50a92cc652778c267a28f5cb05ac69605cb2f2ba7053,51200,/home/arpan/OTA/.cursor-tutor/ota_environment/data/raw/automotive/autoware-style-perception/autoware-style-perception-old.tar,/home/arpan/OTA/.cursor-tutor/ota_environment/data/raw/automotive/autoware-style-perception/autoware-style-perception-old.tar,53b13f0789ba85473f97c99d58ed0f4ef7c089cd0ac979a5cd3fe7e62fde6e3f,40960,10,1,5,,7,,autoware_style_perception_module_update,backup_safe_copy_delta,CPython,"3.12.7 | packaged by Anaconda, Inc. | (main, Oct  4 2024, 13:27:36) [GCC 11.2.0]",1,,True,True,0.0,False,False,0.028235,0.028235,autoware_style_perception_module_update,1,51200,False,1,Locally generated deterministic fixture inspired by Autoware-style module layout,23,0.03262,2026-07-17T15:45:42.120432+00:00,automotive,True
True,True,True,13,10,True,2c89afcb33f91f3a249c50a92cc652778c267a28f5cb05ac69605cb2f2ba7053,53b13f0789ba85473f97c99d58ed0f4ef7c089cd0ac979a5cd3fe7e62fde6e3f,autoware_module_tar,deployment_aware_greedy,4096,4096,0,13,True,True,uncompressed,deterministic_tar_derivation,smartota-automotive,1.2.6,0.26.2,1.26.4,2.20.0,2.12.0,True,True,True,True,B,2c89afcb33f91f3a249c50a92cc652778c267a28f5cb05ac69605cb2f2ba7053,40960,1,True,0,,4,128000.0,5,True,1000000.0,always_pass,3,severe_edge_device,512000.0,131072,90.0,True,True,4194304,streaming,6291456,92160,0.591937,90.0,92160,pass,A,53b13f0789ba85473f97c99d58ed0f4ef7c089cd0ac979a5cd3fe7e62fde6e3f,complete,0.136365,51200,20,3,75768,75768,92692,9116,False,1,False,False,True,False,4194304,51200,False,1,0,0.728303,0,autoware_style_av_stack,90.0,0.030793,75768,23,2942cbde2fd344cccea23aabbe8d5bf168610c71,False,0.75,"{'interruption_percentage': 0.75, 'interrupted_after_operations': 18, 'operation_count': 23, 'checkpoint_available': True, 'checkpoint_operation_index': 15, 'resumed_from_checkpoint': True, 'recovery_strategy': 'checkpoint_resume', 'recovery_success': True, 'rollback_success': True, 'rollback_ready_at_interruption': True, 'final_replay_validity': True, 'replay_errors': '', 'recovery_errors': '', 'extra_network_bytes': 19618, 'extra_flash_writes': 12288, 'total_network_bytes': 95386, 'total_flash_write_bytes': 104448, 'interrupted_metrics': {'install_state': 'interrupted', 'package_size_bytes': 71334, 'network_bytes': 71334, 'staging_area_bytes': 0, 'backup_area_bytes': 36864, 'installed_image_bytes': 40960, 'current_persistent_storage_bytes': 77824, 'peak_persistent_storage_bytes': 87575, 'peak_ram_bytes': 8589, 'flash_write_bytes': 73728, 'download_time_s': 0.557297, 'install_time_s': 0.091066, 'total_time_s': 0.648363, 'checkpoint_count': 3, 'latest_checkpoint_operation': 15, 'rollback_ready': True, 'unsafe_overwrite_count': 0, 'budget_violation_count': 0, 'budget_violations': [], 'ab_enabled': True, 'active_slot': 'A', 'inactive_slot': 'B', 'active_version': '53b13f0789ba85473f97c99d58ed0f4ef7c089cd0ac979a5cd3fe7e62fde6e3f', 'inactive_version': '53b13f0789ba85473f97c99d58ed0f4ef7c089cd0ac979a5cd3fe7e62fde6e3f', 'slot_capacity_bytes': 4194304, 'boot_attempt_counter': 0, 'max_boot_attempts': 3, 'pending_activation': False, 'health_verdict': 'not_run', 'rollback_performed': False, 'ab_update_valid': False, 'ab_rollback_ready': True, 'slot_storage_bytes': 40960, 'slot_storage_violation': False, 'activation_success': False, 'boot_health_success': False, 'rollback_after_failed_boot': False, 'rollback_success': False, 'reboot_count': 0, 'downtime_seconds': 0.0, 'slot_switch_count': 0}, 'recovered_metrics': {'install_state': 'complete', 'package_size_bytes': 75768, 'network_bytes': 75768, 'staging_area_bytes': 0, 'backup_area_bytes': 40960, 'installed_image_bytes': 51200, 'current_persistent_storage_bytes': 92160, 'peak_persistent_storage_bytes': 92692, 'peak_ram_bytes': 9116, 'flash_write_bytes': 92160, 'download_time_s': 0.591937, 'install_time_s': 0.136365, 'total_time_s': 0.728303, 'checkpoint_count': 4, 'latest_checkpoint_operation': 20, 'rollback_ready': True, 'unsafe_overwrite_count': 0, 'budget_violation_count': 0, 'budget_violations': [], 'ab_enabled': True, 'active_slot': 'B', 'inactive_slot': 'A', 'active_version': '2c89afcb33f91f3a249c50a92cc652778c267a28f5cb05ac69605cb2f2ba7053', 'inactive_version': '53b13f0789ba85473f97c99d58ed0f4ef7c089cd0ac979a5cd3fe7e62fde6e3f', 'slot_capacity_bytes': 4194304, 'boot_attempt_counter': 1, 'max_boot_attempts': 3, 'pending_activation': False, 'health_verdict': 'pass', 'rollback_performed': False, 'ab_update_valid': True, 'ab_rollback_ready': True, 'slot_storage_bytes': 51200, 'slot_storage_violation': False, 'activation_success': True, 'boot_health_success': True, 'rollback_after_failed_boot': False, 'rollback_success': False, 'reboot_count': 1, 'downtime_seconds': 90.0, 'slot_switch_count': 1}, 'recovery_cost': {'discarded_operation_count': 3, 'replayed_operation_count': 8, 'network_bytes': 24052, 'flash_write_bytes': 30720}}",interrupt_075,1,0,True,12288,19618,8,1,1,False,"Synthetic fixture; no Autoware source code, no proprietary AV software, and no third-party model weights",16384,/tmp/smartota-clean-rerun-2942cbd-copy/datasets/manifests/smartota-automotive.json,1,9116,/home/arpan/OTA/.cursor-tutor/ota_environment/data/raw/automotive/autoware-style-perception/autoware-style-perception-new.tar,/home/arpan/OTA/.cursor-tutor/ota_environment/data/raw/automotive/autoware-style-perception/autoware-style-perception-new.tar,2c89afcb33f91f3a249c50a92cc652778c267a28f5cb05ac69605cb2f2ba7053,51200,/home/arpan/OTA/.cursor-tutor/ota_environment/data/raw/automotive/autoware-style-perception/autoware-style-perception-old.tar,/home/arpan/OTA/.cursor-tutor/ota_environment/data/raw/automotive/autoware-style-perception/autoware-style-perception-old.tar,53b13f0789ba85473f97c99d58ed0f4ef7c089cd0ac979a5cd3fe7e62fde6e3f,40960,10,1,5,,7,,autoware_style_perception_module_update,deployment_aware_greedy,CPython,"3.12.7 | packaged by Anaconda, Inc. | (main, Oct  4 2024, 13:27:36) [GCC 11.2.0]",1,,True,True,0.0,False,False,0.030793,0.030793,autoware_style_perception_module_update,1,51200,False,1,Locally generated deterministic fixture inspired by Autoware-style module layout,23,0.034846,2026-07-17T15:45:42.120432+00:00,automotive,True
True,True,True,13,0,True,2c89afcb33f91f3a249c50a92cc652778c267a28f5cb05ac69605cb2f2ba7053,53b13f0789ba85473f97c99d58ed0f4ef7c089cd0ac979a5cd3fe7e62fde6e3f,autoware_module_tar,rsync_rolling_hash,4096,4096,0,13,True,True,uncompressed,deterministic_tar_derivation,smartota-automotive,1.2.6,0.26.2,1.26.4,2.20.0,2.12.0,True,True,True,True,B,2c89afcb33f91f3a249c50a92cc652778c267a28f5cb05ac69605cb2f2ba7053,0,1,True,0,,2,128000.0,5,True,1000000.0,always_pass,3,severe_edge_device,512000.0,131072,90.0,True,True,4194304,streaming,6291456,51200,0.953016,90.0,51200,pass,A,53b13f0789ba85473f97c99d58ed0f4ef7c089cd0ac979a5cd3fe7e62fde6e3f,complete,0.0512,51200,10,3,121986,121986,58904,4096,False,1,False,False,False,False,4194304,51200,False,1,0,1.004216,10,autoware_style_av_stack,90.0,0.011442,121986,13,2942cbde2fd344cccea23aabbe8d5bf168610c71,False,0.75,"{'interruption_percentage': 0.75, 'interrupted_after_operations': 10, 'operation_count': 13, 'checkpoint_available': True, 'checkpoint_operation_index': 10, 'resumed_from_checkpoint': True, 'recovery_strategy': 'checkpoint_resume', 'recovery_success': True, 'rollback_success': False, 'rollback_ready_at_interruption': False, 'final_replay_validity': True, 'replay_errors': '', 'recovery_errors': '', 'extra_network_bytes': 0, 'extra_flash_writes': 0, 'total_network_bytes': 121986, 'total_flash_write_bytes': 51200, 'interrupted_metrics': {'install_state': 'interrupted', 'package_size_bytes': 97510, 'network_bytes': 97510, 'staging_area_bytes': 0, 'backup_area_bytes': 0, 'installed_image_bytes': 40960, 'current_persistent_storage_bytes': 40960, 'peak_persistent_storage_bytes': 50711, 'peak_ram_bytes': 4096, 'flash_write_bytes': 40960, 'download_time_s': 0.761797, 'install_time_s': 0.04096, 'total_time_s': 0.802757, 'checkpoint_count': 2, 'latest_checkpoint_operation': 10, 'rollback_ready': False, 'unsafe_overwrite_count': 10, 'budget_violation_count': 0, 'budget_violations': [], 'ab_enabled': True, 'active_slot': 'A', 'inactive_slot': 'B', 'active_version': '53b13f0789ba85473f97c99d58ed0f4ef7c089cd0ac979a5cd3fe7e62fde6e3f', 'inactive_version': '53b13f0789ba85473f97c99d58ed0f4ef7c089cd0ac979a5cd3fe7e62fde6e3f', 'slot_capacity_bytes': 4194304, 'boot_attempt_counter': 0, 'max_boot_attempts': 3, 'pending_activation': False, 'health_verdict': 'not_run', 'rollback_performed': False, 'ab_update_valid': False, 'ab_rollback_ready': True, 'slot_storage_bytes': 40960, 'slot_storage_violation': False, 'activation_success': False, 'boot_health_success': False, 'rollback_after_failed_boot': False, 'rollback_success': False, 'reboot_count': 0, 'downtime_seconds': 0.0, 'slot_switch_count': 0}, 'recovered_metrics': {'install_state': 'complete', 'package_size_bytes': 121986, 'network_bytes': 121986, 'staging_area_bytes': 0, 'backup_area_bytes': 0, 'installed_image_bytes': 51200, 'current_persistent_storage_bytes': 51200, 'peak_persistent_storage_bytes': 58904, 'peak_ram_bytes': 4096, 'flash_write_bytes': 51200, 'download_time_s': 0.953016, 'install_time_s': 0.0512, 'total_time_s': 1.004216, 'checkpoint_count': 2, 'latest_checkpoint_operation': 10, 'rollback_ready': False, 'unsafe_overwrite_count': 10, 'budget_violation_count': 0, 'budget_violations': [], 'ab_enabled': True, 'active_slot': 'B', 'inactive_slot': 'A', 'active_version': '2c89afcb33f91f3a249c50a92cc652778c267a28f5cb05ac69605cb2f2ba7053', 'inactive_version': '53b13f0789ba85473f97c99d58ed0f4ef7c089cd0ac979a5cd3fe7e62fde6e3f', 'slot_capacity_bytes': 4194304, 'boot_attempt_counter': 1, 'max_boot_attempts': 3, 'pending_activation': False, 'health_verdict': 'pass', 'rollback_performed': False, 'ab_update_valid': True, 'ab_rollback_ready': True, 'slot_storage_bytes': 51200, 'slot_storage_violation': False, 'activation_success': True, 'boot_health_success': True, 'rollback_after_failed_boot': False, 'rollback_success': False, 'reboot_count': 1, 'downtime_seconds': 90.0, 'slot_switch_count': 1}, 'recovery_cost': {'discarded_operation_count': 0, 'replayed_operation_count': 3, 'network_bytes': 24476, 'flash_write_bytes': 10240}}",interrupt_075,1,0,True,0,0,3,0,1,False,"Synthetic fixture; no Autoware source code, no proprietary AV software, and no third-party model weights",16384,/tmp/smartota-clean-rerun-2942cbd-copy/datasets/manifests/smartota-automotive.json,1,4096,/home/arpan/OTA/.cursor-tutor/ota_environment/data/raw/automotive/autoware-style-perception/autoware-style-perception-new.tar,/home/arpan/OTA/.cursor-tutor/ota_environment/data/raw/automotive/autoware-style-perception/autoware-style-perception-new.tar,2c89afcb33f91f3a249c50a92cc652778c267a28f5cb05ac69605cb2f2ba7053,51200,/home/arpan/OTA/.cursor-tutor/ota_environment/data/raw/automotive/autoware-style-perception/autoware-style-perception-old.tar,/home/arpan/OTA/.cursor-tutor/ota_environment/data/raw/automotive/autoware-style-perception/autoware-style-perception-old.tar,53b13f0789ba85473f97c99d58ed0f4ef7c089cd0ac979a5cd3fe7e62fde6e3f,40960,,,,,13,,autoware_style_perception_module_update,rsync_rolling_hash,CPython,"3.12.7 | packaged by Anaconda, Inc. | (main, Oct  4 2024, 13:27:36) [GCC 11.2.0]",1,,True,True,0.0,False,False,0.011442,0.011442,autoware_style_perception_module_update,1,51200,False,1,Locally generated deterministic fixture inspired by Autoware-style module layout,13,0.013954,2026-07-17T15:45:42.120432+00:00,automotive,True
,,,2,0,,e669a57fb08d98364bfc4188a4259b2d14d83698302da7cd0dcc57f9bed99e1c,0e8b0687acf08d383867dafd22ba867fb3829e05656edef718005071fdffdca8,perception_container_tar,full_replacement,4096,4096,0,5,,True,uncompressed,deterministic_tar_derivation,smartota-container-layers,1.2.6,0.26.2,1.26.4,2.20.0,2.12.0,,,,,,,0,,,0,,0,100000000.0,,False,100000000.0,always_pass,1,unconstrained_default,50000000.0,268435456,0.0,False,True,,streaming,1073741824,20480,0.000481,,20480,,,,complete,0.000205,20480,0,,48083,48083,84843,20480,,,,,True,,,,,,0,0.000686,0,container_av_perception,,0.000364,48083,2,2942cbde2fd344cccea23aabbe8d5bf168610c71,False,0.25,"{'interruption_percentage': 0.25, 'interrupted_after_operations': 1, 'operation_count': 2, 'checkpoint_available': False, 'checkpoint_operation_index': 0, 'resumed_from_checkpoint': False, 'recovery_strategy': 'rollback_reinstall', 'recovery_success': True, 'rollback_success': True, 'rollback_ready_at_interruption': True, 'final_replay_validity': True, 'replay_errors': '', 'recovery_errors': '', 'extra_network_bytes': 47979, 'extra_flash_writes': 20480, 'total_network_bytes': 96062, 'total_flash_write_bytes': 40960, 'interrupted_metrics': {'install_state': 'interrupted', 'package_size_bytes': 47979, 'network_bytes': 47979, 'staging_area_bytes': 0, 'backup_area_bytes': 0, 'installed_image_bytes': 36864, 'current_persistent_storage_bytes': 36864, 'peak_persistent_storage_bytes': 84843, 'peak_ram_bytes': 20480, 'flash_write_bytes': 20480, 'download_time_s': 0.00048, 'install_time_s': 0.000205, 'total_time_s': 0.000685, 'checkpoint_count': 0, 'latest_checkpoint_operation': 0, 'rollback_ready': True, 'unsafe_overwrite_count': 0, 'budget_violation_count': 0, 'budget_violations': []}, 'recovered_metrics': {'install_state': 'complete', 'package_size_bytes': 96062, 'network_bytes': 96062, 'staging_area_bytes': 0, 'backup_area_bytes': 0, 'installed_image_bytes': 20480, 'current_persistent_storage_bytes': 20480, 'peak_persistent_storage_bytes': 84843, 'peak_ram_bytes': 20480, 'flash_write_bytes': 40960, 'download_time_s': 0.000961, 'install_time_s': 0.00041, 'total_time_s': 0.00137, 'checkpoint_count': 0, 'latest_checkpoint_operation': 0, 'rollback_ready': True, 'unsafe_overwrite_count': 0, 'budget_violation_count': 0, 'budget_violations': []}, 'recovery_cost': {'discarded_operation_count': 1, 'replayed_operation_count': 2, 'network_bytes': 48083, 'flash_write_bytes': 20480}}",interrupt_025,0,0,True,20480,47979,2,1,1,False,Synthetic fixture with no third-party model weights,16384,/home/arpan/OTA/.cursor-tutor/ota_environment/results/final_deterministic_benchmark_20260505/bounded_manifests/smartota-container-yolo-small-only.json,1,20480,/home/arpan/OTA/.cursor-tutor/ota_environment/data/raw/containers/yolo-perception/yolo-perception-layer-new.tar,/home/arpan/OTA/.cursor-tutor/ota_environment/data/raw/containers/yolo-perception/yolo-perception-layer-new.tar,e669a57fb08d98364bfc4188a4259b2d14d83698302da7cd0dcc57f9bed99e1c,20480,/home/arpan/OTA/.cursor-tutor/ota_environment/data/raw/containers/yolo-perception/yolo-perception-layer-old.tar,/home/arpan/OTA/.cursor-tutor/ota_environment/data/raw/containers/yolo-perception/yolo-perception-layer-old.tar,0e8b0687acf08d383867dafd22ba867fb3829e05656edef718005071fdffdca8,20480,,,,,1,1,container_yolo_perception_update,full_replacement,CPython,"3.12.7 | packaged by Anaconda, Inc. | (main, Oct  4 2024, 13:27:36) [GCC 11.2.0]",,,True,True,0.0,,,0.000364,0.000364,containerized_yolo_perception_update,1,,,,Locally generated deterministic SmartOTA-Bench YOLO-style perception container fixture,2,0.001547,2026-07-17T15:45:42.120432+00:00,containers,True
,,,2,0,,e669a57fb08d98364bfc4188a4259b2d14d83698302da7cd0dcc57f9bed99e1c,0e8b0687acf08d383867dafd22ba867fb3829e05656edef718005071fdffdca8,perception_container_tar,whole_file_bsdiff,4096,4096,0,5,,True,uncompressed,deterministic_tar_derivation,smartota-container-layers,1.2.6,0.26.2,1.26.4,2.20.0,2.12.0,,,,,,,0,,,0,,0,100000000.0,,False,100000000.0,always_pass,1,unconstrained_default,50000000.0,268435456,0.0,False,True,,streaming,1073741824,20480,0.000241,,20480,,,,complete,0.000818,20480,0,,24079,24079,60839,51133,,,,,True,,,,,,0,0.001059,0,container_av_perception,,0.00504,24079,2,2942cbde2fd344cccea23aabbe8d5bf168610c71,False,0.25,"{'interruption_percentage': 0.25, 'interrupted_after_operations': 1, 'operation_count': 2, 'checkpoint_available': False, 'checkpoint_operation_index': 0, 'resumed_from_checkpoint': False, 'recovery_strategy': 'rollback_reinstall', 'recovery_success': True, 'rollback_success': True, 'rollback_ready_at_interruption': True, 'final_replay_validity': True, 'replay_errors': '', 'recovery_errors': '', 'extra_network_bytes': 23975, 'extra_flash_writes': 20480, 'total_network_bytes': 48054, 'total_flash_write_bytes': 40960, 'interrupted_metrics': {'install_state': 'interrupted', 'package_size_bytes': 23975, 'network_bytes': 23975, 'staging_area_bytes': 0, 'backup_area_bytes': 0, 'installed_image_bytes': 36864, 'current_persistent_storage_bytes': 36864, 'peak_persistent_storage_bytes': 60839, 'peak_ram_bytes': 51133, 'flash_write_bytes': 20480, 'download_time_s': 0.00024, 'install_time_s': 0.000818, 'total_time_s': 0.001058, 'checkpoint_count': 0, 'latest_checkpoint_operation': 0, 'rollback_ready': True, 'unsafe_overwrite_count': 0, 'budget_violation_count': 0, 'budget_violations': []}, 'recovered_metrics': {'install_state': 'complete', 'package_size_bytes': 48054, 'network_bytes': 48054, 'staging_area_bytes': 0, 'backup_area_bytes': 0, 'installed_image_bytes': 20480, 'current_persistent_storage_bytes': 20480, 'peak_persistent_storage_bytes': 60839, 'peak_ram_bytes': 51133, 'flash_write_bytes': 40960, 'download_time_s': 0.000481, 'install_time_s': 0.001636, 'total_time_s': 0.002116, 'checkpoint_count': 0, 'latest_checkpoint_operation': 0, 'rollback_ready': True, 'unsafe_overwrite_count': 0, 'budget_violation_count': 0, 'budget_violations': []}, 'recovery_cost': {'discarded_operation_count': 1, 'replayed_operation_count': 2, 'network_bytes': 24079, 'flash_write_bytes': 20480}}",interrupt_025,0,0,True,20480,23975,2,1,1,False,Synthetic fixture with no third-party model weights,16384,/home/arpan/OTA/.cursor-tutor/ota_environment/results/final_deterministic_benchmark_20260505/bounded_manifests/smartota-container-yolo-small-only.json,1,51133,/home/arpan/OTA/.cursor-tutor/ota_environment/data/raw/containers/yolo-perception/yolo-perception-layer-new.tar,/home/arpan/OTA/.cursor-tutor/ota_environment/data/raw/containers/yolo-perception/yolo-perception-layer-new.tar,e669a57fb08d98364bfc4188a4259b2d14d83698302da7cd0dcc57f9bed99e1c,20480,/home/arpan/OTA/.cursor-tutor/ota_environment/data/raw/containers/yolo-perception/yolo-perception-layer-old.tar,/home/arpan/OTA/.cursor-tutor/ota_environment/data/raw/containers/yolo-perception/yolo-perception-layer-old.tar,0e8b0687acf08d383867dafd22ba867fb3829e05656edef718005071fdffdca8,20480,,,1,,,1,container_yolo_perception_update,whole_file_bsdiff,CPython,"3.12.7 | packaged by Anaconda, Inc. | (main, Oct  4 2024, 13:27:36) [GCC 11.2.0]",,,True,True,0.0,,,0.00504,0.00504,containerized_yolo_perception_update,1,,,,Locally generated deterministic SmartOTA-Bench YOLO-style perception container fixture,2,0.008166,2026-07-17T15:45:42.120432+00:00,containers,True
,,,5,0,,e669a57fb08d98364bfc4188a4259b2d14d83698302da7cd0dcc57f9bed99e1c,0e8b0687acf08d383867dafd22ba867fb3829e05656edef718005071fdffdca8,perception_container_tar,blockwise_bsdiff,4096,4096,0,5,,True,uncompressed,deterministic_tar_derivation,smartota-container-layers,1.2.6,0.26.2,1.26.4,2.20.0,2.12.0,,,,,,,0,,,0,,0,100000000.0,,False,100000000.0,always_pass,1,unconstrained_default,50000000.0,268435456,0.0,False,True,,streaming,1073741824,20480,0.000278,,16384,,,,complete,0.000721,20480,0,,27841,27841,31559,12847,,,,,True,,,,,,0,0.001,0,container_av_perception,,0.005647,27841,5,2942cbde2fd344cccea23aabbe8d5bf168610c71,False,0.25,"{'interruption_percentage': 0.25, 'interrupted_after_operations': 2, 'operation_count': 5, 'checkpoint_available': False, 'checkpoint_operation_index': 0, 'resumed_from_checkpoint': False, 'recovery_strategy': 'rollback_reinstall', 'recovery_success': True, 'rollback_success': True, 'rollback_ready_at_interruption': True, 'final_replay_validity': True, 'replay_errors': '', 'recovery_errors': '', 'extra_network_bytes': 8998, 'extra_flash_writes': 8192, 'total_network_bytes': 36839, 'total_flash_write_bytes': 24576, 'interrupted_metrics': {'install_state': 'interrupted', 'package_size_bytes': 8998, 'network_bytes': 8998, 'staging_area_bytes': 0, 'backup_area_bytes': 0, 'installed_image_bytes': 20480, 'current_persistent_storage_bytes': 20480, 'peak_persistent_storage_bytes': 28515, 'peak_ram_bytes': 11543, 'flash_write_bytes': 8192, 'download_time_s': 9e-05, 'install_time_s': 0.000319, 'total_time_s': 0.000409, 'checkpoint_count': 0, 'latest_checkpoint_operation': 0, 'rollback_ready': True, 'unsafe_overwrite_count': 0, 'budget_violation_count': 0, 'budget_violations': []}, 'recovered_metrics': {'install_state': 'complete', 'package_size_bytes': 36839, 'network_bytes': 36839, 'staging_area_bytes': 0, 'backup_area_bytes': 0, 'installed_image_bytes': 20480, 'current_persistent_storage_bytes': 20480, 'peak_persistent_storage_bytes': 31559, 'peak_ram_bytes': 12847, 'flash_write_bytes': 24576, 'download_time_s': 0.000368, 'install_time_s': 0.00104, 'total_time_s': 0.001409, 'checkpoint_count': 0, 'latest_checkpoint_operation': 0, 'rollback_ready': True, 'unsafe_overwrite_count': 0, 'budget_violation_count': 0, 'budget_violations': []}, 'recovery_cost': {'discarded_operation_count': 2, 'replayed_operation_count': 5, 'network_bytes': 27841, 'flash_write_bytes': 16384}}",interrupt_025,0,0,True,8192,8998,5,1,1,False,Synthetic fixture with no third-party model weights,16384,/home/arpan/OTA/.cursor-tutor/ota_environment/results/final_deterministic_benchmark_20260505/bounded_manifests/smartota-container-yolo-small-only.json,1,12847,/home/arpan/OTA/.cursor-tutor/ota_environment/data/raw/containers/yolo-perception/yolo-perception-layer-new.tar,/home/arpan/OTA/.cursor-tutor/ota_environment/data/raw/containers/yolo-perception/yolo-perception-layer-new.tar,e669a57fb08d98364bfc4188a4259b2d14d83698302da7cd0dcc57f9bed99e1c,20480,/home/arpan/OTA/.cursor-tutor/ota_environment/data/raw/containers/yolo-perception/yolo-perception-layer-old.tar,/home/arpan/OTA/.cursor-tutor/ota_environment/data/raw/containers/yolo-perception/yolo-perception-layer-old.tar,0e8b0687acf08d383867dafd22ba867fb3829e05656edef718005071fdffdca8,20480,,,4,1,,,container_yolo_perception_update,blockwise_bsdiff,CPython,"3.12.7 | packaged by Anaconda, Inc. | (main, Oct  4 2024, 13:27:36) [GCC 11.2.0]",,,True,True,0.0,,,0.005647,0.005647,containerized_yolo_perception_update,1,,,,Locally generated deterministic SmartOTA-Bench YOLO-style perception container fixture,5,0.008854,2026-07-17T15:45:42.120432+00:00,containers,True
,,,5,0,,e669a57fb08d98364bfc4188a4259b2d14d83698302da7cd0dcc57f9bed99e1c,0e8b0687acf08d383867dafd22ba867fb3829e05656edef718005071fdffdca8,perception_container_tar,copy_only,4096,4096,0,5,,True,uncompressed,deterministic_tar_derivation,smartota-container-layers,1.2.6,0.26.2,1.26.4,2.20.0,2.12.0,,,,,,,0,,,0,,0,100000000.0,,False,100000000.0,always_pass,1,unconstrained_default,50000000.0,268435456,0.0,False,True,,streaming,1073741824,20480,0.000392,,16384,,,,complete,0.000164,20480,0,,39175,39175,30231,4096,,,,,True,,,,,,0,0.000556,0,container_av_perception,,0.00045,39175,5,2942cbde2fd344cccea23aabbe8d5bf168610c71,False,0.25,"{'interruption_percentage': 0.25, 'interrupted_after_operations': 2, 'operation_count': 5, 'checkpoint_available': False, 'checkpoint_operation_index': 0, 'resumed_from_checkpoint': False, 'recovery_strategy': 'rollback_reinstall', 'recovery_success': True, 'rollback_success': True, 'rollback_ready_at_interruption': True, 'final_replay_validity': True, 'replay_errors': '', 'recovery_errors': '', 'extra_network_bytes': 19502, 'extra_flash_writes': 8192, 'total_network_bytes': 58677, 'total_flash_write_bytes': 24576, 'interrupted_metrics': {'install_state': 'interrupted', 'package_size_bytes': 19502, 'network_bytes': 19502, 'staging_area_bytes': 0, 'backup_area_bytes': 0, 'installed_image_bytes': 20480, 'current_persistent_storage_bytes': 20480, 'peak_persistent_storage_bytes': 30231, 'peak_ram_bytes': 4096, 'flash_write_bytes': 8192, 'download_time_s': 0.000195, 'install_time_s': 8.2e-05, 'total_time_s': 0.000277, 'checkpoint_count': 0, 'latest_checkpoint_operation': 0, 'rollback_ready': True, 'unsafe_overwrite_count': 0, 'budget_violation_count': 0, 'budget_violations': []}, 'recovered_metrics': {'install_state': 'complete', 'package_size_bytes': 58677, 'network_bytes': 58677, 'staging_area_bytes': 0, 'backup_area_bytes': 0, 'installed_image_bytes': 20480, 'current_persistent_storage_bytes': 20480, 'peak_persistent_storage_bytes': 30231, 'peak_ram_bytes': 4096, 'flash_write_bytes': 24576, 'download_time_s': 0.000587, 'install_time_s': 0.000246, 'total_time_s': 0.000833, 'checkpoint_count': 0, 'latest_checkpoint_operation': 0, 'rollback_ready': True, 'unsafe_overwrite_count': 0, 'budget_violation_count': 0, 'budget_violations': []}, 'recovery_cost': {'discarded_operation_count': 2, 'replayed_operation_count': 5, 'network_bytes': 39175, 'flash_write_bytes': 16384}}",interrupt_025,0,0,True,8192,19502,5,1,1,False,Synthetic fixture with no third-party model weights,16384,/home/arpan/OTA/.cursor-tutor/ota_environment/results/final_deterministic_benchmark_20260505/bounded_manifests/smartota-container-yolo-small-only.json,1,4096,/home/arpan/OTA/.cursor-tutor/ota_environment/data/raw/containers/yolo-perception/yolo-perception-layer-new.tar,/home/arpan/OTA/.cursor-tutor/ota_environment/data/raw/containers/yolo-perception/yolo-perception-layer-new.tar,e669a57fb08d98364bfc4188a4259b2d14d83698302da7cd0dcc57f9bed99e1c,20480,/home/arpan/OTA/.cursor-tutor/ota_environment/data/raw/containers/yolo-perception/yolo-perception-layer-old.tar,/home/arpan/OTA/.cursor-tutor/ota_environment/data/raw/containers/yolo-perception/yolo-perception-layer-old.tar,0e8b0687acf08d383867dafd22ba867fb3829e05656edef718005071fdffdca8,20480,,,,1,4,,container_yolo_perception_update,copy_only,CPython,"3.12.7 | packaged by Anaconda, Inc. | (main, Oct  4 2024, 13:27:36) [GCC 11.2.0]",,,True,True,0.0,,,0.00045,0.00045,containerized_yolo_perception_update,1,,,,Locally generated deterministic SmartOTA-Bench YOLO-style perception container fixture,5,0.001611,2026-07-17T15:45:42.120432+00:00,containers,True
,,,5,0,,e669a57fb08d98364bfc4188a4259b2d14d83698302da7cd0dcc57f9bed99e1c,0e8b0687acf08d383867dafd22ba867fb3829e05656edef718005071fdffdca8,perception_container_tar,copy_delta,4096,4096,0,5,,True,uncompressed,deterministic_tar_derivation,smartota-container-layers,1.2.6,0.26.2,1.26.4,2.20.0,2.12.0,,,,,,,0,,,0,,0,100000000.0,,False,100000000.0,always_pass,1,unconstrained_default,50000000.0,268435456,0.0,False,True,,streaming,1073741824,20480,0.000265,,16384,,,,complete,0.000546,20480,0,,26513,26513,30231,11543,,,,,True,,,,,,0,0.000811,0,container_av_perception,,0.005316,26513,5,2942cbde2fd344cccea23aabbe8d5bf168610c71,False,0.25,"{'interruption_percentage': 0.25, 'interrupted_after_operations': 2, 'operation_count': 5, 'checkpoint_available': False, 'checkpoint_operation_index': 0, 'resumed_from_checkpoint': False, 'recovery_strategy': 'rollback_reinstall', 'recovery_success': True, 'rollback_success': True, 'rollback_ready_at_interruption': True, 'final_replay_validity': True, 'replay_errors': '', 'recovery_errors': '', 'extra_network_bytes': 8998, 'extra_flash_writes': 8192, 'total_network_bytes': 35511, 'total_flash_write_bytes': 24576, 'interrupted_metrics': {'install_state': 'interrupted', 'package_size_bytes': 8998, 'network_bytes': 8998, 'staging_area_bytes': 0, 'backup_area_bytes': 0, 'installed_image_bytes': 20480, 'current_persistent_storage_bytes': 20480, 'peak_persistent_storage_bytes': 28515, 'peak_ram_bytes': 11543, 'flash_write_bytes': 8192, 'download_time_s': 9e-05, 'install_time_s': 0.000319, 'total_time_s': 0.000409, 'checkpoint_count': 0, 'latest_checkpoint_operation': 0, 'rollback_ready': True, 'unsafe_overwrite_count': 0, 'budget_violation_count': 0, 'budget_violations': []}, 'recovered_metrics': {'install_state': 'complete', 'package_size_bytes': 35511, 'network_bytes': 35511, 'staging_area_bytes': 0, 'backup_area_bytes': 0, 'installed_image_bytes': 20480, 'current_persistent_storage_bytes': 20480, 'peak_persistent_storage_bytes': 30231, 'peak_ram_bytes': 11543, 'flash_write_bytes': 24576, 'download_time_s': 0.000355, 'install_time_s': 0.000865, 'total_time_s': 0.00122, 'checkpoint_count': 0, 'latest_checkpoint_operation': 0, 'rollback_ready': True, 'unsafe_overwrite_count': 0, 'budget_violation_count': 0, 'budget_violations': []}, 'recovery_cost': {'discarded_operation_count': 2, 'replayed_operation_count': 5, 'network_bytes': 26513, 'flash_write_bytes': 16384}}",interrupt_025,0,0,True,8192,8998,5,1,1,False,Synthetic fixture with no third-party model weights,16384,/home/arpan/OTA/.cursor-tutor/ota_environment/results/final_deterministic_benchmark_20260505/bounded_manifests/smartota-container-yolo-small-only.json,1,11543,/home/arpan/OTA/.cursor-tutor/ota_environment/data/raw/containers/yolo-perception/yolo-perception-layer-new.tar,/home/arpan/OTA/.cursor-tutor/ota_environment/data/raw/containers/yolo-perception/yolo-perception-layer-new.tar,e669a57fb08d98364bfc4188a4259b2d14d83698302da7cd0dcc57f9bed99e1c,20480,/home/arpan/OTA/.cursor-tutor/ota_environment/data/raw/containers/yolo-perception/yolo-perception-layer-old.tar,/home/arpan/OTA/.cursor-tutor/ota_environment/data/raw/containers/yolo-perception/yolo-perception-layer-old.tar,0e8b0687acf08d383867dafd22ba867fb3829e05656edef718005071fdffdca8,20480,,,3,1,1,,container_yolo_perception_update,copy_delta,CPython,"3.12.7 | packaged by Anaconda, Inc. | (main, Oct  4 2024, 13:27:36) [GCC 11.2.0]",,,True,True,0.0,,,0.005316,0.005316,containerized_yolo_perception_update,1,,,,Locally generated deterministic SmartOTA-Bench YOLO-style perception container fixture,5,0.007857,2026-07-17T15:45:42.120432+00:00,containers,True
,,,5,4,,e669a57fb08d98364bfc4188a4259b2d14d83698302da7cd0dcc57f9bed99e1c,0e8b0687acf08d383867dafd22ba867fb3829e05656edef718005071fdffdca8,perception_container_tar,backup_safe_copy_delta,4096,4096,0,5,,True,uncompressed,deterministic_tar_derivation,smartota-container-layers,1.2.6,0.26.2,1.26.4,2.20.0,2.12.0,,,,,,,16384,,,0,,0,100000000.0,,False,100000000.0,always_pass,1,unconstrained_default,50000000.0,268435456,0.0,False,True,,streaming,1073741824,36864,0.00027,,32768,,,,complete,0.00071,20480,0,,26977,26977,44457,11543,,,,,True,,,,,,0,0.00098,0,container_av_perception,,0.009882,26977,9,2942cbde2fd344cccea23aabbe8d5bf168610c71,False,0.25,"{'interruption_percentage': 0.25, 'interrupted_after_operations': 3, 'operation_count': 9, 'checkpoint_available': False, 'checkpoint_operation_index': 0, 'resumed_from_checkpoint': False, 'recovery_strategy': 'rollback_reinstall', 'recovery_success': True, 'rollback_success': True, 'rollback_ready_at_interruption': True, 'final_replay_validity': True, 'replay_errors': '', 'recovery_errors': '', 'extra_network_bytes': 1195, 'extra_flash_writes': 12288, 'total_network_bytes': 28172, 'total_flash_write_bytes': 45056, 'interrupted_metrics': {'install_state': 'interrupted', 'package_size_bytes': 1195, 'network_bytes': 1195, 'staging_area_bytes': 0, 'backup_area_bytes': 8192, 'installed_image_bytes': 20480, 'current_persistent_storage_bytes': 28672, 'peak_persistent_storage_bytes': 28672, 'peak_ram_bytes': 8511, 'flash_write_bytes': 12288, 'download_time_s': 1.2e-05, 'install_time_s': 0.000211, 'total_time_s': 0.000223, 'checkpoint_count': 0, 'latest_checkpoint_operation': 0, 'rollback_ready': True, 'unsafe_overwrite_count': 0, 'budget_violation_count': 0, 'budget_violations': []}, 'recovered_metrics': {'install_state': 'complete', 'package_size_bytes': 28172, 'network_bytes': 28172, 'staging_area_bytes': 0, 'backup_area_bytes': 16384, 'installed_image_bytes': 20480, 'current_persistent_storage_bytes': 36864, 'peak_persistent_storage_bytes': 44457, 'peak_ram_bytes': 11543, 'flash_write_bytes': 45056, 'download_time_s': 0.000282, 'install_time_s': 0.000921, 'total_time_s': 0.001203, 'checkpoint_count': 0, 'latest_checkpoint_operation': 0, 'rollback_ready': True, 'unsafe_overwrite_count': 0, 'budget_violation_count': 0, 'budget_violations': []}, 'recovery_cost': {'discarded_operation_count': 3, 'replayed_operation_count': 9, 'network_bytes': 26977, 'flash_write_bytes': 32768}}",interrupt_025,0,0,True,12288,1195,9,1,1,False,Synthetic fixture with no third-party model weights,16384,/home/arpan/OTA/.cursor-tutor/ota_environment/results/final_deterministic_benchmark_20260505/bounded_manifests/smartota-container-yolo-small-only.json,1,11543,/home/arpan/OTA/.cursor-tutor/ota_environment/data/raw/containers/yolo-perception/yolo-perception-layer-new.tar,/home/arpan/OTA/.cursor-tutor/ota_environment/data/raw/containers/yolo-perception/yolo-perception-layer-new.tar,e669a57fb08d98364bfc4188a4259b2d14d83698302da7cd0dcc57f9bed99e1c,20480,/home/arpan/OTA/.cursor-tutor/ota_environment/data/raw/containers/yolo-perception/yolo-perception-layer-old.tar,/home/arpan/OTA/.cursor-tutor/ota_environment/data/raw/containers/yolo-perception/yolo-perception-layer-old.tar,0e8b0687acf08d383867dafd22ba867fb3829e05656edef718005071fdffdca8,20480,4,,3,1,1,,container_yolo_perception_update,backup_safe_copy_delta,CPython,"3.12.7 | packaged by Anaconda, Inc. | (main, Oct  4 2024, 13:27:36) [GCC 11.2.0]",,,True,True,0.0,,,0.009882,0.009882,containerized_yolo_perception_update,1,,,,Locally generated deterministic SmartOTA-Bench YOLO-style perception container fixture,9,0.012297,2026-07-17T15:45:42.120432+00:00,containers,True
,,,5,0,,e669a57fb08d98364bfc4188a4259b2d14d83698302da7cd0dcc57f9bed99e1c,0e8b0687acf08d383867dafd22ba867fb3829e05656edef718005071fdffdca8,perception_container_tar,deployment_aware_greedy,4096,4096,0,5,,True,uncompressed,deterministic_tar_derivation,smartota-container-layers,1.2.6,0.26.2,1.26.4,2.20.0,2.12.0,,,,,,,0,,,0,,0,100000000.0,,False,100000000.0,always_pass,1,unconstrained_default,50000000.0,268435456,0.0,False,True,,streaming,1073741824,20480,0.000265,,16384,,,,complete,0.000546,20480,0,,26513,26513,30231,11543,,,,,True,,,,,,0,0.000811,0,container_av_perception,,0.007718,26513,5,2942cbde2fd344cccea23aabbe8d5bf168610c71,False,0.25,"{'interruption_percentage': 0.25, 'interrupted_after_operations': 2, 'operation_count': 5, 'checkpoint_available': False, 'checkpoint_operation_index': 0, 'resumed_from_checkpoint': False, 'recovery_strategy': 'rollback_reinstall', 'recovery_success': True, 'rollback_success': True, 'rollback_ready_at_interruption': True, 'final_replay_validity': True, 'replay_errors': '', 'recovery_errors': '', 'extra_network_bytes': 8998, 'extra_flash_writes': 8192, 'total_network_bytes': 35511, 'total_flash_write_bytes': 24576, 'interrupted_metrics': {'install_state': 'interrupted', 'package_size_bytes': 8998, 'network_bytes': 8998, 'staging_area_bytes': 0, 'backup_area_bytes': 0, 'installed_image_bytes': 20480, 'current_persistent_storage_bytes': 20480, 'peak_persistent_storage_bytes': 28515, 'peak_ram_bytes': 11543, 'flash_write_bytes': 8192, 'download_time_s': 9e-05, 'install_time_s': 0.000319, 'total_time_s': 0.000409, 'checkpoint_count': 0, 'latest_checkpoint_operation': 0, 'rollback_ready': True, 'unsafe_overwrite_count': 0, 'budget_violation_count': 0, 'budget_violations': []}, 'recovered_metrics': {'install_state': 'complete', 'package_size_bytes': 35511, 'network_bytes': 35511, 'staging_area_bytes': 0, 'backup_area_bytes': 0, 'installed_image_bytes': 20480, 'current_persistent_storage_bytes': 20480, 'peak_persistent_storage_bytes': 30231, 'peak_ram_bytes': 11543, 'flash_write_bytes': 24576, 'download_time_s': 0.000355, 'install_time_s': 0.000865, 'total_time_s': 0.00122, 'checkpoint_count': 0, 'latest_checkpoint_operation': 0, 'rollback_ready': True, 'unsafe_overwrite_count': 0, 'budget_violation_count': 0, 'budget_violations': []}, 'recovery_cost': {'discarded_operation_count': 2, 'replayed_operation_count': 5, 'network_bytes': 26513, 'flash_write_bytes': 16384}}",interrupt_025,0,0,True,8192,8998,5,1,1,False,Synthetic fixture with no third-party model weights,16384,/home/arpan/OTA/.cursor-tutor/ota_environment/results/final_deterministic_benchmark_20260505/bounded_manifests/smartota-container-yolo-small-only.json,1,11543,/home/arpan/OTA/.cursor-tutor/ota_environment/data/raw/containers/yolo-perception/yolo-perception-layer-new.tar,/home/arpan/OTA/.cursor-tutor/ota_environment/data/raw/containers/yolo-perception/yolo-perception-layer-new.tar,e669a57fb08d98364bfc4188a4259b2d14d83698302da7cd0dcc57f9bed99e1c,20480,/home/arpan/OTA/.cursor-tutor/ota_environment/data/raw/containers/yolo-perception/yolo-perception-layer-old.tar,/home/arpan/OTA/.cursor-tutor/ota_environment/data/raw/containers/yolo-perception/yolo-perception-layer-old.tar,0e8b0687acf08d383867dafd22ba867fb3829e05656edef718005071fdffdca8,20480,,,3,1,1,,container_yolo_perception_update,deployment_aware_greedy,CPython,"3.12.7 | packaged by Anaconda, Inc. | (main, Oct  4 2024, 13:27:36) [GCC 11.2.0]",,,True,True,0.0,,,0.007718,0.007718,containerized_yolo_perception_update,1,,,,Locally generated deterministic SmartOTA-Bench YOLO-style perception container fixture,5,0.010347,2026-07-17T15:45:42.120432+00:00,containers,True
,,,5,0,,e669a57fb08d98364bfc4188a4259b2d14d83698302da7cd0dcc57f9bed99e1c,0e8b0687acf08d383867dafd22ba867fb3829e05656edef718005071fdffdca8,perception_container_tar,rsync_rolling_hash,4096,4096,0,5,,True,uncompressed,deterministic_tar_derivation,smartota-container-layers,1.2.6,0.26.2,1.26.4,2.20.0,2.12.0,,,,,,,0,,,0,,0,100000000.0,,False,100000000.0,always_pass,1,unconstrained_default,50000000.0,268435456,0.0,False,True,,streaming,1073741824,20480,0.000392,,16384,,,,complete,0.000164,20480,0,,39175,39175,30231,4096,,,,,True,,,,,,0,0.000556,0,container_av_perception,,0.004752,39175,5,2942cbde2fd344cccea23aabbe8d5bf168610c71,False,0.25,"{'interruption_percentage': 0.25, 'interrupted_after_operations': 2, 'operation_count': 5, 'checkpoint_available': False, 'checkpoint_operation_index': 0, 'resumed_from_checkpoint': False, 'recovery_strategy': 'rollback_reinstall', 'recovery_success': True, 'rollback_success': True, 'rollback_ready_at_interruption': True, 'final_replay_validity': True, 'replay_errors': '', 'recovery_errors': '', 'extra_network_bytes': 19502, 'extra_flash_writes': 8192, 'total_network_bytes': 58677, 'total_flash_write_bytes': 24576, 'interrupted_metrics': {'install_state': 'interrupted', 'package_size_bytes': 19502, 'network_bytes': 19502, 'staging_area_bytes': 0, 'backup_area_bytes': 0, 'installed_image_bytes': 20480, 'current_persistent_storage_bytes': 20480, 'peak_persistent_storage_bytes': 30231, 'peak_ram_bytes': 4096, 'flash_write_bytes': 8192, 'download_time_s': 0.000195, 'install_time_s': 8.2e-05, 'total_time_s': 0.000277, 'checkpoint_count': 0, 'latest_checkpoint_operation': 0, 'rollback_ready': True, 'unsafe_overwrite_count': 0, 'budget_violation_count': 0, 'budget_violations': []}, 'recovered_metrics': {'install_state': 'complete', 'package_size_bytes': 58677, 'network_bytes': 58677, 'staging_area_bytes': 0, 'backup_area_bytes': 0, 'installed_image_bytes': 20480, 'current_persistent_storage_bytes': 20480, 'peak_persistent_storage_bytes': 30231, 'peak_ram_bytes': 4096, 'flash_write_bytes': 24576, 'download_time_s': 0.000587, 'install_time_s': 0.000246, 'total_time_s': 0.000833, 'checkpoint_count': 0, 'latest_checkpoint_operation': 0, 'rollback_ready': True, 'unsafe_overwrite_count': 0, 'budget_violation_count': 0, 'budget_violations': []}, 'recovery_cost': {'discarded_operation_count': 2, 'replayed_operation_count': 5, 'network_bytes': 39175, 'flash_write_bytes': 16384}}",interrupt_025,0,0,True,8192,19502,5,1,1,False,Synthetic fixture with no third-party model weights,16384,/home/arpan/OTA/.cursor-tutor/ota_environment/results/final_deterministic_benchmark_20260505/bounded_manifests/smartota-container-yolo-small-only.json,1,4096,/home/arpan/OTA/.cursor-tutor/ota_environment/data/raw/containers/yolo-perception/yolo-perception-layer-new.tar,/home/arpan/OTA/.cursor-tutor/ota_environment/data/raw/containers/yolo-perception/yolo-perception-layer-new.tar,e669a57fb08d98364bfc4188a4259b2d14d83698302da7cd0dcc57f9bed99e1c,20480,/home/arpan/OTA/.cursor-tutor/ota_environment/data/raw/containers/yolo-perception/yolo-perception-layer-old.tar,/home/arpan/OTA/.cursor-tutor/ota_environment/data/raw/containers/yolo-perception/yolo-perception-layer-old.tar,0e8b0687acf08d383867dafd22ba867fb3829e05656edef718005071fdffdca8,20480,,,,1,4,,container_yolo_perception_update,rsync_rolling_hash,CPython,"3.12.7 | packaged by Anaconda, Inc. | (main, Oct  4 2024, 13:27:36) [GCC 11.2.0]",,,True,True,0.0,,,0.004752,0.004752,containerized_yolo_perception_update,1,,,,Locally generated deterministic SmartOTA-Bench YOLO-style perception container fixture,5,0.005845,2026-07-17T15:45:42.120432+00:00,containers,True
,,,2,0,,e669a57fb08d98364bfc4188a4259b2d14d83698302da7cd0dcc57f9bed99e1c,0e8b0687acf08d383867dafd22ba867fb3829e05656edef718005071fdffdca8,perception_container_tar,full_replacement,4096,4096,0,5,,True,uncompressed,deterministic_tar_derivation,smartota-container-layers,1.2.6,0.26.2,1.26.4,2.20.0,2.12.0,,,,,,,0,,,0,,0,100000000.0,,False,100000000.0,always_pass,1,unconstrained_default,50000000.0,268435456,0.0,False,True,,streaming,1073741824,20480,0.000481,,20480,,,,complete,0.000205,20480,0,,48083,48083,84843,20480,,,,,True,,,,,,0,0.000686,0,container_av_perception,,0.000358,48083,2,2942cbde2fd344cccea23aabbe8d5bf168610c71,False,0.5,"{'interruption_percentage': 0.5, 'interrupted_after_operations': 1, 'operation_count': 2, 'checkpoint_available': False, 'checkpoint_operation_index': 0, 'resumed_from_checkpoint': False, 'recovery_strategy': 'rollback_reinstall', 'recovery_success': True, 'rollback_success': True, 'rollback_ready_at_interruption': True, 'final_replay_validity': True, 'replay_errors': '', 'recovery_errors': '', 'extra_network_bytes': 47979, 'extra_flash_writes': 20480, 'total_network_bytes': 96062, 'total_flash_write_bytes': 40960, 'interrupted_metrics': {'install_state': 'interrupted', 'package_size_bytes': 47979, 'network_bytes': 47979, 'staging_area_bytes': 0, 'backup_area_bytes': 0, 'installed_image_bytes': 36864, 'current_persistent_storage_bytes': 36864, 'peak_persistent_storage_bytes': 84843, 'peak_ram_bytes': 20480, 'flash_write_bytes': 20480, 'download_time_s': 0.00048, 'install_time_s': 0.000205, 'total_time_s': 0.000685, 'checkpoint_count': 0, 'latest_checkpoint_operation': 0, 'rollback_ready': True, 'unsafe_overwrite_count': 0, 'budget_violation_count': 0, 'budget_violations': []}, 'recovered_metrics': {'install_state': 'complete', 'package_size_bytes': 96062, 'network_bytes': 96062, 'staging_area_bytes': 0, 'backup_area_bytes': 0, 'installed_image_bytes': 20480, 'current_persistent_storage_bytes': 20480, 'peak_persistent_storage_bytes': 84843, 'peak_ram_bytes': 20480, 'flash_write_bytes': 40960, 'download_time_s': 0.000961, 'install_time_s': 0.00041, 'total_time_s': 0.00137, 'checkpoint_count': 0, 'latest_checkpoint_operation': 0, 'rollback_ready': True, 'unsafe_overwrite_count': 0, 'budget_violation_count': 0, 'budget_violations': []}, 'recovery_cost': {'discarded_operation_count': 1, 'replayed_operation_count': 2, 'network_bytes': 48083, 'flash_write_bytes': 20480}}",interrupt_050,0,0,True,20480,47979,2,1,1,False,Synthetic fixture with no third-party model weights,16384,/home/arpan/OTA/.cursor-tutor/ota_environment/results/final_deterministic_benchmark_20260505/bounded_manifests/smartota-container-yolo-small-only.json,1,20480,/home/arpan/OTA/.cursor-tutor/ota_environment/data/raw/containers/yolo-perception/yolo-perception-layer-new.tar,/home/arpan/OTA/.cursor-tutor/ota_environment/data/raw/containers/yolo-perception/yolo-perception-layer-new.tar,e669a57fb08d98364bfc4188a4259b2d14d83698302da7cd0dcc57f9bed99e1c,20480,/home/arpan/OTA/.cursor-tutor/ota_environment/data/raw/containers/yolo-perception/yolo-perception-layer-old.tar,/home/arpan/OTA/.cursor-tutor/ota_environment/data/raw/containers/yolo-perception/yolo-perception-layer-old.tar,0e8b0687acf08d383867dafd22ba867fb3829e05656edef718005071fdffdca8,20480,,,,,1,1,container_yolo_perception_update,full_replacement,CPython,"3.12.7 | packaged by Anaconda, Inc. | (main, Oct  4 2024, 13:27:36) [GCC 11.2.0]",,,True,True,0.0,,,0.000358,0.000358,containerized_yolo_perception_update,1,,,,Locally generated deterministic SmartOTA-Bench YOLO-style perception container fixture,2,0.001579,2026-07-17T15:45:42.120432+00:00,containers,True
,,,2,0,,e669a57fb08d98364bfc4188a4259b2d14d83698302da7cd0dcc57f9bed99e1c,0e8b0687acf08d383867dafd22ba867fb3829e05656edef718005071fdffdca8,perception_container_tar,whole_file_bsdiff,4096,4096,0,5,,True,uncompressed,deterministic_tar_derivation,smartota-container-layers,1.2.6,0.26.2,1.26.4,2.20.0,2.12.0,,,,,,,0,,,0,,0,100000000.0,,False,100000000.0,always_pass,1,unconstrained_default,50000000.0,268435456,0.0,False,True,,streaming,1073741824,20480,0.000241,,20480,,,,complete,0.000818,20480,0,,24079,24079,60839,51133,,,,,True,,,,,,0,0.001059,0,container_av_perception,,0.005097,24079,2,2942cbde2fd344cccea23aabbe8d5bf168610c71,False,0.5,"{'interruption_percentage': 0.5, 'interrupted_after_operations': 1, 'operation_count': 2, 'checkpoint_available': False, 'checkpoint_operation_index': 0, 'resumed_from_checkpoint': False, 'recovery_strategy': 'rollback_reinstall', 'recovery_success': True, 'rollback_success': True, 'rollback_ready_at_interruption': True, 'final_replay_validity': True, 'replay_errors': '', 'recovery_errors': '', 'extra_network_bytes': 23975, 'extra_flash_writes': 20480, 'total_network_bytes': 48054, 'total_flash_write_bytes': 40960, 'interrupted_metrics': {'install_state': 'interrupted', 'package_size_bytes': 23975, 'network_bytes': 23975, 'staging_area_bytes': 0, 'backup_area_bytes': 0, 'installed_image_bytes': 36864, 'current_persistent_storage_bytes': 36864, 'peak_persistent_storage_bytes': 60839, 'peak_ram_bytes': 51133, 'flash_write_bytes': 20480, 'download_time_s': 0.00024, 'install_time_s': 0.000818, 'total_time_s': 0.001058, 'checkpoint_count': 0, 'latest_checkpoint_operation': 0, 'rollback_ready': True, 'unsafe_overwrite_count': 0, 'budget_violation_count': 0, 'budget_violations': []}, 'recovered_metrics': {'install_state': 'complete', 'package_size_bytes': 48054, 'network_bytes': 48054, 'staging_area_bytes': 0, 'backup_area_bytes': 0, 'installed_image_bytes': 20480, 'current_persistent_storage_bytes': 20480, 'peak_persistent_storage_bytes': 60839, 'peak_ram_bytes': 51133, 'flash_write_bytes': 40960, 'download_time_s': 0.000481, 'install_time_s': 0.001636, 'total_time_s': 0.002116, 'checkpoint_count': 0, 'latest_checkpoint_operation': 0, 'rollback_ready': True, 'unsafe_overwrite_count': 0, 'budget_violation_count': 0, 'budget_violations': []}, 'recovery_cost': {'discarded_operation_count': 1, 'replayed_operation_count': 2, 'network_bytes': 24079, 'flash_write_bytes': 20480}}",interrupt_050,0,0,True,20480,23975,2,1,1,False,Synthetic fixture with no third-party model weights,16384,/home/arpan/OTA/.cursor-tutor/ota_environment/results/final_deterministic_benchmark_20260505/bounded_manifests/smartota-container-yolo-small-only.json,1,51133,/home/arpan/OTA/.cursor-tutor/ota_environment/data/raw/containers/yolo-perception/yolo-perception-layer-new.tar,/home/arpan/OTA/.cursor-tutor/ota_environment/data/raw/containers/yolo-perception/yolo-perception-layer-new.tar,e669a57fb08d98364bfc4188a4259b2d14d83698302da7cd0dcc57f9bed99e1c,20480,/home/arpan/OTA/.cursor-tutor/ota_environment/data/raw/containers/yolo-perception/yolo-perception-layer-old.tar,/home/arpan/OTA/.cursor-tutor/ota_environment/data/raw/containers/yolo-perception/yolo-perception-layer-old.tar,0e8b0687acf08d383867dafd22ba867fb3829e05656edef718005071fdffdca8,20480,,,1,,,1,container_yolo_perception_update,whole_file_bsdiff,CPython,"3.12.7 | packaged by Anaconda, Inc. | (main, Oct  4 2024, 13:27:36) [GCC 11.2.0]",,,True,True,0.0,,,0.005097,0.005097,containerized_yolo_perception_update,1,,,,Locally generated deterministic SmartOTA-Bench YOLO-style perception container fixture,2,0.008278,2026-07-17T15:45:42.120432+00:00,containers,True
,,,5,0,,e669a57fb08d98364bfc4188a4259b2d14d83698302da7cd0dcc57f9bed99e1c,0e8b0687acf08d383867dafd22ba867fb3829e05656edef718005071fdffdca8,perception_container_tar,blockwise_bsdiff,4096,4096,0,5,,True,uncompressed,deterministic_tar_derivation,smartota-container-layers,1.2.6,0.26.2,1.26.4,2.20.0,2.12.0,,,,,,,0,,,0,,0,100000000.0,,False,100000000.0,always_pass,1,unconstrained_default,50000000.0,268435456,0.0,False,True,,streaming,1073741824,20480,0.000278,,16384,,,,complete,0.000721,20480,0,,27841,27841,31559,12847,,,,,True,,,,,,0,0.001,0,container_av_perception,,0.00563,27841,5,2942cbde2fd344cccea23aabbe8d5bf168610c71,False,0.5,"{'interruption_percentage': 0.5, 'interrupted_after_operations': 3, 'operation_count': 5, 'checkpoint_available': False, 'checkpoint_operation_index': 0, 'resumed_from_checkpoint': False, 'recovery_strategy': 'rollback_reinstall', 'recovery_success': True, 'rollback_success': True, 'rollback_ready_at_interruption': True, 'final_replay_validity': True, 'replay_errors': '', 'recovery_errors': '', 'extra_network_bytes': 20077, 'extra_flash_writes': 12288, 'total_network_bytes': 47918, 'total_flash_write_bytes': 28672, 'interrupted_metrics': {'install_state': 'interrupted', 'package_size_bytes': 20077, 'network_bytes': 20077, 'staging_area_bytes': 0, 'backup_area_bytes': 0, 'installed_image_bytes': 20480, 'current_persistent_storage_bytes': 20480, 'peak_persistent_storage_bytes': 31559, 'peak_ram_bytes': 12847, 'flash_write_bytes': 12288, 'download_time_s': 0.000201, 'install_time_s': 0.000535, 'total_time_s': 0.000736, 'checkpoint_count': 0, 'latest_checkpoint_operation': 0, 'rollback_ready': True, 'unsafe_overwrite_count': 0, 'budget_violation_count': 0, 'budget_violations': []}, 'recovered_metrics': {'install_state': 'complete', 'package_size_bytes': 47918, 'network_bytes': 47918, 'staging_area_bytes': 0, 'backup_area_bytes': 0, 'installed_image_bytes': 20480, 'current_persistent_storage_bytes': 20480, 'peak_persistent_storage_bytes': 31559, 'peak_ram_bytes': 12847, 'flash_write_bytes': 28672, 'download_time_s': 0.000479, 'install_time_s': 0.001256, 'total_time_s': 0.001736, 'checkpoint_count': 0, 'latest_checkpoint_operation': 0, 'rollback_ready': True, 'unsafe_overwrite_count': 0, 'budget_violation_count': 0, 'budget_violations': []}, 'recovery_cost': {'discarded_operation_count': 3, 'replayed_operation_count': 5, 'network_bytes': 27841, 'flash_write_bytes': 16384}}",interrupt_050,0,0,True,12288,20077,5,1,1,False,Synthetic fixture with no third-party model weights,16384,/home/arpan/OTA/.cursor-tutor/ota_environment/results/final_deterministic_benchmark_20260505/bounded_manifests/smartota-container-yolo-small-only.json,1,12847,/home/arpan/OTA/.cursor-tutor/ota_environment/data/raw/containers/yolo-perception/yolo-perception-layer-new.tar,/home/arpan/OTA/.cursor-tutor/ota_environment/data/raw/containers/yolo-perception/yolo-perception-layer-new.tar,e669a57fb08d98364bfc4188a4259b2d14d83698302da7cd0dcc57f9bed99e1c,20480,/home/arpan/OTA/.cursor-tutor/ota_environment/data/raw/containers/yolo-perception/yolo-perception-layer-old.tar,/home/arpan/OTA/.cursor-tutor/ota_environment/data/raw/containers/yolo-perception/yolo-perception-layer-old.tar,0e8b0687acf08d383867dafd22ba867fb3829e05656edef718005071fdffdca8,20480,,,4,1,,,container_yolo_perception_update,blockwise_bsdiff,CPython,"3.12.7 | packaged by Anaconda, Inc. | (main, Oct  4 2024, 13:27:36) [GCC 11.2.0]",,,True,True,0.0,,,0.00563,0.00563,containerized_yolo_perception_update,1,,,,Locally generated deterministic SmartOTA-Bench YOLO-style perception container fixture,5,0.009252,2026-07-17T15:45:42.120432+00:00,containers,True
,,,5,0,,e669a57fb08d98364bfc4188a4259b2d14d83698302da7cd0dcc57f9bed99e1c,0e8b0687acf08d383867dafd22ba867fb3829e05656edef718005071fdffdca8,perception_container_tar,copy_only,4096,4096,0,5,,True,uncompressed,deterministic_tar_derivation,smartota-container-layers,1.2.6,0.26.2,1.26.4,2.20.0,2.12.0,,,,,,,0,,,0,,0,100000000.0,,False,100000000.0,always_pass,1,unconstrained_default,50000000.0,268435456,0.0,False,True,,streaming,1073741824,20480,0.000392,,16384,,,,complete,0.000164,20480,0,,39175,39175,30231,4096,,,,,True,,,,,,0,0.000556,0,container_av_perception,,0.000413,39175,5,2942cbde2fd344cccea23aabbe8d5bf168610c71,False,0.5,"{'interruption_percentage': 0.5, 'interrupted_after_operations': 3, 'operation_count': 5, 'checkpoint_available': False, 'checkpoint_operation_index': 0, 'resumed_from_checkpoint': False, 'recovery_strategy': 'rollback_reinstall', 'recovery_success': True, 'rollback_success': True, 'rollback_ready_at_interruption': True, 'final_replay_validity': True, 'replay_errors': '', 'recovery_errors': '', 'extra_network_bytes': 29253, 'extra_flash_writes': 12288, 'total_network_bytes': 68428, 'total_flash_write_bytes': 28672, 'interrupted_metrics': {'install_state': 'interrupted', 'package_size_bytes': 29253, 'network_bytes': 29253, 'staging_area_bytes': 0, 'backup_area_bytes': 0, 'installed_image_bytes': 20480, 'current_persistent_storage_bytes': 20480, 'peak_persistent_storage_bytes': 30231, 'peak_ram_bytes': 4096, 'flash_write_bytes': 12288, 'download_time_s': 0.000293, 'install_time_s': 0.000123, 'total_time_s': 0.000415, 'checkpoint_count': 0, 'latest_checkpoint_operation': 0, 'rollback_ready': True, 'unsafe_overwrite_count': 0, 'budget_violation_count': 0, 'budget_violations': []}, 'recovered_metrics': {'install_state': 'complete', 'package_size_bytes': 68428, 'network_bytes': 68428, 'staging_area_bytes': 0, 'backup_area_bytes': 0, 'installed_image_bytes': 20480, 'current_persistent_storage_bytes': 20480, 'peak_persistent_storage_bytes': 30231, 'peak_ram_bytes': 4096, 'flash_write_bytes': 28672, 'download_time_s': 0.000684, 'install_time_s': 0.000287, 'total_time_s': 0.000971, 'checkpoint_count': 0, 'latest_checkpoint_operation': 0, 'rollback_ready': True, 'unsafe_overwrite_count': 0, 'budget_violation_count': 0, 'budget_violations': []}, 'recovery_cost': {'discarded_operation_count': 3, 'replayed_operation_count': 5, 'network_bytes': 39175, 'flash_write_bytes': 16384}}",interrupt_050,0,0,True,12288,29253,5,1,1,False,Synthetic fixture with no third-party model weights,16384,/home/arpan/OTA/.cursor-tutor/ota_environment/results/final_deterministic_benchmark_20260505/bounded_manifests/smartota-container-yolo-small-only.json,1,4096,/home/arpan/OTA/.cursor-tutor/ota_environment/data/raw/containers/yolo-perception/yolo-perception-layer-new.tar,/home/arpan/OTA/.cursor-tutor/ota_environment/data/raw/containers/yolo-perception/yolo-perception-layer-new.tar,e669a57fb08d98364bfc4188a4259b2d14d83698302da7cd0dcc57f9bed99e1c,20480,/home/arpan/OTA/.cursor-tutor/ota_environment/data/raw/containers/yolo-perception/yolo-perception-layer-old.tar,/home/arpan/OTA/.cursor-tutor/ota_environment/data/raw/containers/yolo-perception/yolo-perception-layer-old.tar,0e8b0687acf08d383867dafd22ba867fb3829e05656edef718005071fdffdca8,20480,,,,1,4,,container_yolo_perception_update,copy_only,CPython,"3.12.7 | packaged by Anaconda, Inc. | (main, Oct  4 2024, 13:27:36) [GCC 11.2.0]",,,True,True,0.0,,,0.000413,0.000413,containerized_yolo_perception_update,1,,,,Locally generated deterministic SmartOTA-Bench YOLO-style perception container fixture,5,0.001551,2026-07-17T15:45:42.120432+00:00,containers,True
,,,5,0,,e669a57fb08d98364bfc4188a4259b2d14d83698302da7cd0dcc57f9bed99e1c,0e8b0687acf08d383867dafd22ba867fb3829e05656edef718005071fdffdca8,perception_container_tar,copy_delta,4096,4096,0,5,,True,uncompressed,deterministic_tar_derivation,smartota-container-layers,1.2.6,0.26.2,1.26.4,2.20.0,2.12.0,,,,,,,0,,,0,,0,100000000.0,,False,100000000.0,always_pass,1,unconstrained_default,50000000.0,268435456,0.0,False,True,,streaming,1073741824,20480,0.000265,,16384,,,,complete,0.000546,20480,0,,26513,26513,30231,11543,,,,,True,,,,,,0,0.000811,0,container_av_perception,,0.005711,26513,5,2942cbde2fd344cccea23aabbe8d5bf168610c71,False,0.5,"{'interruption_percentage': 0.5, 'interrupted_after_operations': 3, 'operation_count': 5, 'checkpoint_available': False, 'checkpoint_operation_index': 0, 'resumed_from_checkpoint': False, 'recovery_strategy': 'rollback_reinstall', 'recovery_success': True, 'rollback_success': True, 'rollback_ready_at_interruption': True, 'final_replay_validity': True, 'replay_errors': '', 'recovery_errors': '', 'extra_network_bytes': 18749, 'extra_flash_writes': 12288, 'total_network_bytes': 45262, 'total_flash_write_bytes': 28672, 'interrupted_metrics': {'install_state': 'interrupted', 'package_size_bytes': 18749, 'network_bytes': 18749, 'staging_area_bytes': 0, 'backup_area_bytes': 0, 'installed_image_bytes': 20480, 'current_persistent_storage_bytes': 20480, 'peak_persistent_storage_bytes': 30231, 'peak_ram_bytes': 11543, 'flash_write_bytes': 12288, 'download_time_s': 0.000187, 'install_time_s': 0.00036, 'total_time_s': 0.000548, 'checkpoint_count': 0, 'latest_checkpoint_operation': 0, 'rollback_ready': True, 'unsafe_overwrite_count': 0, 'budget_violation_count': 0, 'budget_violations': []}, 'recovered_metrics': {'install_state': 'complete', 'package_size_bytes': 45262, 'network_bytes': 45262, 'staging_area_bytes': 0, 'backup_area_bytes': 0, 'installed_image_bytes': 20480, 'current_persistent_storage_bytes': 20480, 'peak_persistent_storage_bytes': 30231, 'peak_ram_bytes': 11543, 'flash_write_bytes': 28672, 'download_time_s': 0.000453, 'install_time_s': 0.000906, 'total_time_s': 0.001359, 'checkpoint_count': 0, 'latest_checkpoint_operation': 0, 'rollback_ready': True, 'unsafe_overwrite_count': 0, 'budget_violation_count': 0, 'budget_violations': []}, 'recovery_cost': {'discarded_operation_count': 3, 'replayed_operation_count': 5, 'network_bytes': 26513, 'flash_write_bytes': 16384}}",interrupt_050,0,0,True,12288,18749,5,1,1,False,Synthetic fixture with no third-party model weights,16384,/home/arpan/OTA/.cursor-tutor/ota_environment/results/final_deterministic_benchmark_20260505/bounded_manifests/smartota-container-yolo-small-only.json,1,11543,/home/arpan/OTA/.cursor-tutor/ota_environment/data/raw/containers/yolo-perception/yolo-perception-layer-new.tar,/home/arpan/OTA/.cursor-tutor/ota_environment/data/raw/containers/yolo-perception/yolo-perception-layer-new.tar,e669a57fb08d98364bfc4188a4259b2d14d83698302da7cd0dcc57f9bed99e1c,20480,/home/arpan/OTA/.cursor-tutor/ota_environment/data/raw/containers/yolo-perception/yolo-perception-layer-old.tar,/home/arpan/OTA/.cursor-tutor/ota_environment/data/raw/containers/yolo-perception/yolo-perception-layer-old.tar,0e8b0687acf08d383867dafd22ba867fb3829e05656edef718005071fdffdca8,20480,,,3,1,1,,container_yolo_perception_update,copy_delta,CPython,"3.12.7 | packaged by Anaconda, Inc. | (main, Oct  4 2024, 13:27:36) [GCC 11.2.0]",,,True,True,0.0,,,0.005711,0.005711,containerized_yolo_perception_update,1,,,,Locally generated deterministic SmartOTA-Bench YOLO-style perception container fixture,5,0.00814,2026-07-17T15:45:42.120432+00:00,containers,True
,,,5,4,,e669a57fb08d98364bfc4188a4259b2d14d83698302da7cd0dcc57f9bed99e1c,0e8b0687acf08d383867dafd22ba867fb3829e05656edef718005071fdffdca8,perception_container_tar,backup_safe_copy_delta,4096,4096,0,5,,True,uncompressed,deterministic_tar_derivation,smartota-container-layers,1.2.6,0.26.2,1.26.4,2.20.0,2.12.0,,,,,,,16384,,,0,,0,100000000.0,,False,100000000.0,always_pass,1,unconstrained_default,50000000.0,268435456,0.0,False,True,,streaming,1073741824,36864,0.00027,,32768,,,,complete,0.00071,20480,0,,26977,26977,44457,11543,,,,,True,,,,,,0,0.00098,0,container_av_perception,,0.009936,26977,9,2942cbde2fd344cccea23aabbe8d5bf168610c71,False,0.5,"{'interruption_percentage': 0.5, 'interrupted_after_operations': 5, 'operation_count': 9, 'checkpoint_available': False, 'checkpoint_operation_index': 0, 'resumed_from_checkpoint': False, 'recovery_strategy': 'rollback_reinstall', 'recovery_success': True, 'rollback_success': True, 'rollback_ready_at_interruption': True, 'final_replay_validity': True, 'replay_errors': '', 'recovery_errors': '', 'extra_network_bytes': 9346, 'extra_flash_writes': 20480, 'total_network_bytes': 36323, 'total_flash_write_bytes': 53248, 'interrupted_metrics': {'install_state': 'interrupted', 'package_size_bytes': 9346, 'network_bytes': 9346, 'staging_area_bytes': 0, 'backup_area_bytes': 12288, 'installed_image_bytes': 20480, 'current_persistent_storage_bytes': 32768, 'peak_persistent_storage_bytes': 36707, 'peak_ram_bytes': 11543, 'flash_write_bytes': 20480, 'download_time_s': 9.3e-05, 'install_time_s': 0.000442, 'total_time_s': 0.000535, 'checkpoint_count': 0, 'latest_checkpoint_operation': 0, 'rollback_ready': True, 'unsafe_overwrite_count': 0, 'budget_violation_count': 0, 'budget_violations': []}, 'recovered_metrics': {'install_state': 'complete', 'package_size_bytes': 36323, 'network_bytes': 36323, 'staging_area_bytes': 0, 'backup_area_bytes': 16384, 'installed_image_bytes': 20480, 'current_persistent_storage_bytes': 36864, 'peak_persistent_storage_bytes': 44457, 'peak_ram_bytes': 11543, 'flash_write_bytes': 53248, 'download_time_s': 0.000363, 'install_time_s': 0.001152, 'total_time_s': 0.001515, 'checkpoint_count': 0, 'latest_checkpoint_operation': 0, 'rollback_ready': True, 'unsafe_overwrite_count': 0, 'budget_violation_count': 0, 'budget_violations': []}, 'recovery_cost': {'discarded_operation_count': 5, 'replayed_operation_count': 9, 'network_bytes': 26977, 'flash_write_bytes': 32768}}",interrupt_050,0,0,True,20480,9346,9,1,1,False,Synthetic fixture with no third-party model weights,16384,/home/arpan/OTA/.cursor-tutor/ota_environment/results/final_deterministic_benchmark_20260505/bounded_manifests/smartota-container-yolo-small-only.json,1,11543,/home/arpan/OTA/.cursor-tutor/ota_environment/data/raw/containers/yolo-perception/yolo-perception-layer-new.tar,/home/arpan/OTA/.cursor-tutor/ota_environment/data/raw/containers/yolo-perception/yolo-perception-layer-new.tar,e669a57fb08d98364bfc4188a4259b2d14d83698302da7cd0dcc57f9bed99e1c,20480,/home/arpan/OTA/.cursor-tutor/ota_environment/data/raw/containers/yolo-perception/yolo-perception-layer-old.tar,/home/arpan/OTA/.cursor-tutor/ota_environment/data/raw/containers/yolo-perception/yolo-perception-layer-old.tar,0e8b0687acf08d383867dafd22ba867fb3829e05656edef718005071fdffdca8,20480,4,,3,1,1,,container_yolo_perception_update,backup_safe_copy_delta,CPython,"3.12.7 | packaged by Anaconda, Inc. | (main, Oct  4 2024, 13:27:36) [GCC 11.2.0]",,,True,True,0.0,,,0.009936,0.009936,containerized_yolo_perception_update,1,,,,Locally generated deterministic SmartOTA-Bench YOLO-style perception container fixture,9,0.012536,2026-07-17T15:45:42.120432+00:00,containers,True
,,,5,0,,e669a57fb08d98364bfc4188a4259b2d14d83698302da7cd0dcc57f9bed99e1c,0e8b0687acf08d383867dafd22ba867fb3829e05656edef718005071fdffdca8,perception_container_tar,deployment_aware_greedy,4096,4096,0,5,,True,uncompressed,deterministic_tar_derivation,smartota-container-layers,1.2.6,0.26.2,1.26.4,2.20.0,2.12.0,,,,,,,0,,,0,,0,100000000.0,,False,100000000.0,always_pass,1,unconstrained_default,50000000.0,268435456,0.0,False,True,,streaming,1073741824,20480,0.000265,,16384,,,,complete,0.000546,20480,0,,26513,26513,30231,11543,,,,,True,,,,,,0,0.000811,0,container_av_perception,,0.007357,26513,5,2942cbde2fd344cccea23aabbe8d5bf168610c71,False,0.5,"{'interruption_percentage': 0.5, 'interrupted_after_operations': 3, 'operation_count': 5, 'checkpoint_available': False, 'checkpoint_operation_index': 0, 'resumed_from_checkpoint': False, 'recovery_strategy': 'rollback_reinstall', 'recovery_success': True, 'rollback_success': True, 'rollback_ready_at_interruption': True, 'final_replay_validity': True, 'replay_errors': '', 'recovery_errors': '', 'extra_network_bytes': 18749, 'extra_flash_writes': 12288, 'total_network_bytes': 45262, 'total_flash_write_bytes': 28672, 'interrupted_metrics': {'install_state': 'interrupted', 'package_size_bytes': 18749, 'network_bytes': 18749, 'staging_area_bytes': 0, 'backup_area_bytes': 0, 'installed_image_bytes': 20480, 'current_persistent_storage_bytes': 20480, 'peak_persistent_storage_bytes': 30231, 'peak_ram_bytes': 11543, 'flash_write_bytes': 12288, 'download_time_s': 0.000187, 'install_time_s': 0.00036, 'total_time_s': 0.000548, 'checkpoint_count': 0, 'latest_checkpoint_operation': 0, 'rollback_ready': True, 'unsafe_overwrite_count': 0, 'budget_violation_count': 0, 'budget_violations': []}, 'recovered_metrics': {'install_state': 'complete', 'package_size_bytes': 45262, 'network_bytes': 45262, 'staging_area_bytes': 0, 'backup_area_bytes': 0, 'installed_image_bytes': 20480, 'current_persistent_storage_bytes': 20480, 'peak_persistent_storage_bytes': 30231, 'peak_ram_bytes': 11543, 'flash_write_bytes': 28672, 'download_time_s': 0.000453, 'install_time_s': 0.000906, 'total_time_s': 0.001359, 'checkpoint_count': 0, 'latest_checkpoint_operation': 0, 'rollback_ready': True, 'unsafe_overwrite_count': 0, 'budget_violation_count': 0, 'budget_violations': []}, 'recovery_cost': {'discarded_operation_count': 3, 'replayed_operation_count': 5, 'network_bytes': 26513, 'flash_write_bytes': 16384}}",interrupt_050,0,0,True,12288,18749,5,1,1,False,Synthetic fixture with no third-party model weights,16384,/home/arpan/OTA/.cursor-tutor/ota_environment/results/final_deterministic_benchmark_20260505/bounded_manifests/smartota-container-yolo-small-only.json,1,11543,/home/arpan/OTA/.cursor-tutor/ota_environment/data/raw/containers/yolo-perception/yolo-perception-layer-new.tar,/home/arpan/OTA/.cursor-tutor/ota_environment/data/raw/containers/yolo-perception/yolo-perception-layer-new.tar,e669a57fb08d98364bfc4188a4259b2d14d83698302da7cd0dcc57f9bed99e1c,20480,/home/arpan/OTA/.cursor-tutor/ota_environment/data/raw/containers/yolo-perception/yolo-perception-layer-old.tar,/home/arpan/OTA/.cursor-tutor/ota_environment/data/raw/containers/yolo-perception/yolo-perception-layer-old.tar,0e8b0687acf08d383867dafd22ba867fb3829e05656edef718005071fdffdca8,20480,,,3,1,1,,container_yolo_perception_update,deployment_aware_greedy,CPython,"3.12.7 | packaged by Anaconda, Inc. | (main, Oct  4 2024, 13:27:36) [GCC 11.2.0]",,,True,True,0.0,,,0.007357,0.007357,containerized_yolo_perception_update,1,,,,Locally generated deterministic SmartOTA-Bench YOLO-style perception container fixture,5,0.009924,2026-07-17T15:45:42.120432+00:00,containers,True
,,,5,0,,e669a57fb08d98364bfc4188a4259b2d14d83698302da7cd0dcc57f9bed99e1c,0e8b0687acf08d383867dafd22ba867fb3829e05656edef718005071fdffdca8,perception_container_tar,rsync_rolling_hash,4096,4096,0,5,,True,uncompressed,deterministic_tar_derivation,smartota-container-layers,1.2.6,0.26.2,1.26.4,2.20.0,2.12.0,,,,,,,0,,,0,,0,100000000.0,,False,100000000.0,always_pass,1,unconstrained_default,50000000.0,268435456,0.0,False,True,,streaming,1073741824,20480,0.000392,,16384,,,,complete,0.000164,20480,0,,39175,39175,30231,4096,,,,,True,,,,,,0,0.000556,0,container_av_perception,,0.004617,39175,5,2942cbde2fd344cccea23aabbe8d5bf168610c71,False,0.5,"{'interruption_percentage': 0.5, 'interrupted_after_operations': 3, 'operation_count': 5, 'checkpoint_available': False, 'checkpoint_operation_index': 0, 'resumed_from_checkpoint': False, 'recovery_strategy': 'rollback_reinstall', 'recovery_success': True, 'rollback_success': True, 'rollback_ready_at_interruption': True, 'final_replay_validity': True, 'replay_errors': '', 'recovery_errors': '', 'extra_network_bytes': 29253, 'extra_flash_writes': 12288, 'total_network_bytes': 68428, 'total_flash_write_bytes': 28672, 'interrupted_metrics': {'install_state': 'interrupted', 'package_size_bytes': 29253, 'network_bytes': 29253, 'staging_area_bytes': 0, 'backup_area_bytes': 0, 'installed_image_bytes': 20480, 'current_persistent_storage_bytes': 20480, 'peak_persistent_storage_bytes': 30231, 'peak_ram_bytes': 4096, 'flash_write_bytes': 12288, 'download_time_s': 0.000293, 'install_time_s': 0.000123, 'total_time_s': 0.000415, 'checkpoint_count': 0, 'latest_checkpoint_operation': 0, 'rollback_ready': True, 'unsafe_overwrite_count': 0, 'budget_violation_count': 0, 'budget_violations': []}, 'recovered_metrics': {'install_state': 'complete', 'package_size_bytes': 68428, 'network_bytes': 68428, 'staging_area_bytes': 0, 'backup_area_bytes': 0, 'installed_image_bytes': 20480, 'current_persistent_storage_bytes': 20480, 'peak_persistent_storage_bytes': 30231, 'peak_ram_bytes': 4096, 'flash_write_bytes': 28672, 'download_time_s': 0.000684, 'install_time_s': 0.000287, 'total_time_s': 0.000971, 'checkpoint_count': 0, 'latest_checkpoint_operation': 0, 'rollback_ready': True, 'unsafe_overwrite_count': 0, 'budget_violation_count': 0, 'budget_violations': []}, 'recovery_cost': {'discarded_operation_count': 3, 'replayed_operation_count': 5, 'network_bytes': 39175, 'flash_write_bytes': 16384}}",interrupt_050,0,0,True,12288,29253,5,1,1,False,Synthetic fixture with no third-party model weights,16384,/home/arpan/OTA/.cursor-tutor/ota_environment/results/final_deterministic_benchmark_20260505/bounded_manifests/smartota-container-yolo-small-only.json,1,4096,/home/arpan/OTA/.cursor-tutor/ota_environment/data/raw/containers/yolo-perception/yolo-perception-layer-new.tar,/home/arpan/OTA/.cursor-tutor/ota_environment/data/raw/containers/yolo-perception/yolo-perception-layer-new.tar,e669a57fb08d98364bfc4188a4259b2d14d83698302da7cd0dcc57f9bed99e1c,20480,/home/arpan/OTA/.cursor-tutor/ota_environment/data/raw/containers/yolo-perception/yolo-perception-layer-old.tar,/home/arpan/OTA/.cursor-tutor/ota_environment/data/raw/containers/yolo-perception/yolo-perception-layer-old.tar,0e8b0687acf08d383867dafd22ba867fb3829e05656edef718005071fdffdca8,20480,,,,1,4,,container_yolo_perception_update,rsync_rolling_hash,CPython,"3.12.7 | packaged by Anaconda, Inc. | (main, Oct  4 2024, 13:27:36) [GCC 11.2.0]",,,True,True,0.0,,,0.004617,0.004617,containerized_yolo_perception_update,1,,,,Locally generated deterministic SmartOTA-Bench YOLO-style perception container fixture,5,0.005817,2026-07-17T15:45:42.120432+00:00,containers,True
,,,2,0,,e669a57fb08d98364bfc4188a4259b2d14d83698302da7cd0dcc57f9bed99e1c,0e8b0687acf08d383867dafd22ba867fb3829e05656edef718005071fdffdca8,perception_container_tar,full_replacement,4096,4096,0,5,,True,uncompressed,deterministic_tar_derivation,smartota-container-layers,1.2.6,0.26.2,1.26.4,2.20.0,2.12.0,,,,,,,0,,,0,,0,100000000.0,,False,100000000.0,always_pass,1,unconstrained_default,50000000.0,268435456,0.0,False,True,,streaming,1073741824,20480,0.000481,,20480,,,,complete,0.000205,20480,0,,48083,48083,84843,20480,,,,,True,,,,,,0,0.000686,0,container_av_perception,,0.000392,48083,2,2942cbde2fd344cccea23aabbe8d5bf168610c71,False,0.75,"{'interruption_percentage': 0.75, 'interrupted_after_operations': 1, 'operation_count': 2, 'checkpoint_available': False, 'checkpoint_operation_index': 0, 'resumed_from_checkpoint': False, 'recovery_strategy': 'rollback_reinstall', 'recovery_success': True, 'rollback_success': True, 'rollback_ready_at_interruption': True, 'final_replay_validity': True, 'replay_errors': '', 'recovery_errors': '', 'extra_network_bytes': 47979, 'extra_flash_writes': 20480, 'total_network_bytes': 96062, 'total_flash_write_bytes': 40960, 'interrupted_metrics': {'install_state': 'interrupted', 'package_size_bytes': 47979, 'network_bytes': 47979, 'staging_area_bytes': 0, 'backup_area_bytes': 0, 'installed_image_bytes': 36864, 'current_persistent_storage_bytes': 36864, 'peak_persistent_storage_bytes': 84843, 'peak_ram_bytes': 20480, 'flash_write_bytes': 20480, 'download_time_s': 0.00048, 'install_time_s': 0.000205, 'total_time_s': 0.000685, 'checkpoint_count': 0, 'latest_checkpoint_operation': 0, 'rollback_ready': True, 'unsafe_overwrite_count': 0, 'budget_violation_count': 0, 'budget_violations': []}, 'recovered_metrics': {'install_state': 'complete', 'package_size_bytes': 96062, 'network_bytes': 96062, 'staging_area_bytes': 0, 'backup_area_bytes': 0, 'installed_image_bytes': 20480, 'current_persistent_storage_bytes': 20480, 'peak_persistent_storage_bytes': 84843, 'peak_ram_bytes': 20480, 'flash_write_bytes': 40960, 'download_time_s': 0.000961, 'install_time_s': 0.00041, 'total_time_s': 0.00137, 'checkpoint_count': 0, 'latest_checkpoint_operation': 0, 'rollback_ready': True, 'unsafe_overwrite_count': 0, 'budget_violation_count': 0, 'budget_violations': []}, 'recovery_cost': {'discarded_operation_count': 1, 'replayed_operation_count': 2, 'network_bytes': 48083, 'flash_write_bytes': 20480}}",interrupt_075,0,0,True,20480,47979,2,1,1,False,Synthetic fixture with no third-party model weights,16384,/home/arpan/OTA/.cursor-tutor/ota_environment/results/final_deterministic_benchmark_20260505/bounded_manifests/smartota-container-yolo-small-only.json,1,20480,/home/arpan/OTA/.cursor-tutor/ota_environment/data/raw/containers/yolo-perception/yolo-perception-layer-new.tar,/home/arpan/OTA/.cursor-tutor/ota_environment/data/raw/containers/yolo-perception/yolo-perception-layer-new.tar,e669a57fb08d98364bfc4188a4259b2d14d83698302da7cd0dcc57f9bed99e1c,20480,/home/arpan/OTA/.cursor-tutor/ota_environment/data/raw/containers/yolo-perception/yolo-perception-layer-old.tar,/home/arpan/OTA/.cursor-tutor/ota_environment/data/raw/containers/yolo-perception/yolo-perception-layer-old.tar,0e8b0687acf08d383867dafd22ba867fb3829e05656edef718005071fdffdca8,20480,,,,,1,1,container_yolo_perception_update,full_replacement,CPython,"3.12.7 | packaged by Anaconda, Inc. | (main, Oct  4 2024, 13:27:36) [GCC 11.2.0]",,,True,True,0.0,,,0.000392,0.000392,containerized_yolo_perception_update,1,,,,Locally generated deterministic SmartOTA-Bench YOLO-style perception container fixture,2,0.001688,2026-07-17T15:45:42.120432+00:00,containers,True
,,,2,0,,e669a57fb08d98364bfc4188a4259b2d14d83698302da7cd0dcc57f9bed99e1c,0e8b0687acf08d383867dafd22ba867fb3829e05656edef718005071fdffdca8,perception_container_tar,whole_file_bsdiff,4096,4096,0,5,,True,uncompressed,deterministic_tar_derivation,smartota-container-layers,1.2.6,0.26.2,1.26.4,2.20.0,2.12.0,,,,,,,0,,,0,,0,100000000.0,,False,100000000.0,always_pass,1,unconstrained_default,50000000.0,268435456,0.0,False,True,,streaming,1073741824,20480,0.000241,,20480,,,,complete,0.000818,20480,0,,24079,24079,60839,51133,,,,,True,,,,,,0,0.001059,0,container_av_perception,,0.005081,24079,2,2942cbde2fd344cccea23aabbe8d5bf168610c71,False,0.75,"{'interruption_percentage': 0.75, 'interrupted_after_operations': 1, 'operation_count': 2, 'checkpoint_available': False, 'checkpoint_operation_index': 0, 'resumed_from_checkpoint': False, 'recovery_strategy': 'rollback_reinstall', 'recovery_success': True, 'rollback_success': True, 'rollback_ready_at_interruption': True, 'final_replay_validity': True, 'replay_errors': '', 'recovery_errors': '', 'extra_network_bytes': 23975, 'extra_flash_writes': 20480, 'total_network_bytes': 48054, 'total_flash_write_bytes': 40960, 'interrupted_metrics': {'install_state': 'interrupted', 'package_size_bytes': 23975, 'network_bytes': 23975, 'staging_area_bytes': 0, 'backup_area_bytes': 0, 'installed_image_bytes': 36864, 'current_persistent_storage_bytes': 36864, 'peak_persistent_storage_bytes': 60839, 'peak_ram_bytes': 51133, 'flash_write_bytes': 20480, 'download_time_s': 0.00024, 'install_time_s': 0.000818, 'total_time_s': 0.001058, 'checkpoint_count': 0, 'latest_checkpoint_operation': 0, 'rollback_ready': True, 'unsafe_overwrite_count': 0, 'budget_violation_count': 0, 'budget_violations': []}, 'recovered_metrics': {'install_state': 'complete', 'package_size_bytes': 48054, 'network_bytes': 48054, 'staging_area_bytes': 0, 'backup_area_bytes': 0, 'installed_image_bytes': 20480, 'current_persistent_storage_bytes': 20480, 'peak_persistent_storage_bytes': 60839, 'peak_ram_bytes': 51133, 'flash_write_bytes': 40960, 'download_time_s': 0.000481, 'install_time_s': 0.001636, 'total_time_s': 0.002116, 'checkpoint_count': 0, 'latest_checkpoint_operation': 0, 'rollback_ready': True, 'unsafe_overwrite_count': 0, 'budget_violation_count': 0, 'budget_violations': []}, 'recovery_cost': {'discarded_operation_count': 1, 'replayed_operation_count': 2, 'network_bytes': 24079, 'flash_write_bytes': 20480}}",interrupt_075,0,0,True,20480,23975,2,1,1,False,Synthetic fixture with no third-party model weights,16384,/home/arpan/OTA/.cursor-tutor/ota_environment/results/final_deterministic_benchmark_20260505/bounded_manifests/smartota-container-yolo-small-only.json,1,51133,/home/arpan/OTA/.cursor-tutor/ota_environment/data/raw/containers/yolo-perception/yolo-perception-layer-new.tar,/home/arpan/OTA/.cursor-tutor/ota_environment/data/raw/containers/yolo-perception/yolo-perception-layer-new.tar,e669a57fb08d98364bfc4188a4259b2d14d83698302da7cd0dcc57f9bed99e1c,20480,/home/arpan/OTA/.cursor-tutor/ota_environment/data/raw/containers/yolo-perception/yolo-perception-layer-old.tar,/home/arpan/OTA/.cursor-tutor/ota_environment/data/raw/containers/yolo-perception/yolo-perception-layer-old.tar,0e8b0687acf08d383867dafd22ba867fb3829e05656edef718005071fdffdca8,20480,,,1,,,1,container_yolo_perception_update,whole_file_bsdiff,CPython,"3.12.7 | packaged by Anaconda, Inc. | (main, Oct  4 2024, 13:27:36) [GCC 11.2.0]",,,True,True,0.0,,,0.005081,0.005081,containerized_yolo_perception_update,1,,,,Locally generated deterministic SmartOTA-Bench YOLO-style perception container fixture,2,0.008074,2026-07-17T15:45:42.120432+00:00,containers,True
,,,5,0,,e669a57fb08d98364bfc4188a4259b2d14d83698302da7cd0dcc57f9bed99e1c,0e8b0687acf08d383867dafd22ba867fb3829e05656edef718005071fdffdca8,perception_container_tar,blockwise_bsdiff,4096,4096,0,5,,True,uncompressed,deterministic_tar_derivation,smartota-container-layers,1.2.6,0.26.2,1.26.4,2.20.0,2.12.0,,,,,,,0,,,0,,0,100000000.0,,False,100000000.0,always_pass,1,unconstrained_default,50000000.0,268435456,0.0,False,True,,streaming,1073741824,20480,0.000278,,16384,,,,complete,0.000721,20480,0,,27841,27841,31559,12847,,,,,True,,,,,,0,0.001,0,container_av_perception,,0.005475,27841,5,2942cbde2fd344cccea23aabbe8d5bf168610c71,False,0.75,"{'interruption_percentage': 0.75, 'interrupted_after_operations': 4, 'operation_count': 5, 'checkpoint_available': False, 'checkpoint_operation_index': 0, 'resumed_from_checkpoint': False, 'recovery_strategy': 'rollback_reinstall', 'recovery_success': True, 'rollback_success': True, 'rollback_ready_at_interruption': True, 'final_replay_validity': True, 'replay_errors': '', 'recovery_errors': '', 'extra_network_bytes': 27670, 'extra_flash_writes': 16384, 'total_network_bytes': 55511, 'total_flash_write_bytes': 32768, 'interrupted_metrics': {'install_state': 'interrupted', 'package_size_bytes': 27670, 'network_bytes': 27670, 'staging_area_bytes': 0, 'backup_area_bytes': 0, 'installed_image_bytes': 20480, 'current_persistent_storage_bytes': 20480, 'peak_persistent_storage_bytes': 31559, 'peak_ram_bytes': 12847, 'flash_write_bytes': 16384, 'download_time_s': 0.000277, 'install_time_s': 0.000721, 'total_time_s': 0.000998, 'checkpoint_count': 0, 'latest_checkpoint_operation': 0, 'rollback_ready': True, 'unsafe_overwrite_count': 0, 'budget_violation_count': 0, 'budget_violations': []}, 'recovered_metrics': {'install_state': 'complete', 'package_size_bytes': 55511, 'network_bytes': 55511, 'staging_area_bytes': 0, 'backup_area_bytes': 0, 'installed_image_bytes': 20480, 'current_persistent_storage_bytes': 20480, 'peak_persistent_storage_bytes': 31559, 'peak_ram_bytes': 12847, 'flash_write_bytes': 32768, 'download_time_s': 0.000555, 'install_time_s': 0.001442, 'total_time_s': 0.001998, 'checkpoint_count': 0, 'latest_checkpoint_operation': 0, 'rollback_ready': True, 'unsafe_overwrite_count': 0, 'budget_violation_count': 0, 'budget_violations': []}, 'recovery_cost': {'discarded_operation_count': 4, 'replayed_operation_count': 5, 'network_bytes': 27841, 'flash_write_bytes': 16384}}",interrupt_075,0,0,True,16384,27670,5,1,1,False,Synthetic fixture with no third-party model weights,16384,/home/arpan/OTA/.cursor-tutor/ota_environment/results/final_deterministic_benchmark_20260505/bounded_manifests/smartota-container-yolo-small-only.json,1,12847,/home/arpan/OTA/.cursor-tutor/ota_environment/data/raw/containers/yolo-perception/yolo-perception-layer-new.tar,/home/arpan/OTA/.cursor-tutor/ota_environment/data/raw/containers/yolo-perception/yolo-perception-layer-new.tar,e669a57fb08d98364bfc4188a4259b2d14d83698302da7cd0dcc57f9bed99e1c,20480,/home/arpan/OTA/.cursor-tutor/ota_environment/data/raw/containers/yolo-perception/yolo-perception-layer-old.tar,/home/arpan/OTA/.cursor-tutor/ota_environment/data/raw/containers/yolo-perception/yolo-perception-layer-old.tar,0e8b0687acf08d383867dafd22ba867fb3829e05656edef718005071fdffdca8,20480,,,4,1,,,container_yolo_perception_update,blockwise_bsdiff,CPython,"3.12.7 | packaged by Anaconda, Inc. | (main, Oct  4 2024, 13:27:36) [GCC 11.2.0]",,,True,True,0.0,,,0.005475,0.005475,containerized_yolo_perception_update,1,,,,Locally generated deterministic SmartOTA-Bench YOLO-style perception container fixture,5,0.009113,2026-07-17T15:45:42.120432+00:00,containers,True
,,,5,0,,e669a57fb08d98364bfc4188a4259b2d14d83698302da7cd0dcc57f9bed99e1c,0e8b0687acf08d383867dafd22ba867fb3829e05656edef718005071fdffdca8,perception_container_tar,copy_only,4096,4096,0,5,,True,uncompressed,deterministic_tar_derivation,smartota-container-layers,1.2.6,0.26.2,1.26.4,2.20.0,2.12.0,,,,,,,0,,,0,,0,100000000.0,,False,100000000.0,always_pass,1,unconstrained_default,50000000.0,268435456,0.0,False,True,,streaming,1073741824,20480,0.000392,,16384,,,,complete,0.000164,20480,0,,39175,39175,30231,4096,,,,,True,,,,,,0,0.000556,0,container_av_perception,,0.0004,39175,5,2942cbde2fd344cccea23aabbe8d5bf168610c71,False,0.75,"{'interruption_percentage': 0.75, 'interrupted_after_operations': 4, 'operation_count': 5, 'checkpoint_available': False, 'checkpoint_operation_index': 0, 'resumed_from_checkpoint': False, 'recovery_strategy': 'rollback_reinstall', 'recovery_success': True, 'rollback_success': True, 'rollback_ready_at_interruption': True, 'final_replay_validity': True, 'replay_errors': '', 'recovery_errors': '', 'extra_network_bytes': 39004, 'extra_flash_writes': 16384, 'total_network_bytes': 78179, 'total_flash_write_bytes': 32768, 'interrupted_metrics': {'install_state': 'interrupted', 'package_size_bytes': 39004, 'network_bytes': 39004, 'staging_area_bytes': 0, 'backup_area_bytes': 0, 'installed_image_bytes': 20480, 'current_persistent_storage_bytes': 20480, 'peak_persistent_storage_bytes': 30231, 'peak_ram_bytes': 4096, 'flash_write_bytes': 16384, 'download_time_s': 0.00039, 'install_time_s': 0.000164, 'total_time_s': 0.000554, 'checkpoint_count': 0, 'latest_checkpoint_operation': 0, 'rollback_ready': True, 'unsafe_overwrite_count': 0, 'budget_violation_count': 0, 'budget_violations': []}, 'recovered_metrics': {'install_state': 'complete', 'package_size_bytes': 78179, 'network_bytes': 78179, 'staging_area_bytes': 0, 'backup_area_bytes': 0, 'installed_image_bytes': 20480, 'current_persistent_storage_bytes': 20480, 'peak_persistent_storage_bytes': 30231, 'peak_ram_bytes': 4096, 'flash_write_bytes': 32768, 'download_time_s': 0.000782, 'install_time_s': 0.000328, 'total_time_s': 0.001109, 'checkpoint_count': 0, 'latest_checkpoint_operation': 0, 'rollback_ready': True, 'unsafe_overwrite_count': 0, 'budget_violation_count': 0, 'budget_violations': []}, 'recovery_cost': {'discarded_operation_count': 4, 'replayed_operation_count': 5, 'network_bytes': 39175, 'flash_write_bytes': 16384}}",interrupt_075,0,0,True,16384,39004,5,1,1,False,Synthetic fixture with no third-party model weights,16384,/home/arpan/OTA/.cursor-tutor/ota_environment/results/final_deterministic_benchmark_20260505/bounded_manifests/smartota-container-yolo-small-only.json,1,4096,/home/arpan/OTA/.cursor-tutor/ota_environment/data/raw/containers/yolo-perception/yolo-perception-layer-new.tar,/home/arpan/OTA/.cursor-tutor/ota_environment/data/raw/containers/yolo-perception/yolo-perception-layer-new.tar,e669a57fb08d98364bfc4188a4259b2d14d83698302da7cd0dcc57f9bed99e1c,20480,/home/arpan/OTA/.cursor-tutor/ota_environment/data/raw/containers/yolo-perception/yolo-perception-layer-old.tar,/home/arpan/OTA/.cursor-tutor/ota_environment/data/raw/containers/yolo-perception/yolo-perception-layer-old.tar,0e8b0687acf08d383867dafd22ba867fb3829e05656edef718005071fdffdca8,20480,,,,1,4,,container_yolo_perception_update,copy_only,CPython,"3.12.7 | packaged by Anaconda, Inc. | (main, Oct  4 2024, 13:27:36) [GCC 11.2.0]",,,True,True,0.0,,,0.0004,0.0004,containerized_yolo_perception_update,1,,,,Locally generated deterministic SmartOTA-Bench YOLO-style perception container fixture,5,0.00166,2026-07-17T15:45:42.120432+00:00,containers,True
,,,5,0,,e669a57fb08d98364bfc4188a4259b2d14d83698302da7cd0dcc57f9bed99e1c,0e8b0687acf08d383867dafd22ba867fb3829e05656edef718005071fdffdca8,perception_container_tar,copy_delta,4096,4096,0,5,,True,uncompressed,deterministic_tar_derivation,smartota-container-layers,1.2.6,0.26.2,1.26.4,2.20.0,2.12.0,,,,,,,0,,,0,,0,100000000.0,,False,100000000.0,always_pass,1,unconstrained_default,50000000.0,268435456,0.0,False,True,,streaming,1073741824,20480,0.000265,,16384,,,,complete,0.000546,20480,0,,26513,26513,30231,11543,,,,,True,,,,,,0,0.000811,0,container_av_perception,,0.005265,26513,5,2942cbde2fd344cccea23aabbe8d5bf168610c71,False,0.75,"{'interruption_percentage': 0.75, 'interrupted_after_operations': 4, 'operation_count': 5, 'checkpoint_available': False, 'checkpoint_operation_index': 0, 'resumed_from_checkpoint': False, 'recovery_strategy': 'rollback_reinstall', 'recovery_success': True, 'rollback_success': True, 'rollback_ready_at_interruption': True, 'final_replay_validity': True, 'replay_errors': '', 'recovery_errors': '', 'extra_network_bytes': 26342, 'extra_flash_writes': 16384, 'total_network_bytes': 52855, 'total_flash_write_bytes': 32768, 'interrupted_metrics': {'install_state': 'interrupted', 'package_size_bytes': 26342, 'network_bytes': 26342, 'staging_area_bytes': 0, 'backup_area_bytes': 0, 'installed_image_bytes': 20480, 'current_persistent_storage_bytes': 20480, 'peak_persistent_storage_bytes': 30231, 'peak_ram_bytes': 11543, 'flash_write_bytes': 16384, 'download_time_s': 0.000263, 'install_time_s': 0.000546, 'total_time_s': 0.00081, 'checkpoint_count': 0, 'latest_checkpoint_operation': 0, 'rollback_ready': True, 'unsafe_overwrite_count': 0, 'budget_violation_count': 0, 'budget_violations': []}, 'recovered_metrics': {'install_state': 'complete', 'package_size_bytes': 52855, 'network_bytes': 52855, 'staging_area_bytes': 0, 'backup_area_bytes': 0, 'installed_image_bytes': 20480, 'current_persistent_storage_bytes': 20480, 'peak_persistent_storage_bytes': 30231, 'peak_ram_bytes': 11543, 'flash_write_bytes': 32768, 'download_time_s': 0.000529, 'install_time_s': 0.001092, 'total_time_s': 0.001621, 'checkpoint_count': 0, 'latest_checkpoint_operation': 0, 'rollback_ready': True, 'unsafe_overwrite_count': 0, 'budget_violation_count': 0, 'budget_violations': []}, 'recovery_cost': {'discarded_operation_count': 4, 'replayed_operation_count': 5, 'network_bytes': 26513, 'flash_write_bytes': 16384}}",interrupt_075,0,0,True,16384,26342,5,1,1,False,Synthetic fixture with no third-party model weights,16384,/home/arpan/OTA/.cursor-tutor/ota_environment/results/final_deterministic_benchmark_20260505/bounded_manifests/smartota-container-yolo-small-only.json,1,11543,/home/arpan/OTA/.cursor-tutor/ota_environment/data/raw/containers/yolo-perception/yolo-perception-layer-new.tar,/home/arpan/OTA/.cursor-tutor/ota_environment/data/raw/containers/yolo-perception/yolo-perception-layer-new.tar,e669a57fb08d98364bfc4188a4259b2d14d83698302da7cd0dcc57f9bed99e1c,20480,/home/arpan/OTA/.cursor-tutor/ota_environment/data/raw/containers/yolo-perception/yolo-perception-layer-old.tar,/home/arpan/OTA/.cursor-tutor/ota_environment/data/raw/containers/yolo-perception/yolo-perception-layer-old.tar,0e8b0687acf08d383867dafd22ba867fb3829e05656edef718005071fdffdca8,20480,,,3,1,1,,container_yolo_perception_update,copy_delta,CPython,"3.12.7 | packaged by Anaconda, Inc. | (main, Oct  4 2024, 13:27:36) [GCC 11.2.0]",,,True,True,0.0,,,0.005265,0.005265,containerized_yolo_perception_update,1,,,,Locally generated deterministic SmartOTA-Bench YOLO-style perception container fixture,5,0.008142,2026-07-17T15:45:42.120432+00:00,containers,True
,,,5,4,,e669a57fb08d98364bfc4188a4259b2d14d83698302da7cd0dcc57f9bed99e1c,0e8b0687acf08d383867dafd22ba867fb3829e05656edef718005071fdffdca8,perception_container_tar,backup_safe_copy_delta,4096,4096,0,5,,True,uncompressed,deterministic_tar_derivation,smartota-container-layers,1.2.6,0.26.2,1.26.4,2.20.0,2.12.0,,,,,,,16384,,,0,,0,100000000.0,,False,100000000.0,always_pass,1,unconstrained_default,50000000.0,268435456,0.0,False,True,,streaming,1073741824,36864,0.00027,,32768,,,,complete,0.00071,20480,0,,26977,26977,44457,11543,,,,,True,,,,,,0,0.00098,0,container_av_perception,,0.010364,26977,9,2942cbde2fd344cccea23aabbe8d5bf168610c71,False,0.75,"{'interruption_percentage': 0.75, 'interrupted_after_operations': 7, 'operation_count': 9, 'checkpoint_available': False, 'checkpoint_operation_index': 0, 'resumed_from_checkpoint': False, 'recovery_strategy': 'rollback_reinstall', 'recovery_success': True, 'rollback_success': True, 'rollback_ready_at_interruption': True, 'final_replay_validity': True, 'replay_errors': '', 'recovery_errors': '', 'extra_network_bytes': 19213, 'extra_flash_writes': 28672, 'total_network_bytes': 46190, 'total_flash_write_bytes': 61440, 'interrupted_metrics': {'install_state': 'interrupted', 'package_size_bytes': 19213, 'network_bytes': 19213, 'staging_area_bytes': 0, 'backup_area_bytes': 16384, 'installed_image_bytes': 20480, 'current_persistent_storage_bytes': 36864, 'peak_persistent_storage_bytes': 42519, 'peak_ram_bytes': 11543, 'flash_write_bytes': 28672, 'download_time_s': 0.000192, 'install_time_s': 0.000524, 'total_time_s': 0.000716, 'checkpoint_count': 0, 'latest_checkpoint_operation': 0, 'rollback_ready': True, 'unsafe_overwrite_count': 0, 'budget_violation_count': 0, 'budget_violations': []}, 'recovered_metrics': {'install_state': 'complete', 'package_size_bytes': 46190, 'network_bytes': 46190, 'staging_area_bytes': 0, 'backup_area_bytes': 16384, 'installed_image_bytes': 20480, 'current_persistent_storage_bytes': 36864, 'peak_persistent_storage_bytes': 46615, 'peak_ram_bytes': 11543, 'flash_write_bytes': 61440, 'download_time_s': 0.000462, 'install_time_s': 0.001234, 'total_time_s': 0.001696, 'checkpoint_count': 0, 'latest_checkpoint_operation': 0, 'rollback_ready': True, 'unsafe_overwrite_count': 0, 'budget_violation_count': 0, 'budget_violations': []}, 'recovery_cost': {'discarded_operation_count': 7, 'replayed_operation_count': 9, 'network_bytes': 26977, 'flash_write_bytes': 32768}}",interrupt_075,0,0,True,28672,19213,9,1,1,False,Synthetic fixture with no third-party model weights,16384,/home/arpan/OTA/.cursor-tutor/ota_environment/results/final_deterministic_benchmark_20260505/bounded_manifests/smartota-container-yolo-small-only.json,1,11543,/home/arpan/OTA/.cursor-tutor/ota_environment/data/raw/containers/yolo-perception/yolo-perception-layer-new.tar,/home/arpan/OTA/.cursor-tutor/ota_environment/data/raw/containers/yolo-perception/yolo-perception-layer-new.tar,e669a57fb08d98364bfc4188a4259b2d14d83698302da7cd0dcc57f9bed99e1c,20480,/home/arpan/OTA/.cursor-tutor/ota_environment/data/raw/containers/yolo-perception/yolo-perception-layer-old.tar,/home/arpan/OTA/.cursor-tutor/ota_environment/data/raw/containers/yolo-perception/yolo-perception-layer-old.tar,0e8b0687acf08d383867dafd22ba867fb3829e05656edef718005071fdffdca8,20480,4,,3,1,1,,container_yolo_perception_update,backup_safe_copy_delta,CPython,"3.12.7 | packaged by Anaconda, Inc. | (main, Oct  4 2024, 13:27:36) [GCC 11.2.0]",,,True,True,0.0,,,0.010364,0.010364,containerized_yolo_perception_update,1,,,,Locally generated deterministic SmartOTA-Bench YOLO-style perception container fixture,9,0.013115,2026-07-17T15:45:42.120432+00:00,containers,True
,,,5,0,,e669a57fb08d98364bfc4188a4259b2d14d83698302da7cd0dcc57f9bed99e1c,0e8b0687acf08d383867dafd22ba867fb3829e05656edef718005071fdffdca8,perception_container_tar,deployment_aware_greedy,4096,4096,0,5,,True,uncompressed,deterministic_tar_derivation,smartota-container-layers,1.2.6,0.26.2,1.26.4,2.20.0,2.12.0,,,,,,,0,,,0,,0,100000000.0,,False,100000000.0,always_pass,1,unconstrained_default,50000000.0,268435456,0.0,False,True,,streaming,1073741824,20480,0.000265,,16384,,,,complete,0.000546,20480,0,,26513,26513,30231,11543,,,,,True,,,,,,0,0.000811,0,container_av_perception,,0.007515,26513,5,2942cbde2fd344cccea23aabbe8d5bf168610c71,False,0.75,"{'interruption_percentage': 0.75, 'interrupted_after_operations': 4, 'operation_count': 5, 'checkpoint_available': False, 'checkpoint_operation_index': 0, 'resumed_from_checkpoint': False, 'recovery_strategy': 'rollback_reinstall', 'recovery_success': True, 'rollback_success': True, 'rollback_ready_at_interruption': True, 'final_replay_validity': True, 'replay_errors': '', 'recovery_errors': '', 'extra_network_bytes': 26342, 'extra_flash_writes': 16384, 'total_network_bytes': 52855, 'total_flash_write_bytes': 32768, 'interrupted_metrics': {'install_state': 'interrupted', 'package_size_bytes': 26342, 'network_bytes': 26342, 'staging_area_bytes': 0, 'backup_area_bytes': 0, 'installed_image_bytes': 20480, 'current_persistent_storage_bytes': 20480, 'peak_persistent_storage_bytes': 30231, 'peak_ram_bytes': 11543, 'flash_write_bytes': 16384, 'download_time_s': 0.000263, 'install_time_s': 0.000546, 'total_time_s': 0.00081, 'checkpoint_count': 0, 'latest_checkpoint_operation': 0, 'rollback_ready': True, 'unsafe_overwrite_count': 0, 'budget_violation_count': 0, 'budget_violations': []}, 'recovered_metrics': {'install_state': 'complete', 'package_size_bytes': 52855, 'network_bytes': 52855, 'staging_area_bytes': 0, 'backup_area_bytes': 0, 'installed_image_bytes': 20480, 'current_persistent_storage_bytes': 20480, 'peak_persistent_storage_bytes': 30231, 'peak_ram_bytes': 11543, 'flash_write_bytes': 32768, 'download_time_s': 0.000529, 'install_time_s': 0.001092, 'total_time_s': 0.001621, 'checkpoint_count': 0, 'latest_checkpoint_operation': 0, 'rollback_ready': True, 'unsafe_overwrite_count': 0, 'budget_violation_count': 0, 'budget_violations': []}, 'recovery_cost': {'discarded_operation_count': 4, 'replayed_operation_count': 5, 'network_bytes': 26513, 'flash_write_bytes': 16384}}",interrupt_075,0,0,True,16384,26342,5,1,1,False,Synthetic fixture with no third-party model weights,16384,/home/arpan/OTA/.cursor-tutor/ota_environment/results/final_deterministic_benchmark_20260505/bounded_manifests/smartota-container-yolo-small-only.json,1,11543,/home/arpan/OTA/.cursor-tutor/ota_environment/data/raw/containers/yolo-perception/yolo-perception-layer-new.tar,/home/arpan/OTA/.cursor-tutor/ota_environment/data/raw/containers/yolo-perception/yolo-perception-layer-new.tar,e669a57fb08d98364bfc4188a4259b2d14d83698302da7cd0dcc57f9bed99e1c,20480,/home/arpan/OTA/.cursor-tutor/ota_environment/data/raw/containers/yolo-perception/yolo-perception-layer-old.tar,/home/arpan/OTA/.cursor-tutor/ota_environment/data/raw/containers/yolo-perception/yolo-perception-layer-old.tar,0e8b0687acf08d383867dafd22ba867fb3829e05656edef718005071fdffdca8,20480,,,3,1,1,,container_yolo_perception_update,deployment_aware_greedy,CPython,"3.12.7 | packaged by Anaconda, Inc. | (main, Oct  4 2024, 13:27:36) [GCC 11.2.0]",,,True,True,0.0,,,0.007515,0.007515,containerized_yolo_perception_update,1,,,,Locally generated deterministic SmartOTA-Bench YOLO-style perception container fixture,5,0.010191,2026-07-17T15:45:42.120432+00:00,containers,True
,,,5,0,,e669a57fb08d98364bfc4188a4259b2d14d83698302da7cd0dcc57f9bed99e1c,0e8b0687acf08d383867dafd22ba867fb3829e05656edef718005071fdffdca8,perception_container_tar,rsync_rolling_hash,4096,4096,0,5,,True,uncompressed,deterministic_tar_derivation,smartota-container-layers,1.2.6,0.26.2,1.26.4,2.20.0,2.12.0,,,,,,,0,,,0,,0,100000000.0,,False,100000000.0,always_pass,1,unconstrained_default,50000000.0,268435456,0.0,False,True,,streaming,1073741824,20480,0.000392,,16384,,,,complete,0.000164,20480,0,,39175,39175,30231,4096,,,,,True,,,,,,0,0.000556,0,container_av_perception,,0.004638,39175,5,2942cbde2fd344cccea23aabbe8d5bf168610c71,False,0.75,"{'interruption_percentage': 0.75, 'interrupted_after_operations': 4, 'operation_count': 5, 'checkpoint_available': False, 'checkpoint_operation_index': 0, 'resumed_from_checkpoint': False, 'recovery_strategy': 'rollback_reinstall', 'recovery_success': True, 'rollback_success': True, 'rollback_ready_at_interruption': True, 'final_replay_validity': True, 'replay_errors': '', 'recovery_errors': '', 'extra_network_bytes': 39004, 'extra_flash_writes': 16384, 'total_network_bytes': 78179, 'total_flash_write_bytes': 32768, 'interrupted_metrics': {'install_state': 'interrupted', 'package_size_bytes': 39004, 'network_bytes': 39004, 'staging_area_bytes': 0, 'backup_area_bytes': 0, 'installed_image_bytes': 20480, 'current_persistent_storage_bytes': 20480, 'peak_persistent_storage_bytes': 30231, 'peak_ram_bytes': 4096, 'flash_write_bytes': 16384, 'download_time_s': 0.00039, 'install_time_s': 0.000164, 'total_time_s': 0.000554, 'checkpoint_count': 0, 'latest_checkpoint_operation': 0, 'rollback_ready': True, 'unsafe_overwrite_count': 0, 'budget_violation_count': 0, 'budget_violations': []}, 'recovered_metrics': {'install_state': 'complete', 'package_size_bytes': 78179, 'network_bytes': 78179, 'staging_area_bytes': 0, 'backup_area_bytes': 0, 'installed_image_bytes': 20480, 'current_persistent_storage_bytes': 20480, 'peak_persistent_storage_bytes': 30231, 'peak_ram_bytes': 4096, 'flash_write_bytes': 32768, 'download_time_s': 0.000782, 'install_time_s': 0.000328, 'total_time_s': 0.001109, 'checkpoint_count': 0, 'latest_checkpoint_operation': 0, 'rollback_ready': True, 'unsafe_overwrite_count': 0, 'budget_violation_count': 0, 'budget_violations': []}, 'recovery_cost': {'discarded_operation_count': 4, 'replayed_operation_count': 5, 'network_bytes': 39175, 'flash_write_bytes': 16384}}",interrupt_075,0,0,True,16384,39004,5,1,1,False,Synthetic fixture with no third-party model weights,16384,/home/arpan/OTA/.cursor-tutor/ota_environment/results/final_deterministic_benchmark_20260505/bounded_manifests/smartota-container-yolo-small-only.json,1,4096,/home/arpan/OTA/.cursor-tutor/ota_environment/data/raw/containers/yolo-perception/yolo-perception-layer-new.tar,/home/arpan/OTA/.cursor-tutor/ota_environment/data/raw/containers/yolo-perception/yolo-perception-layer-new.tar,e669a57fb08d98364bfc4188a4259b2d14d83698302da7cd0dcc57f9bed99e1c,20480,/home/arpan/OTA/.cursor-tutor/ota_environment/data/raw/containers/yolo-perception/yolo-perception-layer-old.tar,/home/arpan/OTA/.cursor-tutor/ota_environment/data/raw/containers/yolo-perception/yolo-perception-layer-old.tar,0e8b0687acf08d383867dafd22ba867fb3829e05656edef718005071fdffdca8,20480,,,,1,4,,container_yolo_perception_update,rsync_rolling_hash,CPython,"3.12.7 | packaged by Anaconda, Inc. | (main, Oct  4 2024, 13:27:36) [GCC 11.2.0]",,,True,True,0.0,,,0.004638,0.004638,containerized_yolo_perception_update,1,,,,Locally generated deterministic SmartOTA-Bench YOLO-style perception container fixture,5,0.005857,2026-07-17T15:45:42.120432+00:00,containers,True
True,True,True,2,0,True,e669a57fb08d98364bfc4188a4259b2d14d83698302da7cd0dcc57f9bed99e1c,0e8b0687acf08d383867dafd22ba867fb3829e05656edef718005071fdffdca8,perception_container_tar,full_replacement,4096,4096,0,5,True,True,uncompressed,deterministic_tar_derivation,smartota-container-layers,1.2.6,0.26.2,1.26.4,2.20.0,2.12.0,True,True,True,True,B,e669a57fb08d98364bfc4188a4259b2d14d83698302da7cd0dcc57f9bed99e1c,0,1,True,0,,0,2000000.0,25,True,20000000.0,always_pass,2,realistic,10000000.0,8388608,30.0,True,True,16777216,full_package,25165824,20480,0.024042,30.0,20480,pass,A,0e8b0687acf08d383867dafd22ba867fb3829e05656edef718005071fdffdca8,complete,0.001024,20480,0,2,48083,48083,84947,20480,False,1,False,False,False,False,16777216,20480,False,1,0,0.025066,1,container_av_perception,30.0,0.000415,48083,2,2942cbde2fd344cccea23aabbe8d5bf168610c71,False,0.25,"{'interruption_percentage': 0.25, 'interrupted_after_operations': 1, 'operation_count': 2, 'checkpoint_available': False, 'checkpoint_operation_index': 0, 'resumed_from_checkpoint': False, 'recovery_strategy': 'failed', 'recovery_success': False, 'rollback_success': False, 'rollback_ready_at_interruption': False, 'final_replay_validity': False, 'replay_errors': '', 'recovery_errors': 'no checkpoint and rollback is not ready', 'extra_network_bytes': 0, 'extra_flash_writes': 0, 'total_network_bytes': 47979, 'total_flash_write_bytes': 20480, 'interrupted_metrics': {'install_state': 'interrupted', 'package_size_bytes': 47979, 'network_bytes': 47979, 'staging_area_bytes': 47979, 'backup_area_bytes': 0, 'installed_image_bytes': 36864, 'current_persistent_storage_bytes': 84843, 'peak_persistent_storage_bytes': 84843, 'peak_ram_bytes': 20480, 'flash_write_bytes': 20480, 'download_time_s': 0.02399, 'install_time_s': 0.001024, 'total_time_s': 0.025014, 'checkpoint_count': 0, 'latest_checkpoint_operation': 0, 'rollback_ready': False, 'unsafe_overwrite_count': 1, 'budget_violation_count': 0, 'budget_violations': [], 'ab_enabled': True, 'active_slot': 'A', 'inactive_slot': 'B', 'active_version': '0e8b0687acf08d383867dafd22ba867fb3829e05656edef718005071fdffdca8', 'inactive_version': '0e8b0687acf08d383867dafd22ba867fb3829e05656edef718005071fdffdca8', 'slot_capacity_bytes': 16777216, 'boot_attempt_counter': 0, 'max_boot_attempts': 2, 'pending_activation': False, 'health_verdict': 'not_run', 'rollback_performed': False, 'ab_update_valid': False, 'ab_rollback_ready': True, 'slot_storage_bytes': 20480, 'slot_storage_violation': False, 'activation_success': False, 'boot_health_success': False, 'rollback_after_failed_boot': False, 'rollback_success': False, 'reboot_count': 0, 'downtime_seconds': 0.0, 'slot_switch_count': 0}, 'recovered_metrics': {}, 'recovery_cost': {'discarded_operation_count': 1, 'replayed_operation_count': 0, 'network_bytes': 0, 'flash_write_bytes': 0}}",interrupt_025,0,1,False,0,0,0,0,1,False,Synthetic fixture with no third-party model weights,16384,/home/arpan/OTA/.cursor-tutor/ota_environment/results/final_deterministic_benchmark_20260505/bounded_manifests/smartota-container-yolo-small-only.json,1,20480,/home/arpan/OTA/.cursor-tutor/ota_environment/data/raw/containers/yolo-perception/yolo-perception-layer-new.tar,/home/arpan/OTA/.cursor-tutor/ota_environment/data/raw/containers/yolo-perception/yolo-perception-layer-new.tar,e669a57fb08d98364bfc4188a4259b2d14d83698302da7cd0dcc57f9bed99e1c,20480,/home/arpan/OTA/.cursor-tutor/ota_environment/data/raw/containers/yolo-perception/yolo-perception-layer-old.tar,/home/arpan/OTA/.cursor-tutor/ota_environment/data/raw/containers/yolo-perception/yolo-perception-layer-old.tar,0e8b0687acf08d383867dafd22ba867fb3829e05656edef718005071fdffdca8,20480,,,,,1,1,container_yolo_perception_update,full_replacement,CPython,"3.12.7 | packaged by Anaconda, Inc. | (main, Oct  4 2024, 13:27:36) [GCC 11.2.0]",1,,True,True,0.0,False,False,0.000415,0.000415,containerized_yolo_perception_update,1,20480,False,1,Locally generated deterministic SmartOTA-Bench YOLO-style perception container fixture,2,0.001109,2026-07-17T15:45:42.120432+00:00,containers,True
True,True,True,2,0,True,e669a57fb08d98364bfc4188a4259b2d14d83698302da7cd0dcc57f9bed99e1c,0e8b0687acf08d383867dafd22ba867fb3829e05656edef718005071fdffdca8,perception_container_tar,whole_file_bsdiff,4096,4096,0,5,True,True,uncompressed,deterministic_tar_derivation,smartota-container-layers,1.2.6,0.26.2,1.26.4,2.20.0,2.12.0,True,True,True,True,B,e669a57fb08d98364bfc4188a4259b2d14d83698302da7cd0dcc57f9bed99e1c,0,1,True,0,,0,2000000.0,25,True,20000000.0,always_pass,2,realistic,10000000.0,8388608,30.0,True,True,16777216,full_package,25165824,20480,0.012039,30.0,20480,pass,A,0e8b0687acf08d383867dafd22ba867fb3829e05656edef718005071fdffdca8,complete,0.004089,20480,0,2,24079,24079,60943,51133,False,1,False,False,False,False,16777216,20480,False,1,0,0.016129,1,container_av_perception,30.0,0.005188,24079,2,2942cbde2fd344cccea23aabbe8d5bf168610c71,False,0.25,"{'interruption_percentage': 0.25, 'interrupted_after_operations': 1, 'operation_count': 2, 'checkpoint_available': False, 'checkpoint_operation_index': 0, 'resumed_from_checkpoint': False, 'recovery_strategy': 'failed', 'recovery_success': False, 'rollback_success': False, 'rollback_ready_at_interruption': False, 'final_replay_validity': False, 'replay_errors': '', 'recovery_errors': 'no checkpoint and rollback is not ready', 'extra_network_bytes': 0, 'extra_flash_writes': 0, 'total_network_bytes': 23975, 'total_flash_write_bytes': 20480, 'interrupted_metrics': {'install_state': 'interrupted', 'package_size_bytes': 23975, 'network_bytes': 23975, 'staging_area_bytes': 23975, 'backup_area_bytes': 0, 'installed_image_bytes': 36864, 'current_persistent_storage_bytes': 60839, 'peak_persistent_storage_bytes': 60839, 'peak_ram_bytes': 51133, 'flash_write_bytes': 20480, 'download_time_s': 0.011987, 'install_time_s': 0.004089, 'total_time_s': 0.016077, 'checkpoint_count': 0, 'latest_checkpoint_operation': 0, 'rollback_ready': False, 'unsafe_overwrite_count': 1, 'budget_violation_count': 0, 'budget_violations': [], 'ab_enabled': True, 'active_slot': 'A', 'inactive_slot': 'B', 'active_version': '0e8b0687acf08d383867dafd22ba867fb3829e05656edef718005071fdffdca8', 'inactive_version': '0e8b0687acf08d383867dafd22ba867fb3829e05656edef718005071fdffdca8', 'slot_capacity_bytes': 16777216, 'boot_attempt_counter': 0, 'max_boot_attempts': 2, 'pending_activation': False, 'health_verdict': 'not_run', 'rollback_performed': False, 'ab_update_valid': False, 'ab_rollback_ready': True, 'slot_storage_bytes': 20480, 'slot_storage_violation': False, 'activation_success': False, 'boot_health_success': False, 'rollback_after_failed_boot': False, 'rollback_success': False, 'reboot_count': 0, 'downtime_seconds': 0.0, 'slot_switch_count': 0}, 'recovered_metrics': {}, 'recovery_cost': {'discarded_operation_count': 1, 'replayed_operation_count': 0, 'network_bytes': 0, 'flash_write_bytes': 0}}",interrupt_025,0,1,False,0,0,0,0,1,False,Synthetic fixture with no third-party model weights,16384,/home/arpan/OTA/.cursor-tutor/ota_environment/results/final_deterministic_benchmark_20260505/bounded_manifests/smartota-container-yolo-small-only.json,1,51133,/home/arpan/OTA/.cursor-tutor/ota_environment/data/raw/containers/yolo-perception/yolo-perception-layer-new.tar,/home/arpan/OTA/.cursor-tutor/ota_environment/data/raw/containers/yolo-perception/yolo-perception-layer-new.tar,e669a57fb08d98364bfc4188a4259b2d14d83698302da7cd0dcc57f9bed99e1c,20480,/home/arpan/OTA/.cursor-tutor/ota_environment/data/raw/containers/yolo-perception/yolo-perception-layer-old.tar,/home/arpan/OTA/.cursor-tutor/ota_environment/data/raw/containers/yolo-perception/yolo-perception-layer-old.tar,0e8b0687acf08d383867dafd22ba867fb3829e05656edef718005071fdffdca8,20480,,,1,,,1,container_yolo_perception_update,whole_file_bsdiff,CPython,"3.12.7 | packaged by Anaconda, Inc. | (main, Oct  4 2024, 13:27:36) [GCC 11.2.0]",1,,True,True,0.0,False,False,0.005188,0.005188,containerized_yolo_perception_update,1,20480,False,1,Locally generated deterministic SmartOTA-Bench YOLO-style perception container fixture,2,0.00687,2026-07-17T15:45:42.120432+00:00,containers,True
True,True,True,5,0,True,e669a57fb08d98364bfc4188a4259b2d14d83698302da7cd0dcc57f9bed99e1c,0e8b0687acf08d383867dafd22ba867fb3829e05656edef718005071fdffdca8,perception_container_tar,blockwise_bsdiff,4096,4096,0,5,True,True,uncompressed,deterministic_tar_derivation,smartota-container-layers,1.2.6,0.26.2,1.26.4,2.20.0,2.12.0,True,True,True,True,B,e669a57fb08d98364bfc4188a4259b2d14d83698302da7cd0dcc57f9bed99e1c,0,1,True,0,,0,2000000.0,25,True,20000000.0,always_pass,2,realistic,10000000.0,8388608,30.0,True,True,16777216,full_package,25165824,20480,0.013921,30.0,16384,pass,A,0e8b0687acf08d383867dafd22ba867fb3829e05656edef718005071fdffdca8,complete,0.003606,20480,0,2,27841,27841,48321,12847,False,1,False,False,False,False,16777216,20480,False,1,0,0.017527,4,container_av_perception,30.0,0.00561,27841,5,2942cbde2fd344cccea23aabbe8d5bf168610c71,False,0.25,"{'interruption_percentage': 0.25, 'interrupted_after_operations': 2, 'operation_count': 5, 'checkpoint_available': False, 'checkpoint_operation_index': 0, 'resumed_from_checkpoint': False, 'recovery_strategy': 'failed', 'recovery_success': False, 'rollback_success': False, 'rollback_ready_at_interruption': False, 'final_replay_validity': False, 'replay_errors': '', 'recovery_errors': 'no checkpoint and rollback is not ready', 'extra_network_bytes': 0, 'extra_flash_writes': 0, 'total_network_bytes': 8998, 'total_flash_write_bytes': 8192, 'interrupted_metrics': {'install_state': 'interrupted', 'package_size_bytes': 8998, 'network_bytes': 8998, 'staging_area_bytes': 8998, 'backup_area_bytes': 0, 'installed_image_bytes': 20480, 'current_persistent_storage_bytes': 29478, 'peak_persistent_storage_bytes': 29478, 'peak_ram_bytes': 11543, 'flash_write_bytes': 8192, 'download_time_s': 0.004499, 'install_time_s': 0.001596, 'total_time_s': 0.006095, 'checkpoint_count': 0, 'latest_checkpoint_operation': 0, 'rollback_ready': False, 'unsafe_overwrite_count': 2, 'budget_violation_count': 0, 'budget_violations': [], 'ab_enabled': True, 'active_slot': 'A', 'inactive_slot': 'B', 'active_version': '0e8b0687acf08d383867dafd22ba867fb3829e05656edef718005071fdffdca8', 'inactive_version': '0e8b0687acf08d383867dafd22ba867fb3829e05656edef718005071fdffdca8', 'slot_capacity_bytes': 16777216, 'boot_attempt_counter': 0, 'max_boot_attempts': 2, 'pending_activation': False, 'health_verdict': 'not_run', 'rollback_performed': False, 'ab_update_valid': False, 'ab_rollback_ready': True, 'slot_storage_bytes': 20480, 'slot_storage_violation': False, 'activation_success': False, 'boot_health_success': False, 'rollback_after_failed_boot': False, 'rollback_success': False, 'reboot_count': 0, 'downtime_seconds': 0.0, 'slot_switch_count': 0}, 'recovered_metrics': {}, 'recovery_cost': {'discarded_operation_count': 2, 'replayed_operation_count': 0, 'network_bytes': 0, 'flash_write_bytes': 0}}",interrupt_025,0,1,False,0,0,0,0,1,False,Synthetic fixture with no third-party model weights,16384,/home/arpan/OTA/.cursor-tutor/ota_environment/results/final_deterministic_benchmark_20260505/bounded_manifests/smartota-container-yolo-small-only.json,1,12847,/home/arpan/OTA/.cursor-tutor/ota_environment/data/raw/containers/yolo-perception/yolo-perception-layer-new.tar,/home/arpan/OTA/.cursor-tutor/ota_environment/data/raw/containers/yolo-perception/yolo-perception-layer-new.tar,e669a57fb08d98364bfc4188a4259b2d14d83698302da7cd0dcc57f9bed99e1c,20480,/home/arpan/OTA/.cursor-tutor/ota_environment/data/raw/containers/yolo-perception/yolo-perception-layer-old.tar,/home/arpan/OTA/.cursor-tutor/ota_environment/data/raw/containers/yolo-perception/yolo-perception-layer-old.tar,0e8b0687acf08d383867dafd22ba867fb3829e05656edef718005071fdffdca8,20480,,,4,1,,,container_yolo_perception_update,blockwise_bsdiff,CPython,"3.12.7 | packaged by Anaconda, Inc. | (main, Oct  4 2024, 13:27:36) [GCC 11.2.0]",1,,True,True,0.0,False,False,0.00561,0.00561,containerized_yolo_perception_update,1,20480,False,1,Locally generated deterministic SmartOTA-Bench YOLO-style perception container fixture,5,0.007157,2026-07-17T15:45:42.120432+00:00,containers,True
True,True,True,5,0,True,e669a57fb08d98364bfc4188a4259b2d14d83698302da7cd0dcc57f9bed99e1c,0e8b0687acf08d383867dafd22ba867fb3829e05656edef718005071fdffdca8,perception_container_tar,copy_only,4096,4096,0,5,True,True,uncompressed,deterministic_tar_derivation,smartota-container-layers,1.2.6,0.26.2,1.26.4,2.20.0,2.12.0,True,True,True,True,B,e669a57fb08d98364bfc4188a4259b2d14d83698302da7cd0dcc57f9bed99e1c,0,1,True,0,,0,2000000.0,25,True,20000000.0,always_pass,2,realistic,10000000.0,8388608,30.0,True,True,16777216,full_package,25165824,20480,0.019587,30.0,16384,pass,A,0e8b0687acf08d383867dafd22ba867fb3829e05656edef718005071fdffdca8,complete,0.000819,20480,0,2,39175,39175,59655,4096,False,1,False,False,False,False,16777216,20480,False,1,0,0.020407,4,container_av_perception,30.0,0.000458,39175,5,2942cbde2fd344cccea23aabbe8d5bf168610c71,False,0.25,"{'interruption_percentage': 0.25, 'interrupted_after_operations': 2, 'operation_count': 5, 'checkpoint_available': False, 'checkpoint_operation_index': 0, 'resumed_from_checkpoint': False, 'recovery_strategy': 'failed', 'recovery_success': False, 'rollback_success': False, 'rollback_ready_at_interruption': False, 'final_replay_validity': False, 'replay_errors': '', 'recovery_errors': 'no checkpoint and rollback is not ready', 'extra_network_bytes': 0, 'extra_flash_writes': 0, 'total_network_bytes': 19502, 'total_flash_write_bytes': 8192, 'interrupted_metrics': {'install_state': 'interrupted', 'package_size_bytes': 19502, 'network_bytes': 19502, 'staging_area_bytes': 19502, 'backup_area_bytes': 0, 'installed_image_bytes': 20480, 'current_persistent_storage_bytes': 39982, 'peak_persistent_storage_bytes': 39982, 'peak_ram_bytes': 4096, 'flash_write_bytes': 8192, 'download_time_s': 0.009751, 'install_time_s': 0.00041, 'total_time_s': 0.010161, 'checkpoint_count': 0, 'latest_checkpoint_operation': 0, 'rollback_ready': False, 'unsafe_overwrite_count': 2, 'budget_violation_count': 0, 'budget_violations': [], 'ab_enabled': True, 'active_slot': 'A', 'inactive_slot': 'B', 'active_version': '0e8b0687acf08d383867dafd22ba867fb3829e05656edef718005071fdffdca8', 'inactive_version': '0e8b0687acf08d383867dafd22ba867fb3829e05656edef718005071fdffdca8', 'slot_capacity_bytes': 16777216, 'boot_attempt_counter': 0, 'max_boot_attempts': 2, 'pending_activation': False, 'health_verdict': 'not_run', 'rollback_performed': False, 'ab_update_valid': False, 'ab_rollback_ready': True, 'slot_storage_bytes': 20480, 'slot_storage_violation': False, 'activation_success': False, 'boot_health_success': False, 'rollback_after_failed_boot': False, 'rollback_success': False, 'reboot_count': 0, 'downtime_seconds': 0.0, 'slot_switch_count': 0}, 'recovered_metrics': {}, 'recovery_cost': {'discarded_operation_count': 2, 'replayed_operation_count': 0, 'network_bytes': 0, 'flash_write_bytes': 0}}",interrupt_025,0,1,False,0,0,0,0,1,False,Synthetic fixture with no third-party model weights,16384,/home/arpan/OTA/.cursor-tutor/ota_environment/results/final_deterministic_benchmark_20260505/bounded_manifests/smartota-container-yolo-small-only.json,1,4096,/home/arpan/OTA/.cursor-tutor/ota_environment/data/raw/containers/yolo-perception/yolo-perception-layer-new.tar,/home/arpan/OTA/.cursor-tutor/ota_environment/data/raw/containers/yolo-perception/yolo-perception-layer-new.tar,e669a57fb08d98364bfc4188a4259b2d14d83698302da7cd0dcc57f9bed99e1c,20480,/home/arpan/OTA/.cursor-tutor/ota_environment/data/raw/containers/yolo-perception/yolo-perception-layer-old.tar,/home/arpan/OTA/.cursor-tutor/ota_environment/data/raw/containers/yolo-perception/yolo-perception-layer-old.tar,0e8b0687acf08d383867dafd22ba867fb3829e05656edef718005071fdffdca8,20480,,,,1,4,,container_yolo_perception_update,copy_only,CPython,"3.12.7 | packaged by Anaconda, Inc. | (main, Oct  4 2024, 13:27:36) [GCC 11.2.0]",1,,True,True,0.0,False,False,0.000458,0.000458,containerized_yolo_perception_update,1,20480,False,1,Locally generated deterministic SmartOTA-Bench YOLO-style perception container fixture,5,0.001081,2026-07-17T15:45:42.120432+00:00,containers,True
True,True,True,5,0,True,e669a57fb08d98364bfc4188a4259b2d14d83698302da7cd0dcc57f9bed99e1c,0e8b0687acf08d383867dafd22ba867fb3829e05656edef718005071fdffdca8,perception_container_tar,copy_delta,4096,4096,0,5,True,True,uncompressed,deterministic_tar_derivation,smartota-container-layers,1.2.6,0.26.2,1.26.4,2.20.0,2.12.0,True,True,True,True,B,e669a57fb08d98364bfc4188a4259b2d14d83698302da7cd0dcc57f9bed99e1c,0,1,True,0,,0,2000000.0,25,True,20000000.0,always_pass,2,realistic,10000000.0,8388608,30.0,True,True,16777216,full_package,25165824,20480,0.013257,30.0,16384,pass,A,0e8b0687acf08d383867dafd22ba867fb3829e05656edef718005071fdffdca8,complete,0.002731,20480,0,2,26513,26513,46993,11543,False,1,False,False,False,False,16777216,20480,False,1,0,0.015988,4,container_av_perception,30.0,0.005362,26513,5,2942cbde2fd344cccea23aabbe8d5bf168610c71,False,0.25,"{'interruption_percentage': 0.25, 'interrupted_after_operations': 2, 'operation_count': 5, 'checkpoint_available': False, 'checkpoint_operation_index': 0, 'resumed_from_checkpoint': False, 'recovery_strategy': 'failed', 'recovery_success': False, 'rollback_success': False, 'rollback_ready_at_interruption': False, 'final_replay_validity': False, 'replay_errors': '', 'recovery_errors': 'no checkpoint and rollback is not ready', 'extra_network_bytes': 0, 'extra_flash_writes': 0, 'total_network_bytes': 8998, 'total_flash_write_bytes': 8192, 'interrupted_metrics': {'install_state': 'interrupted', 'package_size_bytes': 8998, 'network_bytes': 8998, 'staging_area_bytes': 8998, 'backup_area_bytes': 0, 'installed_image_bytes': 20480, 'current_persistent_storage_bytes': 29478, 'peak_persistent_storage_bytes': 29478, 'peak_ram_bytes': 11543, 'flash_write_bytes': 8192, 'download_time_s': 0.004499, 'install_time_s': 0.001596, 'total_time_s': 0.006095, 'checkpoint_count': 0, 'latest_checkpoint_operation': 0, 'rollback_ready': False, 'unsafe_overwrite_count': 2, 'budget_violation_count': 0, 'budget_violations': [], 'ab_enabled': True, 'active_slot': 'A', 'inactive_slot': 'B', 'active_version': '0e8b0687acf08d383867dafd22ba867fb3829e05656edef718005071fdffdca8', 'inactive_version': '0e8b0687acf08d383867dafd22ba867fb3829e05656edef718005071fdffdca8', 'slot_capacity_bytes': 16777216, 'boot_attempt_counter': 0, 'max_boot_attempts': 2, 'pending_activation': False, 'health_verdict': 'not_run', 'rollback_performed': False, 'ab_update_valid': False, 'ab_rollback_ready': True, 'slot_storage_bytes': 20480, 'slot_storage_violation': False, 'activation_success': False, 'boot_health_success': False, 'rollback_after_failed_boot': False, 'rollback_success': False, 'reboot_count': 0, 'downtime_seconds': 0.0, 'slot_switch_count': 0}, 'recovered_metrics': {}, 'recovery_cost': {'discarded_operation_count': 2, 'replayed_operation_count': 0, 'network_bytes': 0, 'flash_write_bytes': 0}}",interrupt_025,0,1,False,0,0,0,0,1,False,Synthetic fixture with no third-party model weights,16384,/home/arpan/OTA/.cursor-tutor/ota_environment/results/final_deterministic_benchmark_20260505/bounded_manifests/smartota-container-yolo-small-only.json,1,11543,/home/arpan/OTA/.cursor-tutor/ota_environment/data/raw/containers/yolo-perception/yolo-perception-layer-new.tar,/home/arpan/OTA/.cursor-tutor/ota_environment/data/raw/containers/yolo-perception/yolo-perception-layer-new.tar,e669a57fb08d98364bfc4188a4259b2d14d83698302da7cd0dcc57f9bed99e1c,20480,/home/arpan/OTA/.cursor-tutor/ota_environment/data/raw/containers/yolo-perception/yolo-perception-layer-old.tar,/home/arpan/OTA/.cursor-tutor/ota_environment/data/raw/containers/yolo-perception/yolo-perception-layer-old.tar,0e8b0687acf08d383867dafd22ba867fb3829e05656edef718005071fdffdca8,20480,,,3,1,1,,container_yolo_perception_update,copy_delta,CPython,"3.12.7 | packaged by Anaconda, Inc. | (main, Oct  4 2024, 13:27:36) [GCC 11.2.0]",1,,True,True,0.0,False,False,0.005362,0.005362,containerized_yolo_perception_update,1,20480,False,1,Locally generated deterministic SmartOTA-Bench YOLO-style perception container fixture,5,0.006657,2026-07-17T15:45:42.120432+00:00,containers,True
True,True,True,5,4,True,e669a57fb08d98364bfc4188a4259b2d14d83698302da7cd0dcc57f9bed99e1c,0e8b0687acf08d383867dafd22ba867fb3829e05656edef718005071fdffdca8,perception_container_tar,backup_safe_copy_delta,4096,4096,0,5,True,True,uncompressed,deterministic_tar_derivation,smartota-container-layers,1.2.6,0.26.2,1.26.4,2.20.0,2.12.0,True,True,True,True,B,e669a57fb08d98364bfc4188a4259b2d14d83698302da7cd0dcc57f9bed99e1c,16384,1,True,0,,0,2000000.0,25,True,20000000.0,always_pass,2,realistic,10000000.0,8388608,30.0,True,True,16777216,full_package,25165824,36864,0.013489,30.0,32768,pass,A,0e8b0687acf08d383867dafd22ba867fb3829e05656edef718005071fdffdca8,complete,0.00355,20480,0,2,26977,26977,63841,11543,False,1,False,False,True,False,16777216,20480,False,1,0,0.017039,0,container_av_perception,30.0,0.009829,26977,9,2942cbde2fd344cccea23aabbe8d5bf168610c71,False,0.25,"{'interruption_percentage': 0.25, 'interrupted_after_operations': 3, 'operation_count': 9, 'checkpoint_available': False, 'checkpoint_operation_index': 0, 'resumed_from_checkpoint': False, 'recovery_strategy': 'rollback_reinstall', 'recovery_success': True, 'rollback_success': True, 'rollback_ready_at_interruption': True, 'final_replay_validity': True, 'replay_errors': '', 'recovery_errors': '', 'extra_network_bytes': 1195, 'extra_flash_writes': 12288, 'total_network_bytes': 28172, 'total_flash_write_bytes': 45056, 'interrupted_metrics': {'install_state': 'interrupted', 'package_size_bytes': 1195, 'network_bytes': 1195, 'staging_area_bytes': 1195, 'backup_area_bytes': 8192, 'installed_image_bytes': 20480, 'current_persistent_storage_bytes': 29867, 'peak_persistent_storage_bytes': 29867, 'peak_ram_bytes': 8511, 'flash_write_bytes': 12288, 'download_time_s': 0.000598, 'install_time_s': 0.001056, 'total_time_s': 0.001653, 'checkpoint_count': 0, 'latest_checkpoint_operation': 0, 'rollback_ready': True, 'unsafe_overwrite_count': 0, 'budget_violation_count': 0, 'budget_violations': [], 'ab_enabled': True, 'active_slot': 'A', 'inactive_slot': 'B', 'active_version': '0e8b0687acf08d383867dafd22ba867fb3829e05656edef718005071fdffdca8', 'inactive_version': '0e8b0687acf08d383867dafd22ba867fb3829e05656edef718005071fdffdca8', 'slot_capacity_bytes': 16777216, 'boot_attempt_counter': 0, 'max_boot_attempts': 2, 'pending_activation': False, 'health_verdict': 'not_run', 'rollback_performed': False, 'ab_update_valid': False, 'ab_rollback_ready': True, 'slot_storage_bytes': 20480, 'slot_storage_violation': False, 'activation_success': False, 'boot_health_success': False, 'rollback_after_failed_boot': False, 'rollback_success': False, 'reboot_count': 0, 'downtime_seconds': 0.0, 'slot_switch_count': 0}, 'recovered_metrics': {'install_state': 'complete', 'package_size_bytes': 28172, 'network_bytes': 28172, 'staging_area_bytes': 0, 'backup_area_bytes': 16384, 'installed_image_bytes': 20480, 'current_persistent_storage_bytes': 36864, 'peak_persistent_storage_bytes': 63841, 'peak_ram_bytes': 11543, 'flash_write_bytes': 45056, 'download_time_s': 0.014086, 'install_time_s': 0.004606, 'total_time_s': 0.018692, 'checkpoint_count': 0, 'latest_checkpoint_operation': 0, 'rollback_ready': True, 'unsafe_overwrite_count': 0, 'budget_violation_count': 0, 'budget_violations': [], 'ab_enabled': True, 'active_slot': 'B', 'inactive_slot': 'A', 'active_version': 'e669a57fb08d98364bfc4188a4259b2d14d83698302da7cd0dcc57f9bed99e1c', 'inactive_version': '0e8b0687acf08d383867dafd22ba867fb3829e05656edef718005071fdffdca8', 'slot_capacity_bytes': 16777216, 'boot_attempt_counter': 1, 'max_boot_attempts': 2, 'pending_activation': False, 'health_verdict': 'pass', 'rollback_performed': False, 'ab_update_valid': True, 'ab_rollback_ready': True, 'slot_storage_bytes': 20480, 'slot_storage_violation': False, 'activation_success': True, 'boot_health_success': True, 'rollback_after_failed_boot': False, 'rollback_success': False, 'reboot_count': 1, 'downtime_seconds': 30.0, 'slot_switch_count': 1}, 'recovery_cost': {'discarded_operation_count': 3, 'replayed_operation_count': 9, 'network_bytes': 26977, 'flash_write_bytes': 32768}}",interrupt_025,0,0,True,12288,1195,9,1,1,False,Synthetic fixture with no third-party model weights,16384,/home/arpan/OTA/.cursor-tutor/ota_environment/results/final_deterministic_benchmark_20260505/bounded_manifests/smartota-container-yolo-small-only.json,1,11543,/home/arpan/OTA/.cursor-tutor/ota_environment/data/raw/containers/yolo-perception/yolo-perception-layer-new.tar,/home/arpan/OTA/.cursor-tutor/ota_environment/data/raw/containers/yolo-perception/yolo-perception-layer-new.tar,e669a57fb08d98364bfc4188a4259b2d14d83698302da7cd0dcc57f9bed99e1c,20480,/home/arpan/OTA/.cursor-tutor/ota_environment/data/raw/containers/yolo-perception/yolo-perception-layer-old.tar,/home/arpan/OTA/.cursor-tutor/ota_environment/data/raw/containers/yolo-perception/yolo-perception-layer-old.tar,0e8b0687acf08d383867dafd22ba867fb3829e05656edef718005071fdffdca8,20480,4,,3,1,1,,container_yolo_perception_update,backup_safe_copy_delta,CPython,"3.12.7 | packaged by Anaconda, Inc. | (main, Oct  4 2024, 13:27:36) [GCC 11.2.0]",1,,True,True,0.0,False,False,0.009829,0.009829,containerized_yolo_perception_update,1,20480,False,1,Locally generated deterministic SmartOTA-Bench YOLO-style perception container fixture,9,0.012349,2026-07-17T15:45:42.120432+00:00,containers,True
True,True,True,5,4,True,e669a57fb08d98364bfc4188a4259b2d14d83698302da7cd0dcc57f9bed99e1c,0e8b0687acf08d383867dafd22ba867fb3829e05656edef718005071fdffdca8,perception_container_tar,deployment_aware_greedy,4096,4096,0,5,True,True,uncompressed,deterministic_tar_derivation,smartota-container-layers,1.2.6,0.26.2,1.26.4,2.20.0,2.12.0,True,True,True,True,B,e669a57fb08d98364bfc4188a4259b2d14d83698302da7cd0dcc57f9bed99e1c,16384,1,True,0,,0,2000000.0,25,True,20000000.0,always_pass,2,realistic,10000000.0,8388608,30.0,True,True,16777216,full_package,25165824,36864,0.013489,30.0,32768,pass,A,0e8b0687acf08d383867dafd22ba867fb3829e05656edef718005071fdffdca8,complete,0.00355,20480,0,2,26977,26977,63841,11543,False,1,False,False,True,False,16777216,20480,False,1,0,0.017039,0,container_av_perception,30.0,0.009641,26977,9,2942cbde2fd344cccea23aabbe8d5bf168610c71,False,0.25,"{'interruption_percentage': 0.25, 'interrupted_after_operations': 3, 'operation_count': 9, 'checkpoint_available': False, 'checkpoint_operation_index': 0, 'resumed_from_checkpoint': False, 'recovery_strategy': 'rollback_reinstall', 'recovery_success': True, 'rollback_success': True, 'rollback_ready_at_interruption': True, 'final_replay_validity': True, 'replay_errors': '', 'recovery_errors': '', 'extra_network_bytes': 1195, 'extra_flash_writes': 12288, 'total_network_bytes': 28172, 'total_flash_write_bytes': 45056, 'interrupted_metrics': {'install_state': 'interrupted', 'package_size_bytes': 1195, 'network_bytes': 1195, 'staging_area_bytes': 1195, 'backup_area_bytes': 8192, 'installed_image_bytes': 20480, 'current_persistent_storage_bytes': 29867, 'peak_persistent_storage_bytes': 29867, 'peak_ram_bytes': 8511, 'flash_write_bytes': 12288, 'download_time_s': 0.000598, 'install_time_s': 0.001056, 'total_time_s': 0.001653, 'checkpoint_count': 0, 'latest_checkpoint_operation': 0, 'rollback_ready': True, 'unsafe_overwrite_count': 0, 'budget_violation_count': 0, 'budget_violations': [], 'ab_enabled': True, 'active_slot': 'A', 'inactive_slot': 'B', 'active_version': '0e8b0687acf08d383867dafd22ba867fb3829e05656edef718005071fdffdca8', 'inactive_version': '0e8b0687acf08d383867dafd22ba867fb3829e05656edef718005071fdffdca8', 'slot_capacity_bytes': 16777216, 'boot_attempt_counter': 0, 'max_boot_attempts': 2, 'pending_activation': False, 'health_verdict': 'not_run', 'rollback_performed': False, 'ab_update_valid': False, 'ab_rollback_ready': True, 'slot_storage_bytes': 20480, 'slot_storage_violation': False, 'activation_success': False, 'boot_health_success': False, 'rollback_after_failed_boot': False, 'rollback_success': False, 'reboot_count': 0, 'downtime_seconds': 0.0, 'slot_switch_count': 0}, 'recovered_metrics': {'install_state': 'complete', 'package_size_bytes': 28172, 'network_bytes': 28172, 'staging_area_bytes': 0, 'backup_area_bytes': 16384, 'installed_image_bytes': 20480, 'current_persistent_storage_bytes': 36864, 'peak_persistent_storage_bytes': 63841, 'peak_ram_bytes': 11543, 'flash_write_bytes': 45056, 'download_time_s': 0.014086, 'install_time_s': 0.004606, 'total_time_s': 0.018692, 'checkpoint_count': 0, 'latest_checkpoint_operation': 0, 'rollback_ready': True, 'unsafe_overwrite_count': 0, 'budget_violation_count': 0, 'budget_violations': [], 'ab_enabled': True, 'active_slot': 'B', 'inactive_slot': 'A', 'active_version': 'e669a57fb08d98364bfc4188a4259b2d14d83698302da7cd0dcc57f9bed99e1c', 'inactive_version': '0e8b0687acf08d383867dafd22ba867fb3829e05656edef718005071fdffdca8', 'slot_capacity_bytes': 16777216, 'boot_attempt_counter': 1, 'max_boot_attempts': 2, 'pending_activation': False, 'health_verdict': 'pass', 'rollback_performed': False, 'ab_update_valid': True, 'ab_rollback_ready': True, 'slot_storage_bytes': 20480, 'slot_storage_violation': False, 'activation_success': True, 'boot_health_success': True, 'rollback_after_failed_boot': False, 'rollback_success': False, 'reboot_count': 1, 'downtime_seconds': 30.0, 'slot_switch_count': 1}, 'recovery_cost': {'discarded_operation_count': 3, 'replayed_operation_count': 9, 'network_bytes': 26977, 'flash_write_bytes': 32768}}",interrupt_025,0,0,True,12288,1195,9,1,1,False,Synthetic fixture with no third-party model weights,16384,/home/arpan/OTA/.cursor-tutor/ota_environment/results/final_deterministic_benchmark_20260505/bounded_manifests/smartota-container-yolo-small-only.json,1,11543,/home/arpan/OTA/.cursor-tutor/ota_environment/data/raw/containers/yolo-perception/yolo-perception-layer-new.tar,/home/arpan/OTA/.cursor-tutor/ota_environment/data/raw/containers/yolo-perception/yolo-perception-layer-new.tar,e669a57fb08d98364bfc4188a4259b2d14d83698302da7cd0dcc57f9bed99e1c,20480,/home/arpan/OTA/.cursor-tutor/ota_environment/data/raw/containers/yolo-perception/yolo-perception-layer-old.tar,/home/arpan/OTA/.cursor-tutor/ota_environment/data/raw/containers/yolo-perception/yolo-perception-layer-old.tar,0e8b0687acf08d383867dafd22ba867fb3829e05656edef718005071fdffdca8,20480,4,,3,1,1,,container_yolo_perception_update,deployment_aware_greedy,CPython,"3.12.7 | packaged by Anaconda, Inc. | (main, Oct  4 2024, 13:27:36) [GCC 11.2.0]",1,,True,True,0.0,False,False,0.009641,0.009641,containerized_yolo_perception_update,1,20480,False,1,Locally generated deterministic SmartOTA-Bench YOLO-style perception container fixture,9,0.012115,2026-07-17T15:45:42.120432+00:00,containers,True
True,True,True,5,0,True,e669a57fb08d98364bfc4188a4259b2d14d83698302da7cd0dcc57f9bed99e1c,0e8b0687acf08d383867dafd22ba867fb3829e05656edef718005071fdffdca8,perception_container_tar,rsync_rolling_hash,4096,4096,0,5,True,True,uncompressed,deterministic_tar_derivation,smartota-container-layers,1.2.6,0.26.2,1.26.4,2.20.0,2.12.0,True,True,True,True,B,e669a57fb08d98364bfc4188a4259b2d14d83698302da7cd0dcc57f9bed99e1c,0,1,True,0,,0,2000000.0,25,True,20000000.0,always_pass,2,realistic,10000000.0,8388608,30.0,True,True,16777216,full_package,25165824,20480,0.019587,30.0,16384,pass,A,0e8b0687acf08d383867dafd22ba867fb3829e05656edef718005071fdffdca8,complete,0.000819,20480,0,2,39175,39175,59655,4096,False,1,False,False,False,False,16777216,20480,False,1,0,0.020407,4,container_av_perception,30.0,0.004552,39175,5,2942cbde2fd344cccea23aabbe8d5bf168610c71,False,0.25,"{'interruption_percentage': 0.25, 'interrupted_after_operations': 2, 'operation_count': 5, 'checkpoint_available': False, 'checkpoint_operation_index': 0, 'resumed_from_checkpoint': False, 'recovery_strategy': 'failed', 'recovery_success': False, 'rollback_success': False, 'rollback_ready_at_interruption': False, 'final_replay_validity': False, 'replay_errors': '', 'recovery_errors': 'no checkpoint and rollback is not ready', 'extra_network_bytes': 0, 'extra_flash_writes': 0, 'total_network_bytes': 19502, 'total_flash_write_bytes': 8192, 'interrupted_metrics': {'install_state': 'interrupted', 'package_size_bytes': 19502, 'network_bytes': 19502, 'staging_area_bytes': 19502, 'backup_area_bytes': 0, 'installed_image_bytes': 20480, 'current_persistent_storage_bytes': 39982, 'peak_persistent_storage_bytes': 39982, 'peak_ram_bytes': 4096, 'flash_write_bytes': 8192, 'download_time_s': 0.009751, 'install_time_s': 0.00041, 'total_time_s': 0.010161, 'checkpoint_count': 0, 'latest_checkpoint_operation': 0, 'rollback_ready': False, 'unsafe_overwrite_count': 2, 'budget_violation_count': 0, 'budget_violations': [], 'ab_enabled': True, 'active_slot': 'A', 'inactive_slot': 'B', 'active_version': '0e8b0687acf08d383867dafd22ba867fb3829e05656edef718005071fdffdca8', 'inactive_version': '0e8b0687acf08d383867dafd22ba867fb3829e05656edef718005071fdffdca8', 'slot_capacity_bytes': 16777216, 'boot_attempt_counter': 0, 'max_boot_attempts': 2, 'pending_activation': False, 'health_verdict': 'not_run', 'rollback_performed': False, 'ab_update_valid': False, 'ab_rollback_ready': True, 'slot_storage_bytes': 20480, 'slot_storage_violation': False, 'activation_success': False, 'boot_health_success': False, 'rollback_after_failed_boot': False, 'rollback_success': False, 'reboot_count': 0, 'downtime_seconds': 0.0, 'slot_switch_count': 0}, 'recovered_metrics': {}, 'recovery_cost': {'discarded_operation_count': 2, 'replayed_operation_count': 0, 'network_bytes': 0, 'flash_write_bytes': 0}}",interrupt_025,0,1,False,0,0,0,0,1,False,Synthetic fixture with no third-party model weights,16384,/home/arpan/OTA/.cursor-tutor/ota_environment/results/final_deterministic_benchmark_20260505/bounded_manifests/smartota-container-yolo-small-only.json,1,4096,/home/arpan/OTA/.cursor-tutor/ota_environment/data/raw/containers/yolo-perception/yolo-perception-layer-new.tar,/home/arpan/OTA/.cursor-tutor/ota_environment/data/raw/containers/yolo-perception/yolo-perception-layer-new.tar,e669a57fb08d98364bfc4188a4259b2d14d83698302da7cd0dcc57f9bed99e1c,20480,/home/arpan/OTA/.cursor-tutor/ota_environment/data/raw/containers/yolo-perception/yolo-perception-layer-old.tar,/home/arpan/OTA/.cursor-tutor/ota_environment/data/raw/containers/yolo-perception/yolo-perception-layer-old.tar,0e8b0687acf08d383867dafd22ba867fb3829e05656edef718005071fdffdca8,20480,,,,1,4,,container_yolo_perception_update,rsync_rolling_hash,CPython,"3.12.7 | packaged by Anaconda, Inc. | (main, Oct  4 2024, 13:27:36) [GCC 11.2.0]",1,,True,True,0.0,False,False,0.004552,0.004552,containerized_yolo_perception_update,1,20480,False,1,Locally generated deterministic SmartOTA-Bench YOLO-style perception container fixture,5,0.00517,2026-07-17T15:45:42.120432+00:00,containers,True
True,True,True,2,0,True,e669a57fb08d98364bfc4188a4259b2d14d83698302da7cd0dcc57f9bed99e1c,0e8b0687acf08d383867dafd22ba867fb3829e05656edef718005071fdffdca8,perception_container_tar,full_replacement,4096,4096,0,5,True,True,uncompressed,deterministic_tar_derivation,smartota-container-layers,1.2.6,0.26.2,1.26.4,2.20.0,2.12.0,True,True,True,True,B,e669a57fb08d98364bfc4188a4259b2d14d83698302da7cd0dcc57f9bed99e1c,0,1,True,0,,0,2000000.0,25,True,20000000.0,always_pass,2,realistic,10000000.0,8388608,30.0,True,True,16777216,full_package,25165824,20480,0.024042,30.0,20480,pass,A,0e8b0687acf08d383867dafd22ba867fb3829e05656edef718005071fdffdca8,complete,0.001024,20480,0,2,48083,48083,84947,20480,False,1,False,False,False,False,16777216,20480,False,1,0,0.025066,1,container_av_perception,30.0,0.000407,48083,2,2942cbde2fd344cccea23aabbe8d5bf168610c71,False,0.5,"{'interruption_percentage': 0.5, 'interrupted_after_operations': 1, 'operation_count': 2, 'checkpoint_available': False, 'checkpoint_operation_index': 0, 'resumed_from_checkpoint': False, 'recovery_strategy': 'failed', 'recovery_success': False, 'rollback_success': False, 'rollback_ready_at_interruption': False, 'final_replay_validity': False, 'replay_errors': '', 'recovery_errors': 'no checkpoint and rollback is not ready', 'extra_network_bytes': 0, 'extra_flash_writes': 0, 'total_network_bytes': 47979, 'total_flash_write_bytes': 20480, 'interrupted_metrics': {'install_state': 'interrupted', 'package_size_bytes': 47979, 'network_bytes': 47979, 'staging_area_bytes': 47979, 'backup_area_bytes': 0, 'installed_image_bytes': 36864, 'current_persistent_storage_bytes': 84843, 'peak_persistent_storage_bytes': 84843, 'peak_ram_bytes': 20480, 'flash_write_bytes': 20480, 'download_time_s': 0.02399, 'install_time_s': 0.001024, 'total_time_s': 0.025014, 'checkpoint_count': 0, 'latest_checkpoint_operation': 0, 'rollback_ready': False, 'unsafe_overwrite_count': 1, 'budget_violation_count': 0, 'budget_violations': [], 'ab_enabled': True, 'active_slot': 'A', 'inactive_slot': 'B', 'active_version': '0e8b0687acf08d383867dafd22ba867fb3829e05656edef718005071fdffdca8', 'inactive_version': '0e8b0687acf08d383867dafd22ba867fb3829e05656edef718005071fdffdca8', 'slot_capacity_bytes': 16777216, 'boot_attempt_counter': 0, 'max_boot_attempts': 2, 'pending_activation': False, 'health_verdict': 'not_run', 'rollback_performed': False, 'ab_update_valid': False, 'ab_rollback_ready': True, 'slot_storage_bytes': 20480, 'slot_storage_violation': False, 'activation_success': False, 'boot_health_success': False, 'rollback_after_failed_boot': False, 'rollback_success': False, 'reboot_count': 0, 'downtime_seconds': 0.0, 'slot_switch_count': 0}, 'recovered_metrics': {}, 'recovery_cost': {'discarded_operation_count': 1, 'replayed_operation_count': 0, 'network_bytes': 0, 'flash_write_bytes': 0}}",interrupt_050,0,1,False,0,0,0,0,1,False,Synthetic fixture with no third-party model weights,16384,/home/arpan/OTA/.cursor-tutor/ota_environment/results/final_deterministic_benchmark_20260505/bounded_manifests/smartota-container-yolo-small-only.json,1,20480,/home/arpan/OTA/.cursor-tutor/ota_environment/data/raw/containers/yolo-perception/yolo-perception-layer-new.tar,/home/arpan/OTA/.cursor-tutor/ota_environment/data/raw/containers/yolo-perception/yolo-perception-layer-new.tar,e669a57fb08d98364bfc4188a4259b2d14d83698302da7cd0dcc57f9bed99e1c,20480,/home/arpan/OTA/.cursor-tutor/ota_environment/data/raw/containers/yolo-perception/yolo-perception-layer-old.tar,/home/arpan/OTA/.cursor-tutor/ota_environment/data/raw/containers/yolo-perception/yolo-perception-layer-old.tar,0e8b0687acf08d383867dafd22ba867fb3829e05656edef718005071fdffdca8,20480,,,,,1,1,container_yolo_perception_update,full_replacement,CPython,"3.12.7 | packaged by Anaconda, Inc. | (main, Oct  4 2024, 13:27:36) [GCC 11.2.0]",1,,True,True,0.0,False,False,0.000407,0.000407,containerized_yolo_perception_update,1,20480,False,1,Locally generated deterministic SmartOTA-Bench YOLO-style perception container fixture,2,0.001127,2026-07-17T15:45:42.120432+00:00,containers,True
True,True,True,2,0,True,e669a57fb08d98364bfc4188a4259b2d14d83698302da7cd0dcc57f9bed99e1c,0e8b0687acf08d383867dafd22ba867fb3829e05656edef718005071fdffdca8,perception_container_tar,whole_file_bsdiff,4096,4096,0,5,True,True,uncompressed,deterministic_tar_derivation,smartota-container-layers,1.2.6,0.26.2,1.26.4,2.20.0,2.12.0,True,True,True,True,B,e669a57fb08d98364bfc4188a4259b2d14d83698302da7cd0dcc57f9bed99e1c,0,1,True,0,,0,2000000.0,25,True,20000000.0,always_pass,2,realistic,10000000.0,8388608,30.0,True,True,16777216,full_package,25165824,20480,0.012039,30.0,20480,pass,A,0e8b0687acf08d383867dafd22ba867fb3829e05656edef718005071fdffdca8,complete,0.004089,20480,0,2,24079,24079,60943,51133,False,1,False,False,False,False,16777216,20480,False,1,0,0.016129,1,container_av_perception,30.0,0.005212,24079,2,2942cbde2fd344cccea23aabbe8d5bf168610c71,False,0.5,"{'interruption_percentage': 0.5, 'interrupted_after_operations': 1, 'operation_count': 2, 'checkpoint_available': False, 'checkpoint_operation_index': 0, 'resumed_from_checkpoint': False, 'recovery_strategy': 'failed', 'recovery_success': False, 'rollback_success': False, 'rollback_ready_at_interruption': False, 'final_replay_validity': False, 'replay_errors': '', 'recovery_errors': 'no checkpoint and rollback is not ready', 'extra_network_bytes': 0, 'extra_flash_writes': 0, 'total_network_bytes': 23975, 'total_flash_write_bytes': 20480, 'interrupted_metrics': {'install_state': 'interrupted', 'package_size_bytes': 23975, 'network_bytes': 23975, 'staging_area_bytes': 23975, 'backup_area_bytes': 0, 'installed_image_bytes': 36864, 'current_persistent_storage_bytes': 60839, 'peak_persistent_storage_bytes': 60839, 'peak_ram_bytes': 51133, 'flash_write_bytes': 20480, 'download_time_s': 0.011987, 'install_time_s': 0.004089, 'total_time_s': 0.016077, 'checkpoint_count': 0, 'latest_checkpoint_operation': 0, 'rollback_ready': False, 'unsafe_overwrite_count': 1, 'budget_violation_count': 0, 'budget_violations': [], 'ab_enabled': True, 'active_slot': 'A', 'inactive_slot': 'B', 'active_version': '0e8b0687acf08d383867dafd22ba867fb3829e05656edef718005071fdffdca8', 'inactive_version': '0e8b0687acf08d383867dafd22ba867fb3829e05656edef718005071fdffdca8', 'slot_capacity_bytes': 16777216, 'boot_attempt_counter': 0, 'max_boot_attempts': 2, 'pending_activation': False, 'health_verdict': 'not_run', 'rollback_performed': False, 'ab_update_valid': False, 'ab_rollback_ready': True, 'slot_storage_bytes': 20480, 'slot_storage_violation': False, 'activation_success': False, 'boot_health_success': False, 'rollback_after_failed_boot': False, 'rollback_success': False, 'reboot_count': 0, 'downtime_seconds': 0.0, 'slot_switch_count': 0}, 'recovered_metrics': {}, 'recovery_cost': {'discarded_operation_count': 1, 'replayed_operation_count': 0, 'network_bytes': 0, 'flash_write_bytes': 0}}",interrupt_050,0,1,False,0,0,0,0,1,False,Synthetic fixture with no third-party model weights,16384,/home/arpan/OTA/.cursor-tutor/ota_environment/results/final_deterministic_benchmark_20260505/bounded_manifests/smartota-container-yolo-small-only.json,1,51133,/home/arpan/OTA/.cursor-tutor/ota_environment/data/raw/containers/yolo-perception/yolo-perception-layer-new.tar,/home/arpan/OTA/.cursor-tutor/ota_environment/data/raw/containers/yolo-perception/yolo-perception-layer-new.tar,e669a57fb08d98364bfc4188a4259b2d14d83698302da7cd0dcc57f9bed99e1c,20480,/home/arpan/OTA/.cursor-tutor/ota_environment/data/raw/containers/yolo-perception/yolo-perception-layer-old.tar,/home/arpan/OTA/.cursor-tutor/ota_environment/data/raw/containers/yolo-perception/yolo-perception-layer-old.tar,0e8b0687acf08d383867dafd22ba867fb3829e05656edef718005071fdffdca8,20480,,,1,,,1,container_yolo_perception_update,whole_file_bsdiff,CPython,"3.12.7 | packaged by Anaconda, Inc. | (main, Oct  4 2024, 13:27:36) [GCC 11.2.0]",1,,True,True,0.0,False,False,0.005212,0.005212,containerized_yolo_perception_update,1,20480,False,1,Locally generated deterministic SmartOTA-Bench YOLO-style perception container fixture,2,0.006777,2026-07-17T15:45:42.120432+00:00,containers,True
True,True,True,5,0,True,e669a57fb08d98364bfc4188a4259b2d14d83698302da7cd0dcc57f9bed99e1c,0e8b0687acf08d383867dafd22ba867fb3829e05656edef718005071fdffdca8,perception_container_tar,blockwise_bsdiff,4096,4096,0,5,True,True,uncompressed,deterministic_tar_derivation,smartota-container-layers,1.2.6,0.26.2,1.26.4,2.20.0,2.12.0,True,True,True,True,B,e669a57fb08d98364bfc4188a4259b2d14d83698302da7cd0dcc57f9bed99e1c,0,1,True,0,,0,2000000.0,25,True,20000000.0,always_pass,2,realistic,10000000.0,8388608,30.0,True,True,16777216,full_package,25165824,20480,0.013921,30.0,16384,pass,A,0e8b0687acf08d383867dafd22ba867fb3829e05656edef718005071fdffdca8,complete,0.003606,20480,0,2,27841,27841,48321,12847,False,1,False,False,False,False,16777216,20480,False,1,0,0.017527,4,container_av_perception,30.0,0.005845,27841,5,2942cbde2fd344cccea23aabbe8d5bf168610c71,False,0.5,"{'interruption_percentage': 0.5, 'interrupted_after_operations': 3, 'operation_count': 5, 'checkpoint_available': False, 'checkpoint_operation_index': 0, 'resumed_from_checkpoint': False, 'recovery_strategy': 'failed', 'recovery_success': False, 'rollback_success': False, 'rollback_ready_at_interruption': False, 'final_replay_validity': False, 'replay_errors': '', 'recovery_errors': 'no checkpoint and rollback is not ready', 'extra_network_bytes': 0, 'extra_flash_writes': 0, 'total_network_bytes': 20077, 'total_flash_write_bytes': 12288, 'interrupted_metrics': {'install_state': 'interrupted', 'package_size_bytes': 20077, 'network_bytes': 20077, 'staging_area_bytes': 20077, 'backup_area_bytes': 0, 'installed_image_bytes': 20480, 'current_persistent_storage_bytes': 40557, 'peak_persistent_storage_bytes': 40557, 'peak_ram_bytes': 12847, 'flash_write_bytes': 12288, 'download_time_s': 0.010039, 'install_time_s': 0.002676, 'total_time_s': 0.012714, 'checkpoint_count': 0, 'latest_checkpoint_operation': 0, 'rollback_ready': False, 'unsafe_overwrite_count': 3, 'budget_violation_count': 0, 'budget_violations': [], 'ab_enabled': True, 'active_slot': 'A', 'inactive_slot': 'B', 'active_version': '0e8b0687acf08d383867dafd22ba867fb3829e05656edef718005071fdffdca8', 'inactive_version': '0e8b0687acf08d383867dafd22ba867fb3829e05656edef718005071fdffdca8', 'slot_capacity_bytes': 16777216, 'boot_attempt_counter': 0, 'max_boot_attempts': 2, 'pending_activation': False, 'health_verdict': 'not_run', 'rollback_performed': False, 'ab_update_valid': False, 'ab_rollback_ready': True, 'slot_storage_bytes': 20480, 'slot_storage_violation': False, 'activation_success': False, 'boot_health_success': False, 'rollback_after_failed_boot': False, 'rollback_success': False, 'reboot_count': 0, 'downtime_seconds': 0.0, 'slot_switch_count': 0}, 'recovered_metrics': {}, 'recovery_cost': {'discarded_operation_count': 3, 'replayed_operation_count': 0, 'network_bytes': 0, 'flash_write_bytes': 0}}",interrupt_050,0,1,False,0,0,0,0,1,False,Synthetic fixture with no third-party model weights,16384,/home/arpan/OTA/.cursor-tutor/ota_environment/results/final_deterministic_benchmark_20260505/bounded_manifests/smartota-container-yolo-small-only.json,1,12847,/home/arpan/OTA/.cursor-tutor/ota_environment/data/raw/containers/yolo-perception/yolo-perception-layer-new.tar,/home/arpan/OTA/.cursor-tutor/ota_environment/data/raw/containers/yolo-perception/yolo-perception-layer-new.tar,e669a57fb08d98364bfc4188a4259b2d14d83698302da7cd0dcc57f9bed99e1c,20480,/home/arpan/OTA/.cursor-tutor/ota_environment/data/raw/containers/yolo-perception/yolo-perception-layer-old.tar,/home/arpan/OTA/.cursor-tutor/ota_environment/data/raw/containers/yolo-perception/yolo-perception-layer-old.tar,0e8b0687acf08d383867dafd22ba867fb3829e05656edef718005071fdffdca8,20480,,,4,1,,,container_yolo_perception_update,blockwise_bsdiff,CPython,"3.12.7 | packaged by Anaconda, Inc. | (main, Oct  4 2024, 13:27:36) [GCC 11.2.0]",1,,True,True,0.0,False,False,0.005845,0.005845,containerized_yolo_perception_update,1,20480,False,1,Locally generated deterministic SmartOTA-Bench YOLO-style perception container fixture,5,0.007631,2026-07-17T15:45:42.120432+00:00,containers,True
True,True,True,5,0,True,e669a57fb08d98364bfc4188a4259b2d14d83698302da7cd0dcc57f9bed99e1c,0e8b0687acf08d383867dafd22ba867fb3829e05656edef718005071fdffdca8,perception_container_tar,copy_only,4096,4096,0,5,True,True,uncompressed,deterministic_tar_derivation,smartota-container-layers,1.2.6,0.26.2,1.26.4,2.20.0,2.12.0,True,True,True,True,B,e669a57fb08d98364bfc4188a4259b2d14d83698302da7cd0dcc57f9bed99e1c,0,1,True,0,,0,2000000.0,25,True,20000000.0,always_pass,2,realistic,10000000.0,8388608,30.0,True,True,16777216,full_package,25165824,20480,0.019587,30.0,16384,pass,A,0e8b0687acf08d383867dafd22ba867fb3829e05656edef718005071fdffdca8,complete,0.000819,20480,0,2,39175,39175,59655,4096,False,1,False,False,False,False,16777216,20480,False,1,0,0.020407,4,container_av_perception,30.0,0.000497,39175,5,2942cbde2fd344cccea23aabbe8d5bf168610c71,False,0.5,"{'interruption_percentage': 0.5, 'interrupted_after_operations': 3, 'operation_count': 5, 'checkpoint_available': False, 'checkpoint_operation_index': 0, 'resumed_from_checkpoint': False, 'recovery_strategy': 'failed', 'recovery_success': False, 'rollback_success': False, 'rollback_ready_at_interruption': False, 'final_replay_validity': False, 'replay_errors': '', 'recovery_errors': 'no checkpoint and rollback is not ready', 'extra_network_bytes': 0, 'extra_flash_writes': 0, 'total_network_bytes': 29253, 'total_flash_write_bytes': 12288, 'interrupted_metrics': {'install_state': 'interrupted', 'package_size_bytes': 29253, 'network_bytes': 29253, 'staging_area_bytes': 29253, 'backup_area_bytes': 0, 'installed_image_bytes': 20480, 'current_persistent_storage_bytes': 49733, 'peak_persistent_storage_bytes': 49733, 'peak_ram_bytes': 4096, 'flash_write_bytes': 12288, 'download_time_s': 0.014626, 'install_time_s': 0.000614, 'total_time_s': 0.015241, 'checkpoint_count': 0, 'latest_checkpoint_operation': 0, 'rollback_ready': False, 'unsafe_overwrite_count': 3, 'budget_violation_count': 0, 'budget_violations': [], 'ab_enabled': True, 'active_slot': 'A', 'inactive_slot': 'B', 'active_version': '0e8b0687acf08d383867dafd22ba867fb3829e05656edef718005071fdffdca8', 'inactive_version': '0e8b0687acf08d383867dafd22ba867fb3829e05656edef718005071fdffdca8', 'slot_capacity_bytes': 16777216, 'boot_attempt_counter': 0, 'max_boot_attempts': 2, 'pending_activation': False, 'health_verdict': 'not_run', 'rollback_performed': False, 'ab_update_valid': False, 'ab_rollback_ready': True, 'slot_storage_bytes': 20480, 'slot_storage_violation': False, 'activation_success': False, 'boot_health_success': False, 'rollback_after_failed_boot': False, 'rollback_success': False, 'reboot_count': 0, 'downtime_seconds': 0.0, 'slot_switch_count': 0}, 'recovered_metrics': {}, 'recovery_cost': {'discarded_operation_count': 3, 'replayed_operation_count': 0, 'network_bytes': 0, 'flash_write_bytes': 0}}",interrupt_050,0,1,False,0,0,0,0,1,False,Synthetic fixture with no third-party model weights,16384,/home/arpan/OTA/.cursor-tutor/ota_environment/results/final_deterministic_benchmark_20260505/bounded_manifests/smartota-container-yolo-small-only.json,1,4096,/home/arpan/OTA/.cursor-tutor/ota_environment/data/raw/containers/yolo-perception/yolo-perception-layer-new.tar,/home/arpan/OTA/.cursor-tutor/ota_environment/data/raw/containers/yolo-perception/yolo-perception-layer-new.tar,e669a57fb08d98364bfc4188a4259b2d14d83698302da7cd0dcc57f9bed99e1c,20480,/home/arpan/OTA/.cursor-tutor/ota_environment/data/raw/containers/yolo-perception/yolo-perception-layer-old.tar,/home/arpan/OTA/.cursor-tutor/ota_environment/data/raw/containers/yolo-perception/yolo-perception-layer-old.tar,0e8b0687acf08d383867dafd22ba867fb3829e05656edef718005071fdffdca8,20480,,,,1,4,,container_yolo_perception_update,copy_only,CPython,"3.12.7 | packaged by Anaconda, Inc. | (main, Oct  4 2024, 13:27:36) [GCC 11.2.0]",1,,True,True,0.0,False,False,0.000497,0.000497,containerized_yolo_perception_update,1,20480,False,1,Locally generated deterministic SmartOTA-Bench YOLO-style perception container fixture,5,0.001226,2026-07-17T15:45:42.120432+00:00,containers,True
True,True,True,5,0,True,e669a57fb08d98364bfc4188a4259b2d14d83698302da7cd0dcc57f9bed99e1c,0e8b0687acf08d383867dafd22ba867fb3829e05656edef718005071fdffdca8,perception_container_tar,copy_delta,4096,4096,0,5,True,True,uncompressed,deterministic_tar_derivation,smartota-container-layers,1.2.6,0.26.2,1.26.4,2.20.0,2.12.0,True,True,True,True,B,e669a57fb08d98364bfc4188a4259b2d14d83698302da7cd0dcc57f9bed99e1c,0,1,True,0,,0,2000000.0,25,True,20000000.0,always_pass,2,realistic,10000000.0,8388608,30.0,True,True,16777216,full_package,25165824,20480,0.013257,30.0,16384,pass,A,0e8b0687acf08d383867dafd22ba867fb3829e05656edef718005071fdffdca8,complete,0.002731,20480,0,2,26513,26513,46993,11543,False,1,False,False,False,False,16777216,20480,False,1,0,0.015988,4,container_av_perception,30.0,0.005628,26513,5,2942cbde2fd344cccea23aabbe8d5bf168610c71,False,0.5,"{'interruption_percentage': 0.5, 'interrupted_after_operations': 3, 'operation_count': 5, 'checkpoint_available': False, 'checkpoint_operation_index': 0, 'resumed_from_checkpoint': False, 'recovery_strategy': 'failed', 'recovery_success': False, 'rollback_success': False, 'rollback_ready_at_interruption': False, 'final_replay_validity': False, 'replay_errors': '', 'recovery_errors': 'no checkpoint and rollback is not ready', 'extra_network_bytes': 0, 'extra_flash_writes': 0, 'total_network_bytes': 18749, 'total_flash_write_bytes': 12288, 'interrupted_metrics': {'install_state': 'interrupted', 'package_size_bytes': 18749, 'network_bytes': 18749, 'staging_area_bytes': 18749, 'backup_area_bytes': 0, 'installed_image_bytes': 20480, 'current_persistent_storage_bytes': 39229, 'peak_persistent_storage_bytes': 39229, 'peak_ram_bytes': 11543, 'flash_write_bytes': 12288, 'download_time_s': 0.009375, 'install_time_s': 0.001801, 'total_time_s': 0.011175, 'checkpoint_count': 0, 'latest_checkpoint_operation': 0, 'rollback_ready': False, 'unsafe_overwrite_count': 3, 'budget_violation_count': 0, 'budget_violations': [], 'ab_enabled': True, 'active_slot': 'A', 'inactive_slot': 'B', 'active_version': '0e8b0687acf08d383867dafd22ba867fb3829e05656edef718005071fdffdca8', 'inactive_version': '0e8b0687acf08d383867dafd22ba867fb3829e05656edef718005071fdffdca8', 'slot_capacity_bytes': 16777216, 'boot_attempt_counter': 0, 'max_boot_attempts': 2, 'pending_activation': False, 'health_verdict': 'not_run', 'rollback_performed': False, 'ab_update_valid': False, 'ab_rollback_ready': True, 'slot_storage_bytes': 20480, 'slot_storage_violation': False, 'activation_success': False, 'boot_health_success': False, 'rollback_after_failed_boot': False, 'rollback_success': False, 'reboot_count': 0, 'downtime_seconds': 0.0, 'slot_switch_count': 0}, 'recovered_metrics': {}, 'recovery_cost': {'discarded_operation_count': 3, 'replayed_operation_count': 0, 'network_bytes': 0, 'flash_write_bytes': 0}}",interrupt_050,0,1,False,0,0,0,0,1,False,Synthetic fixture with no third-party model weights,16384,/home/arpan/OTA/.cursor-tutor/ota_environment/results/final_deterministic_benchmark_20260505/bounded_manifests/smartota-container-yolo-small-only.json,1,11543,/home/arpan/OTA/.cursor-tutor/ota_environment/data/raw/containers/yolo-perception/yolo-perception-layer-new.tar,/home/arpan/OTA/.cursor-tutor/ota_environment/data/raw/containers/yolo-perception/yolo-perception-layer-new.tar,e669a57fb08d98364bfc4188a4259b2d14d83698302da7cd0dcc57f9bed99e1c,20480,/home/arpan/OTA/.cursor-tutor/ota_environment/data/raw/containers/yolo-perception/yolo-perception-layer-old.tar,/home/arpan/OTA/.cursor-tutor/ota_environment/data/raw/containers/yolo-perception/yolo-perception-layer-old.tar,0e8b0687acf08d383867dafd22ba867fb3829e05656edef718005071fdffdca8,20480,,,3,1,1,,container_yolo_perception_update,copy_delta,CPython,"3.12.7 | packaged by Anaconda, Inc. | (main, Oct  4 2024, 13:27:36) [GCC 11.2.0]",1,,True,True,0.0,False,False,0.005628,0.005628,containerized_yolo_perception_update,1,20480,False,1,Locally generated deterministic SmartOTA-Bench YOLO-style perception container fixture,5,0.006992,2026-07-17T15:45:42.120432+00:00,containers,True
True,True,True,5,4,True,e669a57fb08d98364bfc4188a4259b2d14d83698302da7cd0dcc57f9bed99e1c,0e8b0687acf08d383867dafd22ba867fb3829e05656edef718005071fdffdca8,perception_container_tar,backup_safe_copy_delta,4096,4096,0,5,True,True,uncompressed,deterministic_tar_derivation,smartota-container-layers,1.2.6,0.26.2,1.26.4,2.20.0,2.12.0,True,True,True,True,B,e669a57fb08d98364bfc4188a4259b2d14d83698302da7cd0dcc57f9bed99e1c,16384,1,True,0,,0,2000000.0,25,True,20000000.0,always_pass,2,realistic,10000000.0,8388608,30.0,True,True,16777216,full_package,25165824,36864,0.013489,30.0,32768,pass,A,0e8b0687acf08d383867dafd22ba867fb3829e05656edef718005071fdffdca8,complete,0.00355,20480,0,2,26977,26977,63841,11543,False,1,False,False,True,False,16777216,20480,False,1,0,0.017039,0,container_av_perception,30.0,0.010198,26977,9,2942cbde2fd344cccea23aabbe8d5bf168610c71,False,0.5,"{'interruption_percentage': 0.5, 'interrupted_after_operations': 5, 'operation_count': 9, 'checkpoint_available': False, 'checkpoint_operation_index': 0, 'resumed_from_checkpoint': False, 'recovery_strategy': 'rollback_reinstall', 'recovery_success': True, 'rollback_success': True, 'rollback_ready_at_interruption': True, 'final_replay_validity': True, 'replay_errors': '', 'recovery_errors': '', 'extra_network_bytes': 9346, 'extra_flash_writes': 20480, 'total_network_bytes': 36323, 'total_flash_write_bytes': 53248, 'interrupted_metrics': {'install_state': 'interrupted', 'package_size_bytes': 9346, 'network_bytes': 9346, 'staging_area_bytes': 9346, 'backup_area_bytes': 12288, 'installed_image_bytes': 20480, 'current_persistent_storage_bytes': 42114, 'peak_persistent_storage_bytes': 42114, 'peak_ram_bytes': 11543, 'flash_write_bytes': 20480, 'download_time_s': 0.004673, 'install_time_s': 0.00221, 'total_time_s': 0.006883, 'checkpoint_count': 0, 'latest_checkpoint_operation': 0, 'rollback_ready': True, 'unsafe_overwrite_count': 0, 'budget_violation_count': 0, 'budget_violations': [], 'ab_enabled': True, 'active_slot': 'A', 'inactive_slot': 'B', 'active_version': '0e8b0687acf08d383867dafd22ba867fb3829e05656edef718005071fdffdca8', 'inactive_version': '0e8b0687acf08d383867dafd22ba867fb3829e05656edef718005071fdffdca8', 'slot_capacity_bytes': 16777216, 'boot_attempt_counter': 0, 'max_boot_attempts': 2, 'pending_activation': False, 'health_verdict': 'not_run', 'rollback_performed': False, 'ab_update_valid': False, 'ab_rollback_ready': True, 'slot_storage_bytes': 20480, 'slot_storage_violation': False, 'activation_success': False, 'boot_health_success': False, 'rollback_after_failed_boot': False, 'rollback_success': False, 'reboot_count': 0, 'downtime_seconds': 0.0, 'slot_switch_count': 0}, 'recovered_metrics': {'install_state': 'complete', 'package_size_bytes': 36323, 'network_bytes': 36323, 'staging_area_bytes': 0, 'backup_area_bytes': 16384, 'installed_image_bytes': 20480, 'current_persistent_storage_bytes': 36864, 'peak_persistent_storage_bytes': 63841, 'peak_ram_bytes': 11543, 'flash_write_bytes': 53248, 'download_time_s': 0.018162, 'install_time_s': 0.00576, 'total_time_s': 0.023922, 'checkpoint_count': 0, 'latest_checkpoint_operation': 0, 'rollback_ready': True, 'unsafe_overwrite_count': 0, 'budget_violation_count': 0, 'budget_violations': [], 'ab_enabled': True, 'active_slot': 'B', 'inactive_slot': 'A', 'active_version': 'e669a57fb08d98364bfc4188a4259b2d14d83698302da7cd0dcc57f9bed99e1c', 'inactive_version': '0e8b0687acf08d383867dafd22ba867fb3829e05656edef718005071fdffdca8', 'slot_capacity_bytes': 16777216, 'boot_attempt_counter': 1, 'max_boot_attempts': 2, 'pending_activation': False, 'health_verdict': 'pass', 'rollback_performed': False, 'ab_update_valid': True, 'ab_rollback_ready': True, 'slot_storage_bytes': 20480, 'slot_storage_violation': False, 'activation_success': True, 'boot_health_success': True, 'rollback_after_failed_boot': False, 'rollback_success': False, 'reboot_count': 1, 'downtime_seconds': 30.0, 'slot_switch_count': 1}, 'recovery_cost': {'discarded_operation_count': 5, 'replayed_operation_count': 9, 'network_bytes': 26977, 'flash_write_bytes': 32768}}",interrupt_050,0,0,True,20480,9346,9,1,1,False,Synthetic fixture with no third-party model weights,16384,/home/arpan/OTA/.cursor-tutor/ota_environment/results/final_deterministic_benchmark_20260505/bounded_manifests/smartota-container-yolo-small-only.json,1,11543,/home/arpan/OTA/.cursor-tutor/ota_environment/data/raw/containers/yolo-perception/yolo-perception-layer-new.tar,/home/arpan/OTA/.cursor-tutor/ota_environment/data/raw/containers/yolo-perception/yolo-perception-layer-new.tar,e669a57fb08d98364bfc4188a4259b2d14d83698302da7cd0dcc57f9bed99e1c,20480,/home/arpan/OTA/.cursor-tutor/ota_environment/data/raw/containers/yolo-perception/yolo-perception-layer-old.tar,/home/arpan/OTA/.cursor-tutor/ota_environment/data/raw/containers/yolo-perception/yolo-perception-layer-old.tar,0e8b0687acf08d383867dafd22ba867fb3829e05656edef718005071fdffdca8,20480,4,,3,1,1,,container_yolo_perception_update,backup_safe_copy_delta,CPython,"3.12.7 | packaged by Anaconda, Inc. | (main, Oct  4 2024, 13:27:36) [GCC 11.2.0]",1,,True,True,0.0,False,False,0.010198,0.010198,containerized_yolo_perception_update,1,20480,False,1,Locally generated deterministic SmartOTA-Bench YOLO-style perception container fixture,9,0.012978,2026-07-17T15:45:42.120432+00:00,containers,True
True,True,True,5,4,True,e669a57fb08d98364bfc4188a4259b2d14d83698302da7cd0dcc57f9bed99e1c,0e8b0687acf08d383867dafd22ba867fb3829e05656edef718005071fdffdca8,perception_container_tar,deployment_aware_greedy,4096,4096,0,5,True,True,uncompressed,deterministic_tar_derivation,smartota-container-layers,1.2.6,0.26.2,1.26.4,2.20.0,2.12.0,True,True,True,True,B,e669a57fb08d98364bfc4188a4259b2d14d83698302da7cd0dcc57f9bed99e1c,16384,1,True,0,,0,2000000.0,25,True,20000000.0,always_pass,2,realistic,10000000.0,8388608,30.0,True,True,16777216,full_package,25165824,36864,0.013489,30.0,32768,pass,A,0e8b0687acf08d383867dafd22ba867fb3829e05656edef718005071fdffdca8,complete,0.00355,20480,0,2,26977,26977,63841,11543,False,1,False,False,True,False,16777216,20480,False,1,0,0.017039,0,container_av_perception,30.0,0.010012,26977,9,2942cbde2fd344cccea23aabbe8d5bf168610c71,False,0.5,"{'interruption_percentage': 0.5, 'interrupted_after_operations': 5, 'operation_count': 9, 'checkpoint_available': False, 'checkpoint_operation_index': 0, 'resumed_from_checkpoint': False, 'recovery_strategy': 'rollback_reinstall', 'recovery_success': True, 'rollback_success': True, 'rollback_ready_at_interruption': True, 'final_replay_validity': True, 'replay_errors': '', 'recovery_errors': '', 'extra_network_bytes': 9346, 'extra_flash_writes': 20480, 'total_network_bytes': 36323, 'total_flash_write_bytes': 53248, 'interrupted_metrics': {'install_state': 'interrupted', 'package_size_bytes': 9346, 'network_bytes': 9346, 'staging_area_bytes': 9346, 'backup_area_bytes': 12288, 'installed_image_bytes': 20480, 'current_persistent_storage_bytes': 42114, 'peak_persistent_storage_bytes': 42114, 'peak_ram_bytes': 11543, 'flash_write_bytes': 20480, 'download_time_s': 0.004673, 'install_time_s': 0.00221, 'total_time_s': 0.006883, 'checkpoint_count': 0, 'latest_checkpoint_operation': 0, 'rollback_ready': True, 'unsafe_overwrite_count': 0, 'budget_violation_count': 0, 'budget_violations': [], 'ab_enabled': True, 'active_slot': 'A', 'inactive_slot': 'B', 'active_version': '0e8b0687acf08d383867dafd22ba867fb3829e05656edef718005071fdffdca8', 'inactive_version': '0e8b0687acf08d383867dafd22ba867fb3829e05656edef718005071fdffdca8', 'slot_capacity_bytes': 16777216, 'boot_attempt_counter': 0, 'max_boot_attempts': 2, 'pending_activation': False, 'health_verdict': 'not_run', 'rollback_performed': False, 'ab_update_valid': False, 'ab_rollback_ready': True, 'slot_storage_bytes': 20480, 'slot_storage_violation': False, 'activation_success': False, 'boot_health_success': False, 'rollback_after_failed_boot': False, 'rollback_success': False, 'reboot_count': 0, 'downtime_seconds': 0.0, 'slot_switch_count': 0}, 'recovered_metrics': {'install_state': 'complete', 'package_size_bytes': 36323, 'network_bytes': 36323, 'staging_area_bytes': 0, 'backup_area_bytes': 16384, 'installed_image_bytes': 20480, 'current_persistent_storage_bytes': 36864, 'peak_persistent_storage_bytes': 63841, 'peak_ram_bytes': 11543, 'flash_write_bytes': 53248, 'download_time_s': 0.018162, 'install_time_s': 0.00576, 'total_time_s': 0.023922, 'checkpoint_count': 0, 'latest_checkpoint_operation': 0, 'rollback_ready': True, 'unsafe_overwrite_count': 0, 'budget_violation_count': 0, 'budget_violations': [], 'ab_enabled': True, 'active_slot': 'B', 'inactive_slot': 'A', 'active_version': 'e669a57fb08d98364bfc4188a4259b2d14d83698302da7cd0dcc57f9bed99e1c', 'inactive_version': '0e8b0687acf08d383867dafd22ba867fb3829e05656edef718005071fdffdca8', 'slot_capacity_bytes': 16777216, 'boot_attempt_counter': 1, 'max_boot_attempts': 2, 'pending_activation': False, 'health_verdict': 'pass', 'rollback_performed': False, 'ab_update_valid': True, 'ab_rollback_ready': True, 'slot_storage_bytes': 20480, 'slot_storage_violation': False, 'activation_success': True, 'boot_health_success': True, 'rollback_after_failed_boot': False, 'rollback_success': False, 'reboot_count': 1, 'downtime_seconds': 30.0, 'slot_switch_count': 1}, 'recovery_cost': {'discarded_operation_count': 5, 'replayed_operation_count': 9, 'network_bytes': 26977, 'flash_write_bytes': 32768}}",interrupt_050,0,0,True,20480,9346,9,1,1,False,Synthetic fixture with no third-party model weights,16384,/home/arpan/OTA/.cursor-tutor/ota_environment/results/final_deterministic_benchmark_20260505/bounded_manifests/smartota-container-yolo-small-only.json,1,11543,/home/arpan/OTA/.cursor-tutor/ota_environment/data/raw/containers/yolo-perception/yolo-perception-layer-new.tar,/home/arpan/OTA/.cursor-tutor/ota_environment/data/raw/containers/yolo-perception/yolo-perception-layer-new.tar,e669a57fb08d98364bfc4188a4259b2d14d83698302da7cd0dcc57f9bed99e1c,20480,/home/arpan/OTA/.cursor-tutor/ota_environment/data/raw/containers/yolo-perception/yolo-perception-layer-old.tar,/home/arpan/OTA/.cursor-tutor/ota_environment/data/raw/containers/yolo-perception/yolo-perception-layer-old.tar,0e8b0687acf08d383867dafd22ba867fb3829e05656edef718005071fdffdca8,20480,4,,3,1,1,,container_yolo_perception_update,deployment_aware_greedy,CPython,"3.12.7 | packaged by Anaconda, Inc. | (main, Oct  4 2024, 13:27:36) [GCC 11.2.0]",1,,True,True,0.0,False,False,0.010012,0.010012,containerized_yolo_perception_update,1,20480,False,1,Locally generated deterministic SmartOTA-Bench YOLO-style perception container fixture,9,0.012875,2026-07-17T15:45:42.120432+00:00,containers,True
True,True,True,5,0,True,e669a57fb08d98364bfc4188a4259b2d14d83698302da7cd0dcc57f9bed99e1c,0e8b0687acf08d383867dafd22ba867fb3829e05656edef718005071fdffdca8,perception_container_tar,rsync_rolling_hash,4096,4096,0,5,True,True,uncompressed,deterministic_tar_derivation,smartota-container-layers,1.2.6,0.26.2,1.26.4,2.20.0,2.12.0,True,True,True,True,B,e669a57fb08d98364bfc4188a4259b2d14d83698302da7cd0dcc57f9bed99e1c,0,1,True,0,,0,2000000.0,25,True,20000000.0,always_pass,2,realistic,10000000.0,8388608,30.0,True,True,16777216,full_package,25165824,20480,0.019587,30.0,16384,pass,A,0e8b0687acf08d383867dafd22ba867fb3829e05656edef718005071fdffdca8,complete,0.000819,20480,0,2,39175,39175,59655,4096,False,1,False,False,False,False,16777216,20480,False,1,0,0.020407,4,container_av_perception,30.0,0.004604,39175,5,2942cbde2fd344cccea23aabbe8d5bf168610c71,False,0.5,"{'interruption_percentage': 0.5, 'interrupted_after_operations': 3, 'operation_count': 5, 'checkpoint_available': False, 'checkpoint_operation_index': 0, 'resumed_from_checkpoint': False, 'recovery_strategy': 'failed', 'recovery_success': False, 'rollback_success': False, 'rollback_ready_at_interruption': False, 'final_replay_validity': False, 'replay_errors': '', 'recovery_errors': 'no checkpoint and rollback is not ready', 'extra_network_bytes': 0, 'extra_flash_writes': 0, 'total_network_bytes': 29253, 'total_flash_write_bytes': 12288, 'interrupted_metrics': {'install_state': 'interrupted', 'package_size_bytes': 29253, 'network_bytes': 29253, 'staging_area_bytes': 29253, 'backup_area_bytes': 0, 'installed_image_bytes': 20480, 'current_persistent_storage_bytes': 49733, 'peak_persistent_storage_bytes': 49733, 'peak_ram_bytes': 4096, 'flash_write_bytes': 12288, 'download_time_s': 0.014626, 'install_time_s': 0.000614, 'total_time_s': 0.015241, 'checkpoint_count': 0, 'latest_checkpoint_operation': 0, 'rollback_ready': False, 'unsafe_overwrite_count': 3, 'budget_violation_count': 0, 'budget_violations': [], 'ab_enabled': True, 'active_slot': 'A', 'inactive_slot': 'B', 'active_version': '0e8b0687acf08d383867dafd22ba867fb3829e05656edef718005071fdffdca8', 'inactive_version': '0e8b0687acf08d383867dafd22ba867fb3829e05656edef718005071fdffdca8', 'slot_capacity_bytes': 16777216, 'boot_attempt_counter': 0, 'max_boot_attempts': 2, 'pending_activation': False, 'health_verdict': 'not_run', 'rollback_performed': False, 'ab_update_valid': False, 'ab_rollback_ready': True, 'slot_storage_bytes': 20480, 'slot_storage_violation': False, 'activation_success': False, 'boot_health_success': False, 'rollback_after_failed_boot': False, 'rollback_success': False, 'reboot_count': 0, 'downtime_seconds': 0.0, 'slot_switch_count': 0}, 'recovered_metrics': {}, 'recovery_cost': {'discarded_operation_count': 3, 'replayed_operation_count': 0, 'network_bytes': 0, 'flash_write_bytes': 0}}",interrupt_050,0,1,False,0,0,0,0,1,False,Synthetic fixture with no third-party model weights,16384,/home/arpan/OTA/.cursor-tutor/ota_environment/results/final_deterministic_benchmark_20260505/bounded_manifests/smartota-container-yolo-small-only.json,1,4096,/home/arpan/OTA/.cursor-tutor/ota_environment/data/raw/containers/yolo-perception/yolo-perception-layer-new.tar,/home/arpan/OTA/.cursor-tutor/ota_environment/data/raw/containers/yolo-perception/yolo-perception-layer-new.tar,e669a57fb08d98364bfc4188a4259b2d14d83698302da7cd0dcc57f9bed99e1c,20480,/home/arpan/OTA/.cursor-tutor/ota_environment/data/raw/containers/yolo-perception/yolo-perception-layer-old.tar,/home/arpan/OTA/.cursor-tutor/ota_environment/data/raw/containers/yolo-perception/yolo-perception-layer-old.tar,0e8b0687acf08d383867dafd22ba867fb3829e05656edef718005071fdffdca8,20480,,,,1,4,,container_yolo_perception_update,rsync_rolling_hash,CPython,"3.12.7 | packaged by Anaconda, Inc. | (main, Oct  4 2024, 13:27:36) [GCC 11.2.0]",1,,True,True,0.0,False,False,0.004604,0.004604,containerized_yolo_perception_update,1,20480,False,1,Locally generated deterministic SmartOTA-Bench YOLO-style perception container fixture,5,0.005338,2026-07-17T15:45:42.120432+00:00,containers,True
True,True,True,2,0,True,e669a57fb08d98364bfc4188a4259b2d14d83698302da7cd0dcc57f9bed99e1c,0e8b0687acf08d383867dafd22ba867fb3829e05656edef718005071fdffdca8,perception_container_tar,full_replacement,4096,4096,0,5,True,True,uncompressed,deterministic_tar_derivation,smartota-container-layers,1.2.6,0.26.2,1.26.4,2.20.0,2.12.0,True,True,True,True,B,e669a57fb08d98364bfc4188a4259b2d14d83698302da7cd0dcc57f9bed99e1c,0,1,True,0,,0,2000000.0,25,True,20000000.0,always_pass,2,realistic,10000000.0,8388608,30.0,True,True,16777216,full_package,25165824,20480,0.024042,30.0,20480,pass,A,0e8b0687acf08d383867dafd22ba867fb3829e05656edef718005071fdffdca8,complete,0.001024,20480,0,2,48083,48083,84947,20480,False,1,False,False,False,False,16777216,20480,False,1,0,0.025066,1,container_av_perception,30.0,0.000446,48083,2,2942cbde2fd344cccea23aabbe8d5bf168610c71,False,0.75,"{'interruption_percentage': 0.75, 'interrupted_after_operations': 1, 'operation_count': 2, 'checkpoint_available': False, 'checkpoint_operation_index': 0, 'resumed_from_checkpoint': False, 'recovery_strategy': 'failed', 'recovery_success': False, 'rollback_success': False, 'rollback_ready_at_interruption': False, 'final_replay_validity': False, 'replay_errors': '', 'recovery_errors': 'no checkpoint and rollback is not ready', 'extra_network_bytes': 0, 'extra_flash_writes': 0, 'total_network_bytes': 47979, 'total_flash_write_bytes': 20480, 'interrupted_metrics': {'install_state': 'interrupted', 'package_size_bytes': 47979, 'network_bytes': 47979, 'staging_area_bytes': 47979, 'backup_area_bytes': 0, 'installed_image_bytes': 36864, 'current_persistent_storage_bytes': 84843, 'peak_persistent_storage_bytes': 84843, 'peak_ram_bytes': 20480, 'flash_write_bytes': 20480, 'download_time_s': 0.02399, 'install_time_s': 0.001024, 'total_time_s': 0.025014, 'checkpoint_count': 0, 'latest_checkpoint_operation': 0, 'rollback_ready': False, 'unsafe_overwrite_count': 1, 'budget_violation_count': 0, 'budget_violations': [], 'ab_enabled': True, 'active_slot': 'A', 'inactive_slot': 'B', 'active_version': '0e8b0687acf08d383867dafd22ba867fb3829e05656edef718005071fdffdca8', 'inactive_version': '0e8b0687acf08d383867dafd22ba867fb3829e05656edef718005071fdffdca8', 'slot_capacity_bytes': 16777216, 'boot_attempt_counter': 0, 'max_boot_attempts': 2, 'pending_activation': False, 'health_verdict': 'not_run', 'rollback_performed': False, 'ab_update_valid': False, 'ab_rollback_ready': True, 'slot_storage_bytes': 20480, 'slot_storage_violation': False, 'activation_success': False, 'boot_health_success': False, 'rollback_after_failed_boot': False, 'rollback_success': False, 'reboot_count': 0, 'downtime_seconds': 0.0, 'slot_switch_count': 0}, 'recovered_metrics': {}, 'recovery_cost': {'discarded_operation_count': 1, 'replayed_operation_count': 0, 'network_bytes': 0, 'flash_write_bytes': 0}}",interrupt_075,0,1,False,0,0,0,0,1,False,Synthetic fixture with no third-party model weights,16384,/home/arpan/OTA/.cursor-tutor/ota_environment/results/final_deterministic_benchmark_20260505/bounded_manifests/smartota-container-yolo-small-only.json,1,20480,/home/arpan/OTA/.cursor-tutor/ota_environment/data/raw/containers/yolo-perception/yolo-perception-layer-new.tar,/home/arpan/OTA/.cursor-tutor/ota_environment/data/raw/containers/yolo-perception/yolo-perception-layer-new.tar,e669a57fb08d98364bfc4188a4259b2d14d83698302da7cd0dcc57f9bed99e1c,20480,/home/arpan/OTA/.cursor-tutor/ota_environment/data/raw/containers/yolo-perception/yolo-perception-layer-old.tar,/home/arpan/OTA/.cursor-tutor/ota_environment/data/raw/containers/yolo-perception/yolo-perception-layer-old.tar,0e8b0687acf08d383867dafd22ba867fb3829e05656edef718005071fdffdca8,20480,,,,,1,1,container_yolo_perception_update,full_replacement,CPython,"3.12.7 | packaged by Anaconda, Inc. | (main, Oct  4 2024, 13:27:36) [GCC 11.2.0]",1,,True,True,0.0,False,False,0.000446,0.000446,containerized_yolo_perception_update,1,20480,False,1,Locally generated deterministic SmartOTA-Bench YOLO-style perception container fixture,2,0.00121,2026-07-17T15:45:42.120432+00:00,containers,True
True,True,True,2,0,True,e669a57fb08d98364bfc4188a4259b2d14d83698302da7cd0dcc57f9bed99e1c,0e8b0687acf08d383867dafd22ba867fb3829e05656edef718005071fdffdca8,perception_container_tar,whole_file_bsdiff,4096,4096,0,5,True,True,uncompressed,deterministic_tar_derivation,smartota-container-layers,1.2.6,0.26.2,1.26.4,2.20.0,2.12.0,True,True,True,True,B,e669a57fb08d98364bfc4188a4259b2d14d83698302da7cd0dcc57f9bed99e1c,0,1,True,0,,0,2000000.0,25,True,20000000.0,always_pass,2,realistic,10000000.0,8388608,30.0,True,True,16777216,full_package,25165824,20480,0.012039,30.0,20480,pass,A,0e8b0687acf08d383867dafd22ba867fb3829e05656edef718005071fdffdca8,complete,0.004089,20480,0,2,24079,24079,60943,51133,False,1,False,False,False,False,16777216,20480,False,1,0,0.016129,1,container_av_perception,30.0,0.005125,24079,2,2942cbde2fd344cccea23aabbe8d5bf168610c71,False,0.75,"{'interruption_percentage': 0.75, 'interrupted_after_operations': 1, 'operation_count': 2, 'checkpoint_available': False, 'checkpoint_operation_index': 0, 'resumed_from_checkpoint': False, 'recovery_strategy': 'failed', 'recovery_success': False, 'rollback_success': False, 'rollback_ready_at_interruption': False, 'final_replay_validity': False, 'replay_errors': '', 'recovery_errors': 'no checkpoint and rollback is not ready', 'extra_network_bytes': 0, 'extra_flash_writes': 0, 'total_network_bytes': 23975, 'total_flash_write_bytes': 20480, 'interrupted_metrics': {'install_state': 'interrupted', 'package_size_bytes': 23975, 'network_bytes': 23975, 'staging_area_bytes': 23975, 'backup_area_bytes': 0, 'installed_image_bytes': 36864, 'current_persistent_storage_bytes': 60839, 'peak_persistent_storage_bytes': 60839, 'peak_ram_bytes': 51133, 'flash_write_bytes': 20480, 'download_time_s': 0.011987, 'install_time_s': 0.004089, 'total_time_s': 0.016077, 'checkpoint_count': 0, 'latest_checkpoint_operation': 0, 'rollback_ready': False, 'unsafe_overwrite_count': 1, 'budget_violation_count': 0, 'budget_violations': [], 'ab_enabled': True, 'active_slot': 'A', 'inactive_slot': 'B', 'active_version': '0e8b0687acf08d383867dafd22ba867fb3829e05656edef718005071fdffdca8', 'inactive_version': '0e8b0687acf08d383867dafd22ba867fb3829e05656edef718005071fdffdca8', 'slot_capacity_bytes': 16777216, 'boot_attempt_counter': 0, 'max_boot_attempts': 2, 'pending_activation': False, 'health_verdict': 'not_run', 'rollback_performed': False, 'ab_update_valid': False, 'ab_rollback_ready': True, 'slot_storage_bytes': 20480, 'slot_storage_violation': False, 'activation_success': False, 'boot_health_success': False, 'rollback_after_failed_boot': False, 'rollback_success': False, 'reboot_count': 0, 'downtime_seconds': 0.0, 'slot_switch_count': 0}, 'recovered_metrics': {}, 'recovery_cost': {'discarded_operation_count': 1, 'replayed_operation_count': 0, 'network_bytes': 0, 'flash_write_bytes': 0}}",interrupt_075,0,1,False,0,0,0,0,1,False,Synthetic fixture with no third-party model weights,16384,/home/arpan/OTA/.cursor-tutor/ota_environment/results/final_deterministic_benchmark_20260505/bounded_manifests/smartota-container-yolo-small-only.json,1,51133,/home/arpan/OTA/.cursor-tutor/ota_environment/data/raw/containers/yolo-perception/yolo-perception-layer-new.tar,/home/arpan/OTA/.cursor-tutor/ota_environment/data/raw/containers/yolo-perception/yolo-perception-layer-new.tar,e669a57fb08d98364bfc4188a4259b2d14d83698302da7cd0dcc57f9bed99e1c,20480,/home/arpan/OTA/.cursor-tutor/ota_environment/data/raw/containers/yolo-perception/yolo-perception-layer-old.tar,/home/arpan/OTA/.cursor-tutor/ota_environment/data/raw/containers/yolo-perception/yolo-perception-layer-old.tar,0e8b0687acf08d383867dafd22ba867fb3829e05656edef718005071fdffdca8,20480,,,1,,,1,container_yolo_perception_update,whole_file_bsdiff,CPython,"3.12.7 | packaged by Anaconda, Inc. | (main, Oct  4 2024, 13:27:36) [GCC 11.2.0]",1,,True,True,0.0,False,False,0.005125,0.005125,containerized_yolo_perception_update,1,20480,False,1,Locally generated deterministic SmartOTA-Bench YOLO-style perception container fixture,2,0.006747,2026-07-17T15:45:42.120432+00:00,containers,True
True,True,True,5,0,True,e669a57fb08d98364bfc4188a4259b2d14d83698302da7cd0dcc57f9bed99e1c,0e8b0687acf08d383867dafd22ba867fb3829e05656edef718005071fdffdca8,perception_container_tar,blockwise_bsdiff,4096,4096,0,5,True,True,uncompressed,deterministic_tar_derivation,smartota-container-layers,1.2.6,0.26.2,1.26.4,2.20.0,2.12.0,True,True,True,True,B,e669a57fb08d98364bfc4188a4259b2d14d83698302da7cd0dcc57f9bed99e1c,0,1,True,0,,0,2000000.0,25,True,20000000.0,always_pass,2,realistic,10000000.0,8388608,30.0,True,True,16777216,full_package,25165824,20480,0.013921,30.0,16384,pass,A,0e8b0687acf08d383867dafd22ba867fb3829e05656edef718005071fdffdca8,complete,0.003606,20480,0,2,27841,27841,48321,12847,False,1,False,False,False,False,16777216,20480,False,1,0,0.017527,4,container_av_perception,30.0,0.00573,27841,5,2942cbde2fd344cccea23aabbe8d5bf168610c71,False,0.75,"{'interruption_percentage': 0.75, 'interrupted_after_operations': 4, 'operation_count': 5, 'checkpoint_available': False, 'checkpoint_operation_index': 0, 'resumed_from_checkpoint': False, 'recovery_strategy': 'failed', 'recovery_success': False, 'rollback_success': False, 'rollback_ready_at_interruption': False, 'final_replay_validity': False, 'replay_errors': '', 'recovery_errors': 'no checkpoint and rollback is not ready', 'extra_network_bytes': 0, 'extra_flash_writes': 0, 'total_network_bytes': 27670, 'total_flash_write_bytes': 16384, 'interrupted_metrics': {'install_state': 'interrupted', 'package_size_bytes': 27670, 'network_bytes': 27670, 'staging_area_bytes': 27670, 'backup_area_bytes': 0, 'installed_image_bytes': 20480, 'current_persistent_storage_bytes': 48150, 'peak_persistent_storage_bytes': 48150, 'peak_ram_bytes': 12847, 'flash_write_bytes': 16384, 'download_time_s': 0.013835, 'install_time_s': 0.003606, 'total_time_s': 0.017441, 'checkpoint_count': 0, 'latest_checkpoint_operation': 0, 'rollback_ready': False, 'unsafe_overwrite_count': 4, 'budget_violation_count': 0, 'budget_violations': [], 'ab_enabled': True, 'active_slot': 'A', 'inactive_slot': 'B', 'active_version': '0e8b0687acf08d383867dafd22ba867fb3829e05656edef718005071fdffdca8', 'inactive_version': '0e8b0687acf08d383867dafd22ba867fb3829e05656edef718005071fdffdca8', 'slot_capacity_bytes': 16777216, 'boot_attempt_counter': 0, 'max_boot_attempts': 2, 'pending_activation': False, 'health_verdict': 'not_run', 'rollback_performed': False, 'ab_update_valid': False, 'ab_rollback_ready': True, 'slot_storage_bytes': 20480, 'slot_storage_violation': False, 'activation_success': False, 'boot_health_success': False, 'rollback_after_failed_boot': False, 'rollback_success': False, 'reboot_count': 0, 'downtime_seconds': 0.0, 'slot_switch_count': 0}, 'recovered_metrics': {}, 'recovery_cost': {'discarded_operation_count': 4, 'replayed_operation_count': 0, 'network_bytes': 0, 'flash_write_bytes': 0}}",interrupt_075,0,1,False,0,0,0,0,1,False,Synthetic fixture with no third-party model weights,16384,/home/arpan/OTA/.cursor-tutor/ota_environment/results/final_deterministic_benchmark_20260505/bounded_manifests/smartota-container-yolo-small-only.json,1,12847,/home/arpan/OTA/.cursor-tutor/ota_environment/data/raw/containers/yolo-perception/yolo-perception-layer-new.tar,/home/arpan/OTA/.cursor-tutor/ota_environment/data/raw/containers/yolo-perception/yolo-perception-layer-new.tar,e669a57fb08d98364bfc4188a4259b2d14d83698302da7cd0dcc57f9bed99e1c,20480,/home/arpan/OTA/.cursor-tutor/ota_environment/data/raw/containers/yolo-perception/yolo-perception-layer-old.tar,/home/arpan/OTA/.cursor-tutor/ota_environment/data/raw/containers/yolo-perception/yolo-perception-layer-old.tar,0e8b0687acf08d383867dafd22ba867fb3829e05656edef718005071fdffdca8,20480,,,4,1,,,container_yolo_perception_update,blockwise_bsdiff,CPython,"3.12.7 | packaged by Anaconda, Inc. | (main, Oct  4 2024, 13:27:36) [GCC 11.2.0]",1,,True,True,0.0,False,False,0.00573,0.00573,containerized_yolo_perception_update,1,20480,False,1,Locally generated deterministic SmartOTA-Bench YOLO-style perception container fixture,5,0.007742,2026-07-17T15:45:42.120432+00:00,containers,True
True,True,True,5,0,True,e669a57fb08d98364bfc4188a4259b2d14d83698302da7cd0dcc57f9bed99e1c,0e8b0687acf08d383867dafd22ba867fb3829e05656edef718005071fdffdca8,perception_container_tar,copy_only,4096,4096,0,5,True,True,uncompressed,deterministic_tar_derivation,smartota-container-layers,1.2.6,0.26.2,1.26.4,2.20.0,2.12.0,True,True,True,True,B,e669a57fb08d98364bfc4188a4259b2d14d83698302da7cd0dcc57f9bed99e1c,0,1,True,0,,0,2000000.0,25,True,20000000.0,always_pass,2,realistic,10000000.0,8388608,30.0,True,True,16777216,full_package,25165824,20480,0.019587,30.0,16384,pass,A,0e8b0687acf08d383867dafd22ba867fb3829e05656edef718005071fdffdca8,complete,0.000819,20480,0,2,39175,39175,59655,4096,False,1,False,False,False,False,16777216,20480,False,1,0,0.020407,4,container_av_perception,30.0,0.000453,39175,5,2942cbde2fd344cccea23aabbe8d5bf168610c71,False,0.75,"{'interruption_percentage': 0.75, 'interrupted_after_operations': 4, 'operation_count': 5, 'checkpoint_available': False, 'checkpoint_operation_index': 0, 'resumed_from_checkpoint': False, 'recovery_strategy': 'failed', 'recovery_success': False, 'rollback_success': False, 'rollback_ready_at_interruption': False, 'final_replay_validity': False, 'replay_errors': '', 'recovery_errors': 'no checkpoint and rollback is not ready', 'extra_network_bytes': 0, 'extra_flash_writes': 0, 'total_network_bytes': 39004, 'total_flash_write_bytes': 16384, 'interrupted_metrics': {'install_state': 'interrupted', 'package_size_bytes': 39004, 'network_bytes': 39004, 'staging_area_bytes': 39004, 'backup_area_bytes': 0, 'installed_image_bytes': 20480, 'current_persistent_storage_bytes': 59484, 'peak_persistent_storage_bytes': 59484, 'peak_ram_bytes': 4096, 'flash_write_bytes': 16384, 'download_time_s': 0.019502, 'install_time_s': 0.000819, 'total_time_s': 0.020321, 'checkpoint_count': 0, 'latest_checkpoint_operation': 0, 'rollback_ready': False, 'unsafe_overwrite_count': 4, 'budget_violation_count': 0, 'budget_violations': [], 'ab_enabled': True, 'active_slot': 'A', 'inactive_slot': 'B', 'active_version': '0e8b0687acf08d383867dafd22ba867fb3829e05656edef718005071fdffdca8', 'inactive_version': '0e8b0687acf08d383867dafd22ba867fb3829e05656edef718005071fdffdca8', 'slot_capacity_bytes': 16777216, 'boot_attempt_counter': 0, 'max_boot_attempts': 2, 'pending_activation': False, 'health_verdict': 'not_run', 'rollback_performed': False, 'ab_update_valid': False, 'ab_rollback_ready': True, 'slot_storage_bytes': 20480, 'slot_storage_violation': False, 'activation_success': False, 'boot_health_success': False, 'rollback_after_failed_boot': False, 'rollback_success': False, 'reboot_count': 0, 'downtime_seconds': 0.0, 'slot_switch_count': 0}, 'recovered_metrics': {}, 'recovery_cost': {'discarded_operation_count': 4, 'replayed_operation_count': 0, 'network_bytes': 0, 'flash_write_bytes': 0}}",interrupt_075,0,1,False,0,0,0,0,1,False,Synthetic fixture with no third-party model weights,16384,/home/arpan/OTA/.cursor-tutor/ota_environment/results/final_deterministic_benchmark_20260505/bounded_manifests/smartota-container-yolo-small-only.json,1,4096,/home/arpan/OTA/.cursor-tutor/ota_environment/data/raw/containers/yolo-perception/yolo-perception-layer-new.tar,/home/arpan/OTA/.cursor-tutor/ota_environment/data/raw/containers/yolo-perception/yolo-perception-layer-new.tar,e669a57fb08d98364bfc4188a4259b2d14d83698302da7cd0dcc57f9bed99e1c,20480,/home/arpan/OTA/.cursor-tutor/ota_environment/data/raw/containers/yolo-perception/yolo-perception-layer-old.tar,/home/arpan/OTA/.cursor-tutor/ota_environment/data/raw/containers/yolo-perception/yolo-perception-layer-old.tar,0e8b0687acf08d383867dafd22ba867fb3829e05656edef718005071fdffdca8,20480,,,,1,4,,container_yolo_perception_update,copy_only,CPython,"3.12.7 | packaged by Anaconda, Inc. | (main, Oct  4 2024, 13:27:36) [GCC 11.2.0]",1,,True,True,0.0,False,False,0.000453,0.000453,containerized_yolo_perception_update,1,20480,False,1,Locally generated deterministic SmartOTA-Bench YOLO-style perception container fixture,5,0.001169,2026-07-17T15:45:42.120432+00:00,containers,True
True,True,True,5,0,True,e669a57fb08d98364bfc4188a4259b2d14d83698302da7cd0dcc57f9bed99e1c,0e8b0687acf08d383867dafd22ba867fb3829e05656edef718005071fdffdca8,perception_container_tar,copy_delta,4096,4096,0,5,True,True,uncompressed,deterministic_tar_derivation,smartota-container-layers,1.2.6,0.26.2,1.26.4,2.20.0,2.12.0,True,True,True,True,B,e669a57fb08d98364bfc4188a4259b2d14d83698302da7cd0dcc57f9bed99e1c,0,1,True,0,,0,2000000.0,25,True,20000000.0,always_pass,2,realistic,10000000.0,8388608,30.0,True,True,16777216,full_package,25165824,20480,0.013257,30.0,16384,pass,A,0e8b0687acf08d383867dafd22ba867fb3829e05656edef718005071fdffdca8,complete,0.002731,20480,0,2,26513,26513,46993,11543,False,1,False,False,False,False,16777216,20480,False,1,0,0.015988,4,container_av_perception,30.0,0.005841,26513,5,2942cbde2fd344cccea23aabbe8d5bf168610c71,False,0.75,"{'interruption_percentage': 0.75, 'interrupted_after_operations': 4, 'operation_count': 5, 'checkpoint_available': False, 'checkpoint_operation_index': 0, 'resumed_from_checkpoint': False, 'recovery_strategy': 'failed', 'recovery_success': False, 'rollback_success': False, 'rollback_ready_at_interruption': False, 'final_replay_validity': False, 'replay_errors': '', 'recovery_errors': 'no checkpoint and rollback is not ready', 'extra_network_bytes': 0, 'extra_flash_writes': 0, 'total_network_bytes': 26342, 'total_flash_write_bytes': 16384, 'interrupted_metrics': {'install_state': 'interrupted', 'package_size_bytes': 26342, 'network_bytes': 26342, 'staging_area_bytes': 26342, 'backup_area_bytes': 0, 'installed_image_bytes': 20480, 'current_persistent_storage_bytes': 46822, 'peak_persistent_storage_bytes': 46822, 'peak_ram_bytes': 11543, 'flash_write_bytes': 16384, 'download_time_s': 0.013171, 'install_time_s': 0.002731, 'total_time_s': 0.015902, 'checkpoint_count': 0, 'latest_checkpoint_operation': 0, 'rollback_ready': False, 'unsafe_overwrite_count': 4, 'budget_violation_count': 0, 'budget_violations': [], 'ab_enabled': True, 'active_slot': 'A', 'inactive_slot': 'B', 'active_version': '0e8b0687acf08d383867dafd22ba867fb3829e05656edef718005071fdffdca8', 'inactive_version': '0e8b0687acf08d383867dafd22ba867fb3829e05656edef718005071fdffdca8', 'slot_capacity_bytes': 16777216, 'boot_attempt_counter': 0, 'max_boot_attempts': 2, 'pending_activation': False, 'health_verdict': 'not_run', 'rollback_performed': False, 'ab_update_valid': False, 'ab_rollback_ready': True, 'slot_storage_bytes': 20480, 'slot_storage_violation': False, 'activation_success': False, 'boot_health_success': False, 'rollback_after_failed_boot': False, 'rollback_success': False, 'reboot_count': 0, 'downtime_seconds': 0.0, 'slot_switch_count': 0}, 'recovered_metrics': {}, 'recovery_cost': {'discarded_operation_count': 4, 'replayed_operation_count': 0, 'network_bytes': 0, 'flash_write_bytes': 0}}",interrupt_075,0,1,False,0,0,0,0,1,False,Synthetic fixture with no third-party model weights,16384,/home/arpan/OTA/.cursor-tutor/ota_environment/results/final_deterministic_benchmark_20260505/bounded_manifests/smartota-container-yolo-small-only.json,1,11543,/home/arpan/OTA/.cursor-tutor/ota_environment/data/raw/containers/yolo-perception/yolo-perception-layer-new.tar,/home/arpan/OTA/.cursor-tutor/ota_environment/data/raw/containers/yolo-perception/yolo-perception-layer-new.tar,e669a57fb08d98364bfc4188a4259b2d14d83698302da7cd0dcc57f9bed99e1c,20480,/home/arpan/OTA/.cursor-tutor/ota_environment/data/raw/containers/yolo-perception/yolo-perception-layer-old.tar,/home/arpan/OTA/.cursor-tutor/ota_environment/data/raw/containers/yolo-perception/yolo-perception-layer-old.tar,0e8b0687acf08d383867dafd22ba867fb3829e05656edef718005071fdffdca8,20480,,,3,1,1,,container_yolo_perception_update,copy_delta,CPython,"3.12.7 | packaged by Anaconda, Inc. | (main, Oct  4 2024, 13:27:36) [GCC 11.2.0]",1,,True,True,0.0,False,False,0.005841,0.005841,containerized_yolo_perception_update,1,20480,False,1,Locally generated deterministic SmartOTA-Bench YOLO-style perception container fixture,5,0.007357,2026-07-17T15:45:42.120432+00:00,containers,True
True,True,True,5,4,True,e669a57fb08d98364bfc4188a4259b2d14d83698302da7cd0dcc57f9bed99e1c,0e8b0687acf08d383867dafd22ba867fb3829e05656edef718005071fdffdca8,perception_container_tar,backup_safe_copy_delta,4096,4096,0,5,True,True,uncompressed,deterministic_tar_derivation,smartota-container-layers,1.2.6,0.26.2,1.26.4,2.20.0,2.12.0,True,True,True,True,B,e669a57fb08d98364bfc4188a4259b2d14d83698302da7cd0dcc57f9bed99e1c,16384,1,True,0,,0,2000000.0,25,True,20000000.0,always_pass,2,realistic,10000000.0,8388608,30.0,True,True,16777216,full_package,25165824,36864,0.013489,30.0,32768,pass,A,0e8b0687acf08d383867dafd22ba867fb3829e05656edef718005071fdffdca8,complete,0.00355,20480,0,2,26977,26977,63841,11543,False,1,False,False,True,False,16777216,20480,False,1,0,0.017039,0,container_av_perception,30.0,0.01054,26977,9,2942cbde2fd344cccea23aabbe8d5bf168610c71,False,0.75,"{'interruption_percentage': 0.75, 'interrupted_after_operations': 7, 'operation_count': 9, 'checkpoint_available': False, 'checkpoint_operation_index': 0, 'resumed_from_checkpoint': False, 'recovery_strategy': 'rollback_reinstall', 'recovery_success': True, 'rollback_success': True, 'rollback_ready_at_interruption': True, 'final_replay_validity': True, 'replay_errors': '', 'recovery_errors': '', 'extra_network_bytes': 19213, 'extra_flash_writes': 28672, 'total_network_bytes': 46190, 'total_flash_write_bytes': 61440, 'interrupted_metrics': {'install_state': 'interrupted', 'package_size_bytes': 19213, 'network_bytes': 19213, 'staging_area_bytes': 19213, 'backup_area_bytes': 16384, 'installed_image_bytes': 20480, 'current_persistent_storage_bytes': 56077, 'peak_persistent_storage_bytes': 56077, 'peak_ram_bytes': 11543, 'flash_write_bytes': 28672, 'download_time_s': 0.009607, 'install_time_s': 0.00262, 'total_time_s': 0.012226, 'checkpoint_count': 0, 'latest_checkpoint_operation': 0, 'rollback_ready': True, 'unsafe_overwrite_count': 0, 'budget_violation_count': 0, 'budget_violations': [], 'ab_enabled': True, 'active_slot': 'A', 'inactive_slot': 'B', 'active_version': '0e8b0687acf08d383867dafd22ba867fb3829e05656edef718005071fdffdca8', 'inactive_version': '0e8b0687acf08d383867dafd22ba867fb3829e05656edef718005071fdffdca8', 'slot_capacity_bytes': 16777216, 'boot_attempt_counter': 0, 'max_boot_attempts': 2, 'pending_activation': False, 'health_verdict': 'not_run', 'rollback_performed': False, 'ab_update_valid': False, 'ab_rollback_ready': True, 'slot_storage_bytes': 20480, 'slot_storage_violation': False, 'activation_success': False, 'boot_health_success': False, 'rollback_after_failed_boot': False, 'rollback_success': False, 'reboot_count': 0, 'downtime_seconds': 0.0, 'slot_switch_count': 0}, 'recovered_metrics': {'install_state': 'complete', 'package_size_bytes': 46190, 'network_bytes': 46190, 'staging_area_bytes': 0, 'backup_area_bytes': 16384, 'installed_image_bytes': 20480, 'current_persistent_storage_bytes': 36864, 'peak_persistent_storage_bytes': 63841, 'peak_ram_bytes': 11543, 'flash_write_bytes': 61440, 'download_time_s': 0.023095, 'install_time_s': 0.00617, 'total_time_s': 0.029265, 'checkpoint_count': 0, 'latest_checkpoint_operation': 0, 'rollback_ready': True, 'unsafe_overwrite_count': 0, 'budget_violation_count': 0, 'budget_violations': [], 'ab_enabled': True, 'active_slot': 'B', 'inactive_slot': 'A', 'active_version': 'e669a57fb08d98364bfc4188a4259b2d14d83698302da7cd0dcc57f9bed99e1c', 'inactive_version': '0e8b0687acf08d383867dafd22ba867fb3829e05656edef718005071fdffdca8', 'slot_capacity_bytes': 16777216, 'boot_attempt_counter': 1, 'max_boot_attempts': 2, 'pending_activation': False, 'health_verdict': 'pass', 'rollback_performed': False, 'ab_update_valid': True, 'ab_rollback_ready': True, 'slot_storage_bytes': 20480, 'slot_storage_violation': False, 'activation_success': True, 'boot_health_success': True, 'rollback_after_failed_boot': False, 'rollback_success': False, 'reboot_count': 1, 'downtime_seconds': 30.0, 'slot_switch_count': 1}, 'recovery_cost': {'discarded_operation_count': 7, 'replayed_operation_count': 9, 'network_bytes': 26977, 'flash_write_bytes': 32768}}",interrupt_075,0,0,True,28672,19213,9,1,1,False,Synthetic fixture with no third-party model weights,16384,/home/arpan/OTA/.cursor-tutor/ota_environment/results/final_deterministic_benchmark_20260505/bounded_manifests/smartota-container-yolo-small-only.json,1,11543,/home/arpan/OTA/.cursor-tutor/ota_environment/data/raw/containers/yolo-perception/yolo-perception-layer-new.tar,/home/arpan/OTA/.cursor-tutor/ota_environment/data/raw/containers/yolo-perception/yolo-perception-layer-new.tar,e669a57fb08d98364bfc4188a4259b2d14d83698302da7cd0dcc57f9bed99e1c,20480,/home/arpan/OTA/.cursor-tutor/ota_environment/data/raw/containers/yolo-perception/yolo-perception-layer-old.tar,/home/arpan/OTA/.cursor-tutor/ota_environment/data/raw/containers/yolo-perception/yolo-perception-layer-old.tar,0e8b0687acf08d383867dafd22ba867fb3829e05656edef718005071fdffdca8,20480,4,,3,1,1,,container_yolo_perception_update,backup_safe_copy_delta,CPython,"3.12.7 | packaged by Anaconda, Inc. | (main, Oct  4 2024, 13:27:36) [GCC 11.2.0]",1,,True,True,0.0,False,False,0.01054,0.01054,containerized_yolo_perception_update,1,20480,False,1,Locally generated deterministic SmartOTA-Bench YOLO-style perception container fixture,9,0.013428,2026-07-17T15:45:42.120432+00:00,containers,True
True,True,True,5,4,True,e669a57fb08d98364bfc4188a4259b2d14d83698302da7cd0dcc57f9bed99e1c,0e8b0687acf08d383867dafd22ba867fb3829e05656edef718005071fdffdca8,perception_container_tar,deployment_aware_greedy,4096,4096,0,5,True,True,uncompressed,deterministic_tar_derivation,smartota-container-layers,1.2.6,0.26.2,1.26.4,2.20.0,2.12.0,True,True,True,True,B,e669a57fb08d98364bfc4188a4259b2d14d83698302da7cd0dcc57f9bed99e1c,16384,1,True,0,,0,2000000.0,25,True,20000000.0,always_pass,2,realistic,10000000.0,8388608,30.0,True,True,16777216,full_package,25165824,36864,0.013489,30.0,32768,pass,A,0e8b0687acf08d383867dafd22ba867fb3829e05656edef718005071fdffdca8,complete,0.00355,20480,0,2,26977,26977,63841,11543,False,1,False,False,True,False,16777216,20480,False,1,0,0.017039,0,container_av_perception,30.0,0.009775,26977,9,2942cbde2fd344cccea23aabbe8d5bf168610c71,False,0.75,"{'interruption_percentage': 0.75, 'interrupted_after_operations': 7, 'operation_count': 9, 'checkpoint_available': False, 'checkpoint_operation_index': 0, 'resumed_from_checkpoint': False, 'recovery_strategy': 'rollback_reinstall', 'recovery_success': True, 'rollback_success': True, 'rollback_ready_at_interruption': True, 'final_replay_validity': True, 'replay_errors': '', 'recovery_errors': '', 'extra_network_bytes': 19213, 'extra_flash_writes': 28672, 'total_network_bytes': 46190, 'total_flash_write_bytes': 61440, 'interrupted_metrics': {'install_state': 'interrupted', 'package_size_bytes': 19213, 'network_bytes': 19213, 'staging_area_bytes': 19213, 'backup_area_bytes': 16384, 'installed_image_bytes': 20480, 'current_persistent_storage_bytes': 56077, 'peak_persistent_storage_bytes': 56077, 'peak_ram_bytes': 11543, 'flash_write_bytes': 28672, 'download_time_s': 0.009607, 'install_time_s': 0.00262, 'total_time_s': 0.012226, 'checkpoint_count': 0, 'latest_checkpoint_operation': 0, 'rollback_ready': True, 'unsafe_overwrite_count': 0, 'budget_violation_count': 0, 'budget_violations': [], 'ab_enabled': True, 'active_slot': 'A', 'inactive_slot': 'B', 'active_version': '0e8b0687acf08d383867dafd22ba867fb3829e05656edef718005071fdffdca8', 'inactive_version': '0e8b0687acf08d383867dafd22ba867fb3829e05656edef718005071fdffdca8', 'slot_capacity_bytes': 16777216, 'boot_attempt_counter': 0, 'max_boot_attempts': 2, 'pending_activation': False, 'health_verdict': 'not_run', 'rollback_performed': False, 'ab_update_valid': False, 'ab_rollback_ready': True, 'slot_storage_bytes': 20480, 'slot_storage_violation': False, 'activation_success': False, 'boot_health_success': False, 'rollback_after_failed_boot': False, 'rollback_success': False, 'reboot_count': 0, 'downtime_seconds': 0.0, 'slot_switch_count': 0}, 'recovered_metrics': {'install_state': 'complete', 'package_size_bytes': 46190, 'network_bytes': 46190, 'staging_area_bytes': 0, 'backup_area_bytes': 16384, 'installed_image_bytes': 20480, 'current_persistent_storage_bytes': 36864, 'peak_persistent_storage_bytes': 63841, 'peak_ram_bytes': 11543, 'flash_write_bytes': 61440, 'download_time_s': 0.023095, 'install_time_s': 0.00617, 'total_time_s': 0.029265, 'checkpoint_count': 0, 'latest_checkpoint_operation': 0, 'rollback_ready': True, 'unsafe_overwrite_count': 0, 'budget_violation_count': 0, 'budget_violations': [], 'ab_enabled': True, 'active_slot': 'B', 'inactive_slot': 'A', 'active_version': 'e669a57fb08d98364bfc4188a4259b2d14d83698302da7cd0dcc57f9bed99e1c', 'inactive_version': '0e8b0687acf08d383867dafd22ba867fb3829e05656edef718005071fdffdca8', 'slot_capacity_bytes': 16777216, 'boot_attempt_counter': 1, 'max_boot_attempts': 2, 'pending_activation': False, 'health_verdict': 'pass', 'rollback_performed': False, 'ab_update_valid': True, 'ab_rollback_ready': True, 'slot_storage_bytes': 20480, 'slot_storage_violation': False, 'activation_success': True, 'boot_health_success': True, 'rollback_after_failed_boot': False, 'rollback_success': False, 'reboot_count': 1, 'downtime_seconds': 30.0, 'slot_switch_count': 1}, 'recovery_cost': {'discarded_operation_count': 7, 'replayed_operation_count': 9, 'network_bytes': 26977, 'flash_write_bytes': 32768}}",interrupt_075,0,0,True,28672,19213,9,1,1,False,Synthetic fixture with no third-party model weights,16384,/home/arpan/OTA/.cursor-tutor/ota_environment/results/final_deterministic_benchmark_20260505/bounded_manifests/smartota-container-yolo-small-only.json,1,11543,/home/arpan/OTA/.cursor-tutor/ota_environment/data/raw/containers/yolo-perception/yolo-perception-layer-new.tar,/home/arpan/OTA/.cursor-tutor/ota_environment/data/raw/containers/yolo-perception/yolo-perception-layer-new.tar,e669a57fb08d98364bfc4188a4259b2d14d83698302da7cd0dcc57f9bed99e1c,20480,/home/arpan/OTA/.cursor-tutor/ota_environment/data/raw/containers/yolo-perception/yolo-perception-layer-old.tar,/home/arpan/OTA/.cursor-tutor/ota_environment/data/raw/containers/yolo-perception/yolo-perception-layer-old.tar,0e8b0687acf08d383867dafd22ba867fb3829e05656edef718005071fdffdca8,20480,4,,3,1,1,,container_yolo_perception_update,deployment_aware_greedy,CPython,"3.12.7 | packaged by Anaconda, Inc. | (main, Oct  4 2024, 13:27:36) [GCC 11.2.0]",1,,True,True,0.0,False,False,0.009775,0.009775,containerized_yolo_perception_update,1,20480,False,1,Locally generated deterministic SmartOTA-Bench YOLO-style perception container fixture,9,0.012698,2026-07-17T15:45:42.120432+00:00,containers,True
True,True,True,5,0,True,e669a57fb08d98364bfc4188a4259b2d14d83698302da7cd0dcc57f9bed99e1c,0e8b0687acf08d383867dafd22ba867fb3829e05656edef718005071fdffdca8,perception_container_tar,rsync_rolling_hash,4096,4096,0,5,True,True,uncompressed,deterministic_tar_derivation,smartota-container-layers,1.2.6,0.26.2,1.26.4,2.20.0,2.12.0,True,True,True,True,B,e669a57fb08d98364bfc4188a4259b2d14d83698302da7cd0dcc57f9bed99e1c,0,1,True,0,,0,2000000.0,25,True,20000000.0,always_pass,2,realistic,10000000.0,8388608,30.0,True,True,16777216,full_package,25165824,20480,0.019587,30.0,16384,pass,A,0e8b0687acf08d383867dafd22ba867fb3829e05656edef718005071fdffdca8,complete,0.000819,20480,0,2,39175,39175,59655,4096,False,1,False,False,False,False,16777216,20480,False,1,0,0.020407,4,container_av_perception,30.0,0.004839,39175,5,2942cbde2fd344cccea23aabbe8d5bf168610c71,False,0.75,"{'interruption_percentage': 0.75, 'interrupted_after_operations': 4, 'operation_count': 5, 'checkpoint_available': False, 'checkpoint_operation_index': 0, 'resumed_from_checkpoint': False, 'recovery_strategy': 'failed', 'recovery_success': False, 'rollback_success': False, 'rollback_ready_at_interruption': False, 'final_replay_validity': False, 'replay_errors': '', 'recovery_errors': 'no checkpoint and rollback is not ready', 'extra_network_bytes': 0, 'extra_flash_writes': 0, 'total_network_bytes': 39004, 'total_flash_write_bytes': 16384, 'interrupted_metrics': {'install_state': 'interrupted', 'package_size_bytes': 39004, 'network_bytes': 39004, 'staging_area_bytes': 39004, 'backup_area_bytes': 0, 'installed_image_bytes': 20480, 'current_persistent_storage_bytes': 59484, 'peak_persistent_storage_bytes': 59484, 'peak_ram_bytes': 4096, 'flash_write_bytes': 16384, 'download_time_s': 0.019502, 'install_time_s': 0.000819, 'total_time_s': 0.020321, 'checkpoint_count': 0, 'latest_checkpoint_operation': 0, 'rollback_ready': False, 'unsafe_overwrite_count': 4, 'budget_violation_count': 0, 'budget_violations': [], 'ab_enabled': True, 'active_slot': 'A', 'inactive_slot': 'B', 'active_version': '0e8b0687acf08d383867dafd22ba867fb3829e05656edef718005071fdffdca8', 'inactive_version': '0e8b0687acf08d383867dafd22ba867fb3829e05656edef718005071fdffdca8', 'slot_capacity_bytes': 16777216, 'boot_attempt_counter': 0, 'max_boot_attempts': 2, 'pending_activation': False, 'health_verdict': 'not_run', 'rollback_performed': False, 'ab_update_valid': False, 'ab_rollback_ready': True, 'slot_storage_bytes': 20480, 'slot_storage_violation': False, 'activation_success': False, 'boot_health_success': False, 'rollback_after_failed_boot': False, 'rollback_success': False, 'reboot_count': 0, 'downtime_seconds': 0.0, 'slot_switch_count': 0}, 'recovered_metrics': {}, 'recovery_cost': {'discarded_operation_count': 4, 'replayed_operation_count': 0, 'network_bytes': 0, 'flash_write_bytes': 0}}",interrupt_075,0,1,False,0,0,0,0,1,False,Synthetic fixture with no third-party model weights,16384,/home/arpan/OTA/.cursor-tutor/ota_environment/results/final_deterministic_benchmark_20260505/bounded_manifests/smartota-container-yolo-small-only.json,1,4096,/home/arpan/OTA/.cursor-tutor/ota_environment/data/raw/containers/yolo-perception/yolo-perception-layer-new.tar,/home/arpan/OTA/.cursor-tutor/ota_environment/data/raw/containers/yolo-perception/yolo-perception-layer-new.tar,e669a57fb08d98364bfc4188a4259b2d14d83698302da7cd0dcc57f9bed99e1c,20480,/home/arpan/OTA/.cursor-tutor/ota_environment/data/raw/containers/yolo-perception/yolo-perception-layer-old.tar,/home/arpan/OTA/.cursor-tutor/ota_environment/data/raw/containers/yolo-perception/yolo-perception-layer-old.tar,0e8b0687acf08d383867dafd22ba867fb3829e05656edef718005071fdffdca8,20480,,,,1,4,,container_yolo_perception_update,rsync_rolling_hash,CPython,"3.12.7 | packaged by Anaconda, Inc. | (main, Oct  4 2024, 13:27:36) [GCC 11.2.0]",1,,True,True,0.0,False,False,0.004839,0.004839,containerized_yolo_perception_update,1,20480,False,1,Locally generated deterministic SmartOTA-Bench YOLO-style perception container fixture,5,0.005624,2026-07-17T15:45:42.120432+00:00,containers,True
True,True,True,2,0,True,e669a57fb08d98364bfc4188a4259b2d14d83698302da7cd0dcc57f9bed99e1c,0e8b0687acf08d383867dafd22ba867fb3829e05656edef718005071fdffdca8,perception_container_tar,full_replacement,4096,4096,0,5,True,True,uncompressed,deterministic_tar_derivation,smartota-container-layers,1.2.6,0.26.2,1.26.4,2.20.0,2.12.0,True,True,True,True,B,e669a57fb08d98364bfc4188a4259b2d14d83698302da7cd0dcc57f9bed99e1c,0,1,True,0,,0,500000.0,10,True,5000000.0,always_pass,2,constrained,2000000.0,524288,45.0,True,True,8388608,streaming,12582912,20480,0.096166,45.0,20480,pass,A,0e8b0687acf08d383867dafd22ba867fb3829e05656edef718005071fdffdca8,complete,0.004096,20480,0,2,48083,48083,84843,20480,False,1,False,False,False,False,8388608,20480,False,1,0,0.100262,1,container_av_perception,45.0,0.000406,48083,2,2942cbde2fd344cccea23aabbe8d5bf168610c71,False,0.25,"{'interruption_percentage': 0.25, 'interrupted_after_operations': 1, 'operation_count': 2, 'checkpoint_available': False, 'checkpoint_operation_index': 0, 'resumed_from_checkpoint': False, 'recovery_strategy': 'failed', 'recovery_success': False, 'rollback_success': False, 'rollback_ready_at_interruption': False, 'final_replay_validity': False, 'replay_errors': '', 'recovery_errors': 'no checkpoint and rollback is not ready', 'extra_network_bytes': 0, 'extra_flash_writes': 0, 'total_network_bytes': 47979, 'total_flash_write_bytes': 20480, 'interrupted_metrics': {'install_state': 'interrupted', 'package_size_bytes': 47979, 'network_bytes': 47979, 'staging_area_bytes': 0, 'backup_area_bytes': 0, 'installed_image_bytes': 36864, 'current_persistent_storage_bytes': 36864, 'peak_persistent_storage_bytes': 84843, 'peak_ram_bytes': 20480, 'flash_write_bytes': 20480, 'download_time_s': 0.095958, 'install_time_s': 0.004096, 'total_time_s': 0.100054, 'checkpoint_count': 0, 'latest_checkpoint_operation': 0, 'rollback_ready': False, 'unsafe_overwrite_count': 1, 'budget_violation_count': 0, 'budget_violations': [], 'ab_enabled': True, 'active_slot': 'A', 'inactive_slot': 'B', 'active_version': '0e8b0687acf08d383867dafd22ba867fb3829e05656edef718005071fdffdca8', 'inactive_version': '0e8b0687acf08d383867dafd22ba867fb3829e05656edef718005071fdffdca8', 'slot_capacity_bytes': 8388608, 'boot_attempt_counter': 0, 'max_boot_attempts': 2, 'pending_activation': False, 'health_verdict': 'not_run', 'rollback_performed': False, 'ab_update_valid': False, 'ab_rollback_ready': True, 'slot_storage_bytes': 20480, 'slot_storage_violation': False, 'activation_success': False, 'boot_health_success': False, 'rollback_after_failed_boot': False, 'rollback_success': False, 'reboot_count': 0, 'downtime_seconds': 0.0, 'slot_switch_count': 0}, 'recovered_metrics': {}, 'recovery_cost': {'discarded_operation_count': 1, 'replayed_operation_count': 0, 'network_bytes': 0, 'flash_write_bytes': 0}}",interrupt_025,0,1,False,0,0,0,0,1,False,Synthetic fixture with no third-party model weights,16384,/home/arpan/OTA/.cursor-tutor/ota_environment/results/final_deterministic_benchmark_20260505/bounded_manifests/smartota-container-yolo-small-only.json,1,20480,/home/arpan/OTA/.cursor-tutor/ota_environment/data/raw/containers/yolo-perception/yolo-perception-layer-new.tar,/home/arpan/OTA/.cursor-tutor/ota_environment/data/raw/containers/yolo-perception/yolo-perception-layer-new.tar,e669a57fb08d98364bfc4188a4259b2d14d83698302da7cd0dcc57f9bed99e1c,20480,/home/arpan/OTA/.cursor-tutor/ota_environment/data/raw/containers/yolo-perception/yolo-perception-layer-old.tar,/home/arpan/OTA/.cursor-tutor/ota_environment/data/raw/containers/yolo-perception/yolo-perception-layer-old.tar,0e8b0687acf08d383867dafd22ba867fb3829e05656edef718005071fdffdca8,20480,,,,,1,1,container_yolo_perception_update,full_replacement,CPython,"3.12.7 | packaged by Anaconda, Inc. | (main, Oct  4 2024, 13:27:36) [GCC 11.2.0]",1,,True,True,0.0,False,False,0.000406,0.000406,containerized_yolo_perception_update,1,20480,False,1,Locally generated deterministic SmartOTA-Bench YOLO-style perception container fixture,2,0.001116,2026-07-17T15:45:42.120432+00:00,containers,True
True,True,True,2,0,True,e669a57fb08d98364bfc4188a4259b2d14d83698302da7cd0dcc57f9bed99e1c,0e8b0687acf08d383867dafd22ba867fb3829e05656edef718005071fdffdca8,perception_container_tar,whole_file_bsdiff,4096,4096,0,5,True,True,uncompressed,deterministic_tar_derivation,smartota-container-layers,1.2.6,0.26.2,1.26.4,2.20.0,2.12.0,True,True,True,True,B,e669a57fb08d98364bfc4188a4259b2d14d83698302da7cd0dcc57f9bed99e1c,0,1,True,0,,0,500000.0,10,True,5000000.0,always_pass,2,constrained,2000000.0,524288,45.0,True,True,8388608,streaming,12582912,20480,0.048158,45.0,20480,pass,A,0e8b0687acf08d383867dafd22ba867fb3829e05656edef718005071fdffdca8,complete,0.019422,20480,0,2,24079,24079,60839,51133,False,1,False,False,False,False,8388608,20480,False,1,0,0.067581,1,container_av_perception,45.0,0.005397,24079,2,2942cbde2fd344cccea23aabbe8d5bf168610c71,False,0.25,"{'interruption_percentage': 0.25, 'interrupted_after_operations': 1, 'operation_count': 2, 'checkpoint_available': False, 'checkpoint_operation_index': 0, 'resumed_from_checkpoint': False, 'recovery_strategy': 'failed', 'recovery_success': False, 'rollback_success': False, 'rollback_ready_at_interruption': False, 'final_replay_validity': False, 'replay_errors': '', 'recovery_errors': 'no checkpoint and rollback is not ready', 'extra_network_bytes': 0, 'extra_flash_writes': 0, 'total_network_bytes': 23975, 'total_flash_write_bytes': 20480, 'interrupted_metrics': {'install_state': 'interrupted', 'package_size_bytes': 23975, 'network_bytes': 23975, 'staging_area_bytes': 0, 'backup_area_bytes': 0, 'installed_image_bytes': 36864, 'current_persistent_storage_bytes': 36864, 'peak_persistent_storage_bytes': 60839, 'peak_ram_bytes': 51133, 'flash_write_bytes': 20480, 'download_time_s': 0.04795, 'install_time_s': 0.019422, 'total_time_s': 0.067373, 'checkpoint_count': 0, 'latest_checkpoint_operation': 0, 'rollback_ready': False, 'unsafe_overwrite_count': 1, 'budget_violation_count': 0, 'budget_violations': [], 'ab_enabled': True, 'active_slot': 'A', 'inactive_slot': 'B', 'active_version': '0e8b0687acf08d383867dafd22ba867fb3829e05656edef718005071fdffdca8', 'inactive_version': '0e8b0687acf08d383867dafd22ba867fb3829e05656edef718005071fdffdca8', 'slot_capacity_bytes': 8388608, 'boot_attempt_counter': 0, 'max_boot_attempts': 2, 'pending_activation': False, 'health_verdict': 'not_run', 'rollback_performed': False, 'ab_update_valid': False, 'ab_rollback_ready': True, 'slot_storage_bytes': 20480, 'slot_storage_violation': False, 'activation_success': False, 'boot_health_success': False, 'rollback_after_failed_boot': False, 'rollback_success': False, 'reboot_count': 0, 'downtime_seconds': 0.0, 'slot_switch_count': 0}, 'recovered_metrics': {}, 'recovery_cost': {'discarded_operation_count': 1, 'replayed_operation_count': 0, 'network_bytes': 0, 'flash_write_bytes': 0}}",interrupt_025,0,1,False,0,0,0,0,1,False,Synthetic fixture with no third-party model weights,16384,/home/arpan/OTA/.cursor-tutor/ota_environment/results/final_deterministic_benchmark_20260505/bounded_manifests/smartota-container-yolo-small-only.json,1,51133,/home/arpan/OTA/.cursor-tutor/ota_environment/data/raw/containers/yolo-perception/yolo-perception-layer-new.tar,/home/arpan/OTA/.cursor-tutor/ota_environment/data/raw/containers/yolo-perception/yolo-perception-layer-new.tar,e669a57fb08d98364bfc4188a4259b2d14d83698302da7cd0dcc57f9bed99e1c,20480,/home/arpan/OTA/.cursor-tutor/ota_environment/data/raw/containers/yolo-perception/yolo-perception-layer-old.tar,/home/arpan/OTA/.cursor-tutor/ota_environment/data/raw/containers/yolo-perception/yolo-perception-layer-old.tar,0e8b0687acf08d383867dafd22ba867fb3829e05656edef718005071fdffdca8,20480,,,1,,,1,container_yolo_perception_update,whole_file_bsdiff,CPython,"3.12.7 | packaged by Anaconda, Inc. | (main, Oct  4 2024, 13:27:36) [GCC 11.2.0]",1,,True,True,0.0,False,False,0.005397,0.005397,containerized_yolo_perception_update,1,20480,False,1,Locally generated deterministic SmartOTA-Bench YOLO-style perception container fixture,2,0.007048,2026-07-17T15:45:42.120432+00:00,containers,True
True,True,True,5,0,True,e669a57fb08d98364bfc4188a4259b2d14d83698302da7cd0dcc57f9bed99e1c,0e8b0687acf08d383867dafd22ba867fb3829e05656edef718005071fdffdca8,perception_container_tar,blockwise_bsdiff,4096,4096,0,5,True,True,uncompressed,deterministic_tar_derivation,smartota-container-layers,1.2.6,0.26.2,1.26.4,2.20.0,2.12.0,True,True,True,True,B,e669a57fb08d98364bfc4188a4259b2d14d83698302da7cd0dcc57f9bed99e1c,0,1,True,0,,0,500000.0,10,True,5000000.0,always_pass,2,constrained,2000000.0,524288,45.0,True,True,8388608,streaming,12582912,20480,0.055682,45.0,16384,pass,A,0e8b0687acf08d383867dafd22ba867fb3829e05656edef718005071fdffdca8,complete,0.017212,20480,0,2,27841,27841,31559,12847,False,1,False,False,False,False,8388608,20480,False,1,0,0.072894,4,container_av_perception,45.0,0.005877,27841,5,2942cbde2fd344cccea23aabbe8d5bf168610c71,False,0.25,"{'interruption_percentage': 0.25, 'interrupted_after_operations': 2, 'operation_count': 5, 'checkpoint_available': False, 'checkpoint_operation_index': 0, 'resumed_from_checkpoint': False, 'recovery_strategy': 'failed', 'recovery_success': False, 'rollback_success': False, 'rollback_ready_at_interruption': False, 'final_replay_validity': False, 'replay_errors': '', 'recovery_errors': 'no checkpoint and rollback is not ready', 'extra_network_bytes': 0, 'extra_flash_writes': 0, 'total_network_bytes': 8998, 'total_flash_write_bytes': 8192, 'interrupted_metrics': {'install_state': 'interrupted', 'package_size_bytes': 8998, 'network_bytes': 8998, 'staging_area_bytes': 0, 'backup_area_bytes': 0, 'installed_image_bytes': 20480, 'current_persistent_storage_bytes': 20480, 'peak_persistent_storage_bytes': 28515, 'peak_ram_bytes': 11543, 'flash_write_bytes': 8192, 'download_time_s': 0.017996, 'install_time_s': 0.007569, 'total_time_s': 0.025565, 'checkpoint_count': 0, 'latest_checkpoint_operation': 0, 'rollback_ready': False, 'unsafe_overwrite_count': 2, 'budget_violation_count': 0, 'budget_violations': [], 'ab_enabled': True, 'active_slot': 'A', 'inactive_slot': 'B', 'active_version': '0e8b0687acf08d383867dafd22ba867fb3829e05656edef718005071fdffdca8', 'inactive_version': '0e8b0687acf08d383867dafd22ba867fb3829e05656edef718005071fdffdca8', 'slot_capacity_bytes': 8388608, 'boot_attempt_counter': 0, 'max_boot_attempts': 2, 'pending_activation': False, 'health_verdict': 'not_run', 'rollback_performed': False, 'ab_update_valid': False, 'ab_rollback_ready': True, 'slot_storage_bytes': 20480, 'slot_storage_violation': False, 'activation_success': False, 'boot_health_success': False, 'rollback_after_failed_boot': False, 'rollback_success': False, 'reboot_count': 0, 'downtime_seconds': 0.0, 'slot_switch_count': 0}, 'recovered_metrics': {}, 'recovery_cost': {'discarded_operation_count': 2, 'replayed_operation_count': 0, 'network_bytes': 0, 'flash_write_bytes': 0}}",interrupt_025,0,1,False,0,0,0,0,1,False,Synthetic fixture with no third-party model weights,16384,/home/arpan/OTA/.cursor-tutor/ota_environment/results/final_deterministic_benchmark_20260505/bounded_manifests/smartota-container-yolo-small-only.json,1,12847,/home/arpan/OTA/.cursor-tutor/ota_environment/data/raw/containers/yolo-perception/yolo-perception-layer-new.tar,/home/arpan/OTA/.cursor-tutor/ota_environment/data/raw/containers/yolo-perception/yolo-perception-layer-new.tar,e669a57fb08d98364bfc4188a4259b2d14d83698302da7cd0dcc57f9bed99e1c,20480,/home/arpan/OTA/.cursor-tutor/ota_environment/data/raw/containers/yolo-perception/yolo-perception-layer-old.tar,/home/arpan/OTA/.cursor-tutor/ota_environment/data/raw/containers/yolo-perception/yolo-perception-layer-old.tar,0e8b0687acf08d383867dafd22ba867fb3829e05656edef718005071fdffdca8,20480,,,4,1,,,container_yolo_perception_update,blockwise_bsdiff,CPython,"3.12.7 | packaged by Anaconda, Inc. | (main, Oct  4 2024, 13:27:36) [GCC 11.2.0]",1,,True,True,0.0,False,False,0.005877,0.005877,containerized_yolo_perception_update,1,20480,False,1,Locally generated deterministic SmartOTA-Bench YOLO-style perception container fixture,5,0.007407,2026-07-17T15:45:42.120432+00:00,containers,True
True,True,True,5,0,True,e669a57fb08d98364bfc4188a4259b2d14d83698302da7cd0dcc57f9bed99e1c,0e8b0687acf08d383867dafd22ba867fb3829e05656edef718005071fdffdca8,perception_container_tar,copy_only,4096,4096,0,5,True,True,uncompressed,deterministic_tar_derivation,smartota-container-layers,1.2.6,0.26.2,1.26.4,2.20.0,2.12.0,True,True,True,True,B,e669a57fb08d98364bfc4188a4259b2d14d83698302da7cd0dcc57f9bed99e1c,0,1,True,0,,0,500000.0,10,True,5000000.0,always_pass,2,constrained,2000000.0,524288,45.0,True,True,8388608,streaming,12582912,20480,0.07835,45.0,16384,pass,A,0e8b0687acf08d383867dafd22ba867fb3829e05656edef718005071fdffdca8,complete,0.003277,20480,0,2,39175,39175,30231,4096,False,1,False,False,False,False,8388608,20480,False,1,0,0.081627,4,container_av_perception,45.0,0.000508,39175,5,2942cbde2fd344cccea23aabbe8d5bf168610c71,False,0.25,"{'interruption_percentage': 0.25, 'interrupted_after_operations': 2, 'operation_count': 5, 'checkpoint_available': False, 'checkpoint_operation_index': 0, 'resumed_from_checkpoint': False, 'recovery_strategy': 'failed', 'recovery_success': False, 'rollback_success': False, 'rollback_ready_at_interruption': False, 'final_replay_validity': False, 'replay_errors': '', 'recovery_errors': 'no checkpoint and rollback is not ready', 'extra_network_bytes': 0, 'extra_flash_writes': 0, 'total_network_bytes': 19502, 'total_flash_write_bytes': 8192, 'interrupted_metrics': {'install_state': 'interrupted', 'package_size_bytes': 19502, 'network_bytes': 19502, 'staging_area_bytes': 0, 'backup_area_bytes': 0, 'installed_image_bytes': 20480, 'current_persistent_storage_bytes': 20480, 'peak_persistent_storage_bytes': 30231, 'peak_ram_bytes': 4096, 'flash_write_bytes': 8192, 'download_time_s': 0.039004, 'install_time_s': 0.001638, 'total_time_s': 0.040642, 'checkpoint_count': 0, 'latest_checkpoint_operation': 0, 'rollback_ready': False, 'unsafe_overwrite_count': 2, 'budget_violation_count': 0, 'budget_violations': [], 'ab_enabled': True, 'active_slot': 'A', 'inactive_slot': 'B', 'active_version': '0e8b0687acf08d383867dafd22ba867fb3829e05656edef718005071fdffdca8', 'inactive_version': '0e8b0687acf08d383867dafd22ba867fb3829e05656edef718005071fdffdca8', 'slot_capacity_bytes': 8388608, 'boot_attempt_counter': 0, 'max_boot_attempts': 2, 'pending_activation': False, 'health_verdict': 'not_run', 'rollback_performed': False, 'ab_update_valid': False, 'ab_rollback_ready': True, 'slot_storage_bytes': 20480, 'slot_storage_violation': False, 'activation_success': False, 'boot_health_success': False, 'rollback_after_failed_boot': False, 'rollback_success': False, 'reboot_count': 0, 'downtime_seconds': 0.0, 'slot_switch_count': 0}, 'recovered_metrics': {}, 'recovery_cost': {'discarded_operation_count': 2, 'replayed_operation_count': 0, 'network_bytes': 0, 'flash_write_bytes': 0}}",interrupt_025,0,1,False,0,0,0,0,1,False,Synthetic fixture with no third-party model weights,16384,/home/arpan/OTA/.cursor-tutor/ota_environment/results/final_deterministic_benchmark_20260505/bounded_manifests/smartota-container-yolo-small-only.json,1,4096,/home/arpan/OTA/.cursor-tutor/ota_environment/data/raw/containers/yolo-perception/yolo-perception-layer-new.tar,/home/arpan/OTA/.cursor-tutor/ota_environment/data/raw/containers/yolo-perception/yolo-perception-layer-new.tar,e669a57fb08d98364bfc4188a4259b2d14d83698302da7cd0dcc57f9bed99e1c,20480,/home/arpan/OTA/.cursor-tutor/ota_environment/data/raw/containers/yolo-perception/yolo-perception-layer-old.tar,/home/arpan/OTA/.cursor-tutor/ota_environment/data/raw/containers/yolo-perception/yolo-perception-layer-old.tar,0e8b0687acf08d383867dafd22ba867fb3829e05656edef718005071fdffdca8,20480,,,,1,4,,container_yolo_perception_update,copy_only,CPython,"3.12.7 | packaged by Anaconda, Inc. | (main, Oct  4 2024, 13:27:36) [GCC 11.2.0]",1,,True,True,0.0,False,False,0.000508,0.000508,containerized_yolo_perception_update,1,20480,False,1,Locally generated deterministic SmartOTA-Bench YOLO-style perception container fixture,5,0.001193,2026-07-17T15:45:42.120432+00:00,containers,True
True,True,True,5,0,True,e669a57fb08d98364bfc4188a4259b2d14d83698302da7cd0dcc57f9bed99e1c,0e8b0687acf08d383867dafd22ba867fb3829e05656edef718005071fdffdca8,perception_container_tar,copy_delta,4096,4096,0,5,True,True,uncompressed,deterministic_tar_derivation,smartota-container-layers,1.2.6,0.26.2,1.26.4,2.20.0,2.12.0,True,True,True,True,B,e669a57fb08d98364bfc4188a4259b2d14d83698302da7cd0dcc57f9bed99e1c,0,1,True,0,,0,500000.0,10,True,5000000.0,always_pass,2,constrained,2000000.0,524288,45.0,True,True,8388608,streaming,12582912,20480,0.053026,45.0,16384,pass,A,0e8b0687acf08d383867dafd22ba867fb3829e05656edef718005071fdffdca8,complete,0.012836,20480,0,2,26513,26513,30231,11543,False,1,False,False,False,False,8388608,20480,False,1,0,0.065862,4,container_av_perception,45.0,0.005772,26513,5,2942cbde2fd344cccea23aabbe8d5bf168610c71,False,0.25,"{'interruption_percentage': 0.25, 'interrupted_after_operations': 2, 'operation_count': 5, 'checkpoint_available': False, 'checkpoint_operation_index': 0, 'resumed_from_checkpoint': False, 'recovery_strategy': 'failed', 'recovery_success': False, 'rollback_success': False, 'rollback_ready_at_interruption': False, 'final_replay_validity': False, 'replay_errors': '', 'recovery_errors': 'no checkpoint and rollback is not ready', 'extra_network_bytes': 0, 'extra_flash_writes': 0, 'total_network_bytes': 8998, 'total_flash_write_bytes': 8192, 'interrupted_metrics': {'install_state': 'interrupted', 'package_size_bytes': 8998, 'network_bytes': 8998, 'staging_area_bytes': 0, 'backup_area_bytes': 0, 'installed_image_bytes': 20480, 'current_persistent_storage_bytes': 20480, 'peak_persistent_storage_bytes': 28515, 'peak_ram_bytes': 11543, 'flash_write_bytes': 8192, 'download_time_s': 0.017996, 'install_time_s': 0.007569, 'total_time_s': 0.025565, 'checkpoint_count': 0, 'latest_checkpoint_operation': 0, 'rollback_ready': False, 'unsafe_overwrite_count': 2, 'budget_violation_count': 0, 'budget_violations': [], 'ab_enabled': True, 'active_slot': 'A', 'inactive_slot': 'B', 'active_version': '0e8b0687acf08d383867dafd22ba867fb3829e05656edef718005071fdffdca8', 'inactive_version': '0e8b0687acf08d383867dafd22ba867fb3829e05656edef718005071fdffdca8', 'slot_capacity_bytes': 8388608, 'boot_attempt_counter': 0, 'max_boot_attempts': 2, 'pending_activation': False, 'health_verdict': 'not_run', 'rollback_performed': False, 'ab_update_valid': False, 'ab_rollback_ready': True, 'slot_storage_bytes': 20480, 'slot_storage_violation': False, 'activation_success': False, 'boot_health_success': False, 'rollback_after_failed_boot': False, 'rollback_success': False, 'reboot_count': 0, 'downtime_seconds': 0.0, 'slot_switch_count': 0}, 'recovered_metrics': {}, 'recovery_cost': {'discarded_operation_count': 2, 'replayed_operation_count': 0, 'network_bytes': 0, 'flash_write_bytes': 0}}",interrupt_025,0,1,False,0,0,0,0,1,False,Synthetic fixture with no third-party model weights,16384,/home/arpan/OTA/.cursor-tutor/ota_environment/results/final_deterministic_benchmark_20260505/bounded_manifests/smartota-container-yolo-small-only.json,1,11543,/home/arpan/OTA/.cursor-tutor/ota_environment/data/raw/containers/yolo-perception/yolo-perception-layer-new.tar,/home/arpan/OTA/.cursor-tutor/ota_environment/data/raw/containers/yolo-perception/yolo-perception-layer-new.tar,e669a57fb08d98364bfc4188a4259b2d14d83698302da7cd0dcc57f9bed99e1c,20480,/home/arpan/OTA/.cursor-tutor/ota_environment/data/raw/containers/yolo-perception/yolo-perception-layer-old.tar,/home/arpan/OTA/.cursor-tutor/ota_environment/data/raw/containers/yolo-perception/yolo-perception-layer-old.tar,0e8b0687acf08d383867dafd22ba867fb3829e05656edef718005071fdffdca8,20480,,,3,1,1,,container_yolo_perception_update,copy_delta,CPython,"3.12.7 | packaged by Anaconda, Inc. | (main, Oct  4 2024, 13:27:36) [GCC 11.2.0]",1,,True,True,0.0,False,False,0.005772,0.005772,containerized_yolo_perception_update,1,20480,False,1,Locally generated deterministic SmartOTA-Bench YOLO-style perception container fixture,5,0.00707,2026-07-17T15:45:42.120432+00:00,containers,True
True,True,True,5,4,True,e669a57fb08d98364bfc4188a4259b2d14d83698302da7cd0dcc57f9bed99e1c,0e8b0687acf08d383867dafd22ba867fb3829e05656edef718005071fdffdca8,perception_container_tar,backup_safe_copy_delta,4096,4096,0,5,True,True,uncompressed,deterministic_tar_derivation,smartota-container-layers,1.2.6,0.26.2,1.26.4,2.20.0,2.12.0,True,True,True,True,B,e669a57fb08d98364bfc4188a4259b2d14d83698302da7cd0dcc57f9bed99e1c,16384,1,True,0,,0,500000.0,10,True,5000000.0,always_pass,2,constrained,2000000.0,524288,45.0,True,True,8388608,streaming,12582912,36864,0.053954,45.0,32768,pass,A,0e8b0687acf08d383867dafd22ba867fb3829e05656edef718005071fdffdca8,complete,0.016113,20480,0,2,26977,26977,44457,11543,False,1,False,False,True,False,8388608,20480,False,1,0,0.070067,0,container_av_perception,45.0,0.010429,26977,9,2942cbde2fd344cccea23aabbe8d5bf168610c71,False,0.25,"{'interruption_percentage': 0.25, 'interrupted_after_operations': 3, 'operation_count': 9, 'checkpoint_available': False, 'checkpoint_operation_index': 0, 'resumed_from_checkpoint': False, 'recovery_strategy': 'rollback_reinstall', 'recovery_success': True, 'rollback_success': True, 'rollback_ready_at_interruption': True, 'final_replay_validity': True, 'replay_errors': '', 'recovery_errors': '', 'extra_network_bytes': 1195, 'extra_flash_writes': 12288, 'total_network_bytes': 28172, 'total_flash_write_bytes': 45056, 'interrupted_metrics': {'install_state': 'interrupted', 'package_size_bytes': 1195, 'network_bytes': 1195, 'staging_area_bytes': 0, 'backup_area_bytes': 8192, 'installed_image_bytes': 20480, 'current_persistent_storage_bytes': 28672, 'peak_persistent_storage_bytes': 28672, 'peak_ram_bytes': 8511, 'flash_write_bytes': 12288, 'download_time_s': 0.00239, 'install_time_s': 0.004665, 'total_time_s': 0.007055, 'checkpoint_count': 0, 'latest_checkpoint_operation': 0, 'rollback_ready': True, 'unsafe_overwrite_count': 0, 'budget_violation_count': 0, 'budget_violations': [], 'ab_enabled': True, 'active_slot': 'A', 'inactive_slot': 'B', 'active_version': '0e8b0687acf08d383867dafd22ba867fb3829e05656edef718005071fdffdca8', 'inactive_version': '0e8b0687acf08d383867dafd22ba867fb3829e05656edef718005071fdffdca8', 'slot_capacity_bytes': 8388608, 'boot_attempt_counter': 0, 'max_boot_attempts': 2, 'pending_activation': False, 'health_verdict': 'not_run', 'rollback_performed': False, 'ab_update_valid': False, 'ab_rollback_ready': True, 'slot_storage_bytes': 20480, 'slot_storage_violation': False, 'activation_success': False, 'boot_health_success': False, 'rollback_after_failed_boot': False, 'rollback_success': False, 'reboot_count': 0, 'downtime_seconds': 0.0, 'slot_switch_count': 0}, 'recovered_metrics': {'install_state': 'complete', 'package_size_bytes': 28172, 'network_bytes': 28172, 'staging_area_bytes': 0, 'backup_area_bytes': 16384, 'installed_image_bytes': 20480, 'current_persistent_storage_bytes': 36864, 'peak_persistent_storage_bytes': 44457, 'peak_ram_bytes': 11543, 'flash_write_bytes': 45056, 'download_time_s': 0.056344, 'install_time_s': 0.020778, 'total_time_s': 0.077122, 'checkpoint_count': 1, 'latest_checkpoint_operation': 10, 'rollback_ready': True, 'unsafe_overwrite_count': 0, 'budget_violation_count': 0, 'budget_violations': [], 'ab_enabled': True, 'active_slot': 'B', 'inactive_slot': 'A', 'active_version': 'e669a57fb08d98364bfc4188a4259b2d14d83698302da7cd0dcc57f9bed99e1c', 'inactive_version': '0e8b0687acf08d383867dafd22ba867fb3829e05656edef718005071fdffdca8', 'slot_capacity_bytes': 8388608, 'boot_attempt_counter': 1, 'max_boot_attempts': 2, 'pending_activation': False, 'health_verdict': 'pass', 'rollback_performed': False, 'ab_update_valid': True, 'ab_rollback_ready': True, 'slot_storage_bytes': 20480, 'slot_storage_violation': False, 'activation_success': True, 'boot_health_success': True, 'rollback_after_failed_boot': False, 'rollback_success': False, 'reboot_count': 1, 'downtime_seconds': 45.0, 'slot_switch_count': 1}, 'recovery_cost': {'discarded_operation_count': 3, 'replayed_operation_count': 9, 'network_bytes': 26977, 'flash_write_bytes': 32768}}",interrupt_025,0,0,True,12288,1195,9,1,1,False,Synthetic fixture with no third-party model weights,16384,/home/arpan/OTA/.cursor-tutor/ota_environment/results/final_deterministic_benchmark_20260505/bounded_manifests/smartota-container-yolo-small-only.json,1,11543,/home/arpan/OTA/.cursor-tutor/ota_environment/data/raw/containers/yolo-perception/yolo-perception-layer-new.tar,/home/arpan/OTA/.cursor-tutor/ota_environment/data/raw/containers/yolo-perception/yolo-perception-layer-new.tar,e669a57fb08d98364bfc4188a4259b2d14d83698302da7cd0dcc57f9bed99e1c,20480,/home/arpan/OTA/.cursor-tutor/ota_environment/data/raw/containers/yolo-perception/yolo-perception-layer-old.tar,/home/arpan/OTA/.cursor-tutor/ota_environment/data/raw/containers/yolo-perception/yolo-perception-layer-old.tar,0e8b0687acf08d383867dafd22ba867fb3829e05656edef718005071fdffdca8,20480,4,,3,1,1,,container_yolo_perception_update,backup_safe_copy_delta,CPython,"3.12.7 | packaged by Anaconda, Inc. | (main, Oct  4 2024, 13:27:36) [GCC 11.2.0]",1,,True,True,0.0,False,False,0.010429,0.010429,containerized_yolo_perception_update,1,20480,False,1,Locally generated deterministic SmartOTA-Bench YOLO-style perception container fixture,9,0.012904,2026-07-17T15:45:42.120432+00:00,containers,True
True,True,True,5,4,True,e669a57fb08d98364bfc4188a4259b2d14d83698302da7cd0dcc57f9bed99e1c,0e8b0687acf08d383867dafd22ba867fb3829e05656edef718005071fdffdca8,perception_container_tar,deployment_aware_greedy,4096,4096,0,5,True,True,uncompressed,deterministic_tar_derivation,smartota-container-layers,1.2.6,0.26.2,1.26.4,2.20.0,2.12.0,True,True,True,True,B,e669a57fb08d98364bfc4188a4259b2d14d83698302da7cd0dcc57f9bed99e1c,16384,1,True,0,,0,500000.0,10,True,5000000.0,always_pass,2,constrained,2000000.0,524288,45.0,True,True,8388608,streaming,12582912,36864,0.053954,45.0,32768,pass,A,0e8b0687acf08d383867dafd22ba867fb3829e05656edef718005071fdffdca8,complete,0.016113,20480,0,2,26977,26977,44457,11543,False,1,False,False,True,False,8388608,20480,False,1,0,0.070067,0,container_av_perception,45.0,0.009876,26977,9,2942cbde2fd344cccea23aabbe8d5bf168610c71,False,0.25,"{'interruption_percentage': 0.25, 'interrupted_after_operations': 3, 'operation_count': 9, 'checkpoint_available': False, 'checkpoint_operation_index': 0, 'resumed_from_checkpoint': False, 'recovery_strategy': 'rollback_reinstall', 'recovery_success': True, 'rollback_success': True, 'rollback_ready_at_interruption': True, 'final_replay_validity': True, 'replay_errors': '', 'recovery_errors': '', 'extra_network_bytes': 1195, 'extra_flash_writes': 12288, 'total_network_bytes': 28172, 'total_flash_write_bytes': 45056, 'interrupted_metrics': {'install_state': 'interrupted', 'package_size_bytes': 1195, 'network_bytes': 1195, 'staging_area_bytes': 0, 'backup_area_bytes': 8192, 'installed_image_bytes': 20480, 'current_persistent_storage_bytes': 28672, 'peak_persistent_storage_bytes': 28672, 'peak_ram_bytes': 8511, 'flash_write_bytes': 12288, 'download_time_s': 0.00239, 'install_time_s': 0.004665, 'total_time_s': 0.007055, 'checkpoint_count': 0, 'latest_checkpoint_operation': 0, 'rollback_ready': True, 'unsafe_overwrite_count': 0, 'budget_violation_count': 0, 'budget_violations': [], 'ab_enabled': True, 'active_slot': 'A', 'inactive_slot': 'B', 'active_version': '0e8b0687acf08d383867dafd22ba867fb3829e05656edef718005071fdffdca8', 'inactive_version': '0e8b0687acf08d383867dafd22ba867fb3829e05656edef718005071fdffdca8', 'slot_capacity_bytes': 8388608, 'boot_attempt_counter': 0, 'max_boot_attempts': 2, 'pending_activation': False, 'health_verdict': 'not_run', 'rollback_performed': False, 'ab_update_valid': False, 'ab_rollback_ready': True, 'slot_storage_bytes': 20480, 'slot_storage_violation': False, 'activation_success': False, 'boot_health_success': False, 'rollback_after_failed_boot': False, 'rollback_success': False, 'reboot_count': 0, 'downtime_seconds': 0.0, 'slot_switch_count': 0}, 'recovered_metrics': {'install_state': 'complete', 'package_size_bytes': 28172, 'network_bytes': 28172, 'staging_area_bytes': 0, 'backup_area_bytes': 16384, 'installed_image_bytes': 20480, 'current_persistent_storage_bytes': 36864, 'peak_persistent_storage_bytes': 44457, 'peak_ram_bytes': 11543, 'flash_write_bytes': 45056, 'download_time_s': 0.056344, 'install_time_s': 0.020778, 'total_time_s': 0.077122, 'checkpoint_count': 1, 'latest_checkpoint_operation': 10, 'rollback_ready': True, 'unsafe_overwrite_count': 0, 'budget_violation_count': 0, 'budget_violations': [], 'ab_enabled': True, 'active_slot': 'B', 'inactive_slot': 'A', 'active_version': 'e669a57fb08d98364bfc4188a4259b2d14d83698302da7cd0dcc57f9bed99e1c', 'inactive_version': '0e8b0687acf08d383867dafd22ba867fb3829e05656edef718005071fdffdca8', 'slot_capacity_bytes': 8388608, 'boot_attempt_counter': 1, 'max_boot_attempts': 2, 'pending_activation': False, 'health_verdict': 'pass', 'rollback_performed': False, 'ab_update_valid': True, 'ab_rollback_ready': True, 'slot_storage_bytes': 20480, 'slot_storage_violation': False, 'activation_success': True, 'boot_health_success': True, 'rollback_after_failed_boot': False, 'rollback_success': False, 'reboot_count': 1, 'downtime_seconds': 45.0, 'slot_switch_count': 1}, 'recovery_cost': {'discarded_operation_count': 3, 'replayed_operation_count': 9, 'network_bytes': 26977, 'flash_write_bytes': 32768}}",interrupt_025,0,0,True,12288,1195,9,1,1,False,Synthetic fixture with no third-party model weights,16384,/home/arpan/OTA/.cursor-tutor/ota_environment/results/final_deterministic_benchmark_20260505/bounded_manifests/smartota-container-yolo-small-only.json,1,11543,/home/arpan/OTA/.cursor-tutor/ota_environment/data/raw/containers/yolo-perception/yolo-perception-layer-new.tar,/home/arpan/OTA/.cursor-tutor/ota_environment/data/raw/containers/yolo-perception/yolo-perception-layer-new.tar,e669a57fb08d98364bfc4188a4259b2d14d83698302da7cd0dcc57f9bed99e1c,20480,/home/arpan/OTA/.cursor-tutor/ota_environment/data/raw/containers/yolo-perception/yolo-perception-layer-old.tar,/home/arpan/OTA/.cursor-tutor/ota_environment/data/raw/containers/yolo-perception/yolo-perception-layer-old.tar,0e8b0687acf08d383867dafd22ba867fb3829e05656edef718005071fdffdca8,20480,4,,3,1,1,,container_yolo_perception_update,deployment_aware_greedy,CPython,"3.12.7 | packaged by Anaconda, Inc. | (main, Oct  4 2024, 13:27:36) [GCC 11.2.0]",1,,True,True,0.0,False,False,0.009876,0.009876,containerized_yolo_perception_update,1,20480,False,1,Locally generated deterministic SmartOTA-Bench YOLO-style perception container fixture,9,0.012305,2026-07-17T15:45:42.120432+00:00,containers,True
True,True,True,5,0,True,e669a57fb08d98364bfc4188a4259b2d14d83698302da7cd0dcc57f9bed99e1c,0e8b0687acf08d383867dafd22ba867fb3829e05656edef718005071fdffdca8,perception_container_tar,rsync_rolling_hash,4096,4096,0,5,True,True,uncompressed,deterministic_tar_derivation,smartota-container-layers,1.2.6,0.26.2,1.26.4,2.20.0,2.12.0,True,True,True,True,B,e669a57fb08d98364bfc4188a4259b2d14d83698302da7cd0dcc57f9bed99e1c,0,1,True,0,,0,500000.0,10,True,5000000.0,always_pass,2,constrained,2000000.0,524288,45.0,True,True,8388608,streaming,12582912,20480,0.07835,45.0,16384,pass,A,0e8b0687acf08d383867dafd22ba867fb3829e05656edef718005071fdffdca8,complete,0.003277,20480,0,2,39175,39175,30231,4096,False,1,False,False,False,False,8388608,20480,False,1,0,0.081627,4,container_av_perception,45.0,0.004572,39175,5,2942cbde2fd344cccea23aabbe8d5bf168610c71,False,0.25,"{'interruption_percentage': 0.25, 'interrupted_after_operations': 2, 'operation_count': 5, 'checkpoint_available': False, 'checkpoint_operation_index': 0, 'resumed_from_checkpoint': False, 'recovery_strategy': 'failed', 'recovery_success': False, 'rollback_success': False, 'rollback_ready_at_interruption': False, 'final_replay_validity': False, 'replay_errors': '', 'recovery_errors': 'no checkpoint and rollback is not ready', 'extra_network_bytes': 0, 'extra_flash_writes': 0, 'total_network_bytes': 19502, 'total_flash_write_bytes': 8192, 'interrupted_metrics': {'install_state': 'interrupted', 'package_size_bytes': 19502, 'network_bytes': 19502, 'staging_area_bytes': 0, 'backup_area_bytes': 0, 'installed_image_bytes': 20480, 'current_persistent_storage_bytes': 20480, 'peak_persistent_storage_bytes': 30231, 'peak_ram_bytes': 4096, 'flash_write_bytes': 8192, 'download_time_s': 0.039004, 'install_time_s': 0.001638, 'total_time_s': 0.040642, 'checkpoint_count': 0, 'latest_checkpoint_operation': 0, 'rollback_ready': False, 'unsafe_overwrite_count': 2, 'budget_violation_count': 0, 'budget_violations': [], 'ab_enabled': True, 'active_slot': 'A', 'inactive_slot': 'B', 'active_version': '0e8b0687acf08d383867dafd22ba867fb3829e05656edef718005071fdffdca8', 'inactive_version': '0e8b0687acf08d383867dafd22ba867fb3829e05656edef718005071fdffdca8', 'slot_capacity_bytes': 8388608, 'boot_attempt_counter': 0, 'max_boot_attempts': 2, 'pending_activation': False, 'health_verdict': 'not_run', 'rollback_performed': False, 'ab_update_valid': False, 'ab_rollback_ready': True, 'slot_storage_bytes': 20480, 'slot_storage_violation': False, 'activation_success': False, 'boot_health_success': False, 'rollback_after_failed_boot': False, 'rollback_success': False, 'reboot_count': 0, 'downtime_seconds': 0.0, 'slot_switch_count': 0}, 'recovered_metrics': {}, 'recovery_cost': {'discarded_operation_count': 2, 'replayed_operation_count': 0, 'network_bytes': 0, 'flash_write_bytes': 0}}",interrupt_025,0,1,False,0,0,0,0,1,False,Synthetic fixture with no third-party model weights,16384,/home/arpan/OTA/.cursor-tutor/ota_environment/results/final_deterministic_benchmark_20260505/bounded_manifests/smartota-container-yolo-small-only.json,1,4096,/home/arpan/OTA/.cursor-tutor/ota_environment/data/raw/containers/yolo-perception/yolo-perception-layer-new.tar,/home/arpan/OTA/.cursor-tutor/ota_environment/data/raw/containers/yolo-perception/yolo-perception-layer-new.tar,e669a57fb08d98364bfc4188a4259b2d14d83698302da7cd0dcc57f9bed99e1c,20480,/home/arpan/OTA/.cursor-tutor/ota_environment/data/raw/containers/yolo-perception/yolo-perception-layer-old.tar,/home/arpan/OTA/.cursor-tutor/ota_environment/data/raw/containers/yolo-perception/yolo-perception-layer-old.tar,0e8b0687acf08d383867dafd22ba867fb3829e05656edef718005071fdffdca8,20480,,,,1,4,,container_yolo_perception_update,rsync_rolling_hash,CPython,"3.12.7 | packaged by Anaconda, Inc. | (main, Oct  4 2024, 13:27:36) [GCC 11.2.0]",1,,True,True,0.0,False,False,0.004572,0.004572,containerized_yolo_perception_update,1,20480,False,1,Locally generated deterministic SmartOTA-Bench YOLO-style perception container fixture,5,0.005246,2026-07-17T15:45:42.120432+00:00,containers,True
True,True,True,2,0,True,e669a57fb08d98364bfc4188a4259b2d14d83698302da7cd0dcc57f9bed99e1c,0e8b0687acf08d383867dafd22ba867fb3829e05656edef718005071fdffdca8,perception_container_tar,full_replacement,4096,4096,0,5,True,True,uncompressed,deterministic_tar_derivation,smartota-container-layers,1.2.6,0.26.2,1.26.4,2.20.0,2.12.0,True,True,True,True,B,e669a57fb08d98364bfc4188a4259b2d14d83698302da7cd0dcc57f9bed99e1c,0,1,True,0,,0,500000.0,10,True,5000000.0,always_pass,2,constrained,2000000.0,524288,45.0,True,True,8388608,streaming,12582912,20480,0.096166,45.0,20480,pass,A,0e8b0687acf08d383867dafd22ba867fb3829e05656edef718005071fdffdca8,complete,0.004096,20480,0,2,48083,48083,84843,20480,False,1,False,False,False,False,8388608,20480,False,1,0,0.100262,1,container_av_perception,45.0,0.000455,48083,2,2942cbde2fd344cccea23aabbe8d5bf168610c71,False,0.5,"{'interruption_percentage': 0.5, 'interrupted_after_operations': 1, 'operation_count': 2, 'checkpoint_available': False, 'checkpoint_operation_index': 0, 'resumed_from_checkpoint': False, 'recovery_strategy': 'failed', 'recovery_success': False, 'rollback_success': False, 'rollback_ready_at_interruption': False, 'final_replay_validity': False, 'replay_errors': '', 'recovery_errors': 'no checkpoint and rollback is not ready', 'extra_network_bytes': 0, 'extra_flash_writes': 0, 'total_network_bytes': 47979, 'total_flash_write_bytes': 20480, 'interrupted_metrics': {'install_state': 'interrupted', 'package_size_bytes': 47979, 'network_bytes': 47979, 'staging_area_bytes': 0, 'backup_area_bytes': 0, 'installed_image_bytes': 36864, 'current_persistent_storage_bytes': 36864, 'peak_persistent_storage_bytes': 84843, 'peak_ram_bytes': 20480, 'flash_write_bytes': 20480, 'download_time_s': 0.095958, 'install_time_s': 0.004096, 'total_time_s': 0.100054, 'checkpoint_count': 0, 'latest_checkpoint_operation': 0, 'rollback_ready': False, 'unsafe_overwrite_count': 1, 'budget_violation_count': 0, 'budget_violations': [], 'ab_enabled': True, 'active_slot': 'A', 'inactive_slot': 'B', 'active_version': '0e8b0687acf08d383867dafd22ba867fb3829e05656edef718005071fdffdca8', 'inactive_version': '0e8b0687acf08d383867dafd22ba867fb3829e05656edef718005071fdffdca8', 'slot_capacity_bytes': 8388608, 'boot_attempt_counter': 0, 'max_boot_attempts': 2, 'pending_activation': False, 'health_verdict': 'not_run', 'rollback_performed': False, 'ab_update_valid': False, 'ab_rollback_ready': True, 'slot_storage_bytes': 20480, 'slot_storage_violation': False, 'activation_success': False, 'boot_health_success': False, 'rollback_after_failed_boot': False, 'rollback_success': False, 'reboot_count': 0, 'downtime_seconds': 0.0, 'slot_switch_count': 0}, 'recovered_metrics': {}, 'recovery_cost': {'discarded_operation_count': 1, 'replayed_operation_count': 0, 'network_bytes': 0, 'flash_write_bytes': 0}}",interrupt_050,0,1,False,0,0,0,0,1,False,Synthetic fixture with no third-party model weights,16384,/home/arpan/OTA/.cursor-tutor/ota_environment/results/final_deterministic_benchmark_20260505/bounded_manifests/smartota-container-yolo-small-only.json,1,20480,/home/arpan/OTA/.cursor-tutor/ota_environment/data/raw/containers/yolo-perception/yolo-perception-layer-new.tar,/home/arpan/OTA/.cursor-tutor/ota_environment/data/raw/containers/yolo-perception/yolo-perception-layer-new.tar,e669a57fb08d98364bfc4188a4259b2d14d83698302da7cd0dcc57f9bed99e1c,20480,/home/arpan/OTA/.cursor-tutor/ota_environment/data/raw/containers/yolo-perception/yolo-perception-layer-old.tar,/home/arpan/OTA/.cursor-tutor/ota_environment/data/raw/containers/yolo-perception/yolo-perception-layer-old.tar,0e8b0687acf08d383867dafd22ba867fb3829e05656edef718005071fdffdca8,20480,,,,,1,1,container_yolo_perception_update,full_replacement,CPython,"3.12.7 | packaged by Anaconda, Inc. | (main, Oct  4 2024, 13:27:36) [GCC 11.2.0]",1,,True,True,0.0,False,False,0.000455,0.000455,containerized_yolo_perception_update,1,20480,False,1,Locally generated deterministic SmartOTA-Bench YOLO-style perception container fixture,2,0.001156,2026-07-17T15:45:42.120432+00:00,containers,True
True,True,True,2,0,True,e669a57fb08d98364bfc4188a4259b2d14d83698302da7cd0dcc57f9bed99e1c,0e8b0687acf08d383867dafd22ba867fb3829e05656edef718005071fdffdca8,perception_container_tar,whole_file_bsdiff,4096,4096,0,5,True,True,uncompressed,deterministic_tar_derivation,smartota-container-layers,1.2.6,0.26.2,1.26.4,2.20.0,2.12.0,True,True,True,True,B,e669a57fb08d98364bfc4188a4259b2d14d83698302da7cd0dcc57f9bed99e1c,0,1,True,0,,0,500000.0,10,True,5000000.0,always_pass,2,constrained,2000000.0,524288,45.0,True,True,8388608,streaming,12582912,20480,0.048158,45.0,20480,pass,A,0e8b0687acf08d383867dafd22ba867fb3829e05656edef718005071fdffdca8,complete,0.019422,20480,0,2,24079,24079,60839,51133,False,1,False,False,False,False,8388608,20480,False,1,0,0.067581,1,container_av_perception,45.0,0.005185,24079,2,2942cbde2fd344cccea23aabbe8d5bf168610c71,False,0.5,"{'interruption_percentage': 0.5, 'interrupted_after_operations': 1, 'operation_count': 2, 'checkpoint_available': False, 'checkpoint_operation_index': 0, 'resumed_from_checkpoint': False, 'recovery_strategy': 'failed', 'recovery_success': False, 'rollback_success': False, 'rollback_ready_at_interruption': False, 'final_replay_validity': False, 'replay_errors': '', 'recovery_errors': 'no checkpoint and rollback is not ready', 'extra_network_bytes': 0, 'extra_flash_writes': 0, 'total_network_bytes': 23975, 'total_flash_write_bytes': 20480, 'interrupted_metrics': {'install_state': 'interrupted', 'package_size_bytes': 23975, 'network_bytes': 23975, 'staging_area_bytes': 0, 'backup_area_bytes': 0, 'installed_image_bytes': 36864, 'current_persistent_storage_bytes': 36864, 'peak_persistent_storage_bytes': 60839, 'peak_ram_bytes': 51133, 'flash_write_bytes': 20480, 'download_time_s': 0.04795, 'install_time_s': 0.019422, 'total_time_s': 0.067373, 'checkpoint_count': 0, 'latest_checkpoint_operation': 0, 'rollback_ready': False, 'unsafe_overwrite_count': 1, 'budget_violation_count': 0, 'budget_violations': [], 'ab_enabled': True, 'active_slot': 'A', 'inactive_slot': 'B', 'active_version': '0e8b0687acf08d383867dafd22ba867fb3829e05656edef718005071fdffdca8', 'inactive_version': '0e8b0687acf08d383867dafd22ba867fb3829e05656edef718005071fdffdca8', 'slot_capacity_bytes': 8388608, 'boot_attempt_counter': 0, 'max_boot_attempts': 2, 'pending_activation': False, 'health_verdict': 'not_run', 'rollback_performed': False, 'ab_update_valid': False, 'ab_rollback_ready': True, 'slot_storage_bytes': 20480, 'slot_storage_violation': False, 'activation_success': False, 'boot_health_success': False, 'rollback_after_failed_boot': False, 'rollback_success': False, 'reboot_count': 0, 'downtime_seconds': 0.0, 'slot_switch_count': 0}, 'recovered_metrics': {}, 'recovery_cost': {'discarded_operation_count': 1, 'replayed_operation_count': 0, 'network_bytes': 0, 'flash_write_bytes': 0}}",interrupt_050,0,1,False,0,0,0,0,1,False,Synthetic fixture with no third-party model weights,16384,/home/arpan/OTA/.cursor-tutor/ota_environment/results/final_deterministic_benchmark_20260505/bounded_manifests/smartota-container-yolo-small-only.json,1,51133,/home/arpan/OTA/.cursor-tutor/ota_environment/data/raw/containers/yolo-perception/yolo-perception-layer-new.tar,/home/arpan/OTA/.cursor-tutor/ota_environment/data/raw/containers/yolo-perception/yolo-perception-layer-new.tar,e669a57fb08d98364bfc4188a4259b2d14d83698302da7cd0dcc57f9bed99e1c,20480,/home/arpan/OTA/.cursor-tutor/ota_environment/data/raw/containers/yolo-perception/yolo-perception-layer-old.tar,/home/arpan/OTA/.cursor-tutor/ota_environment/data/raw/containers/yolo-perception/yolo-perception-layer-old.tar,0e8b0687acf08d383867dafd22ba867fb3829e05656edef718005071fdffdca8,20480,,,1,,,1,container_yolo_perception_update,whole_file_bsdiff,CPython,"3.12.7 | packaged by Anaconda, Inc. | (main, Oct  4 2024, 13:27:36) [GCC 11.2.0]",1,,True,True,0.0,False,False,0.005185,0.005185,containerized_yolo_perception_update,1,20480,False,1,Locally generated deterministic SmartOTA-Bench YOLO-style perception container fixture,2,0.006909,2026-07-17T15:45:42.120432+00:00,containers,True
True,True,True,5,0,True,e669a57fb08d98364bfc4188a4259b2d14d83698302da7cd0dcc57f9bed99e1c,0e8b0687acf08d383867dafd22ba867fb3829e05656edef718005071fdffdca8,perception_container_tar,blockwise_bsdiff,4096,4096,0,5,True,True,uncompressed,deterministic_tar_derivation,smartota-container-layers,1.2.6,0.26.2,1.26.4,2.20.0,2.12.0,True,True,True,True,B,e669a57fb08d98364bfc4188a4259b2d14d83698302da7cd0dcc57f9bed99e1c,0,1,True,0,,0,500000.0,10,True,5000000.0,always_pass,2,constrained,2000000.0,524288,45.0,True,True,8388608,streaming,12582912,20480,0.055682,45.0,16384,pass,A,0e8b0687acf08d383867dafd22ba867fb3829e05656edef718005071fdffdca8,complete,0.017212,20480,0,2,27841,27841,31559,12847,False,1,False,False,False,False,8388608,20480,False,1,0,0.072894,4,container_av_perception,45.0,0.005509,27841,5,2942cbde2fd344cccea23aabbe8d5bf168610c71,False,0.5,"{'interruption_percentage': 0.5, 'interrupted_after_operations': 3, 'operation_count': 5, 'checkpoint_available': False, 'checkpoint_operation_index': 0, 'resumed_from_checkpoint': False, 'recovery_strategy': 'failed', 'recovery_success': False, 'rollback_success': False, 'rollback_ready_at_interruption': False, 'final_replay_validity': False, 'replay_errors': '', 'recovery_errors': 'no checkpoint and rollback is not ready', 'extra_network_bytes': 0, 'extra_flash_writes': 0, 'total_network_bytes': 20077, 'total_flash_write_bytes': 12288, 'interrupted_metrics': {'install_state': 'interrupted', 'package_size_bytes': 20077, 'network_bytes': 20077, 'staging_area_bytes': 0, 'backup_area_bytes': 0, 'installed_image_bytes': 20480, 'current_persistent_storage_bytes': 20480, 'peak_persistent_storage_bytes': 31559, 'peak_ram_bytes': 12847, 'flash_write_bytes': 12288, 'download_time_s': 0.040154, 'install_time_s': 0.012764, 'total_time_s': 0.052918, 'checkpoint_count': 0, 'latest_checkpoint_operation': 0, 'rollback_ready': False, 'unsafe_overwrite_count': 3, 'budget_violation_count': 0, 'budget_violations': [], 'ab_enabled': True, 'active_slot': 'A', 'inactive_slot': 'B', 'active_version': '0e8b0687acf08d383867dafd22ba867fb3829e05656edef718005071fdffdca8', 'inactive_version': '0e8b0687acf08d383867dafd22ba867fb3829e05656edef718005071fdffdca8', 'slot_capacity_bytes': 8388608, 'boot_attempt_counter': 0, 'max_boot_attempts': 2, 'pending_activation': False, 'health_verdict': 'not_run', 'rollback_performed': False, 'ab_update_valid': False, 'ab_rollback_ready': True, 'slot_storage_bytes': 20480, 'slot_storage_violation': False, 'activation_success': False, 'boot_health_success': False, 'rollback_after_failed_boot': False, 'rollback_success': False, 'reboot_count': 0, 'downtime_seconds': 0.0, 'slot_switch_count': 0}, 'recovered_metrics': {}, 'recovery_cost': {'discarded_operation_count': 3, 'replayed_operation_count': 0, 'network_bytes': 0, 'flash_write_bytes': 0}}",interrupt_050,0,1,False,0,0,0,0,1,False,Synthetic fixture with no third-party model weights,16384,/home/arpan/OTA/.cursor-tutor/ota_environment/results/final_deterministic_benchmark_20260505/bounded_manifests/smartota-container-yolo-small-only.json,1,12847,/home/arpan/OTA/.cursor-tutor/ota_environment/data/raw/containers/yolo-perception/yolo-perception-layer-new.tar,/home/arpan/OTA/.cursor-tutor/ota_environment/data/raw/containers/yolo-perception/yolo-perception-layer-new.tar,e669a57fb08d98364bfc4188a4259b2d14d83698302da7cd0dcc57f9bed99e1c,20480,/home/arpan/OTA/.cursor-tutor/ota_environment/data/raw/containers/yolo-perception/yolo-perception-layer-old.tar,/home/arpan/OTA/.cursor-tutor/ota_environment/data/raw/containers/yolo-perception/yolo-perception-layer-old.tar,0e8b0687acf08d383867dafd22ba867fb3829e05656edef718005071fdffdca8,20480,,,4,1,,,container_yolo_perception_update,blockwise_bsdiff,CPython,"3.12.7 | packaged by Anaconda, Inc. | (main, Oct  4 2024, 13:27:36) [GCC 11.2.0]",1,,True,True,0.0,False,False,0.005509,0.005509,containerized_yolo_perception_update,1,20480,False,1,Locally generated deterministic SmartOTA-Bench YOLO-style perception container fixture,5,0.007203,2026-07-17T15:45:42.120432+00:00,containers,True
True,True,True,5,0,True,e669a57fb08d98364bfc4188a4259b2d14d83698302da7cd0dcc57f9bed99e1c,0e8b0687acf08d383867dafd22ba867fb3829e05656edef718005071fdffdca8,perception_container_tar,copy_only,4096,4096,0,5,True,True,uncompressed,deterministic_tar_derivation,smartota-container-layers,1.2.6,0.26.2,1.26.4,2.20.0,2.12.0,True,True,True,True,B,e669a57fb08d98364bfc4188a4259b2d14d83698302da7cd0dcc57f9bed99e1c,0,1,True,0,,0,500000.0,10,True,5000000.0,always_pass,2,constrained,2000000.0,524288,45.0,True,True,8388608,streaming,12582912,20480,0.07835,45.0,16384,pass,A,0e8b0687acf08d383867dafd22ba867fb3829e05656edef718005071fdffdca8,complete,0.003277,20480,0,2,39175,39175,30231,4096,False,1,False,False,False,False,8388608,20480,False,1,0,0.081627,4,container_av_perception,45.0,0.0005,39175,5,2942cbde2fd344cccea23aabbe8d5bf168610c71,False,0.5,"{'interruption_percentage': 0.5, 'interrupted_after_operations': 3, 'operation_count': 5, 'checkpoint_available': False, 'checkpoint_operation_index': 0, 'resumed_from_checkpoint': False, 'recovery_strategy': 'failed', 'recovery_success': False, 'rollback_success': False, 'rollback_ready_at_interruption': False, 'final_replay_validity': False, 'replay_errors': '', 'recovery_errors': 'no checkpoint and rollback is not ready', 'extra_network_bytes': 0, 'extra_flash_writes': 0, 'total_network_bytes': 29253, 'total_flash_write_bytes': 12288, 'interrupted_metrics': {'install_state': 'interrupted', 'package_size_bytes': 29253, 'network_bytes': 29253, 'staging_area_bytes': 0, 'backup_area_bytes': 0, 'installed_image_bytes': 20480, 'current_persistent_storage_bytes': 20480, 'peak_persistent_storage_bytes': 30231, 'peak_ram_bytes': 4096, 'flash_write_bytes': 12288, 'download_time_s': 0.058506, 'install_time_s': 0.002458, 'total_time_s': 0.060964, 'checkpoint_count': 0, 'latest_checkpoint_operation': 0, 'rollback_ready': False, 'unsafe_overwrite_count': 3, 'budget_violation_count': 0, 'budget_violations': [], 'ab_enabled': True, 'active_slot': 'A', 'inactive_slot': 'B', 'active_version': '0e8b0687acf08d383867dafd22ba867fb3829e05656edef718005071fdffdca8', 'inactive_version': '0e8b0687acf08d383867dafd22ba867fb3829e05656edef718005071fdffdca8', 'slot_capacity_bytes': 8388608, 'boot_attempt_counter': 0, 'max_boot_attempts': 2, 'pending_activation': False, 'health_verdict': 'not_run', 'rollback_performed': False, 'ab_update_valid': False, 'ab_rollback_ready': True, 'slot_storage_bytes': 20480, 'slot_storage_violation': False, 'activation_success': False, 'boot_health_success': False, 'rollback_after_failed_boot': False, 'rollback_success': False, 'reboot_count': 0, 'downtime_seconds': 0.0, 'slot_switch_count': 0}, 'recovered_metrics': {}, 'recovery_cost': {'discarded_operation_count': 3, 'replayed_operation_count': 0, 'network_bytes': 0, 'flash_write_bytes': 0}}",interrupt_050,0,1,False,0,0,0,0,1,False,Synthetic fixture with no third-party model weights,16384,/home/arpan/OTA/.cursor-tutor/ota_environment/results/final_deterministic_benchmark_20260505/bounded_manifests/smartota-container-yolo-small-only.json,1,4096,/home/arpan/OTA/.cursor-tutor/ota_environment/data/raw/containers/yolo-perception/yolo-perception-layer-new.tar,/home/arpan/OTA/.cursor-tutor/ota_environment/data/raw/containers/yolo-perception/yolo-perception-layer-new.tar,e669a57fb08d98364bfc4188a4259b2d14d83698302da7cd0dcc57f9bed99e1c,20480,/home/arpan/OTA/.cursor-tutor/ota_environment/data/raw/containers/yolo-perception/yolo-perception-layer-old.tar,/home/arpan/OTA/.cursor-tutor/ota_environment/data/raw/containers/yolo-perception/yolo-perception-layer-old.tar,0e8b0687acf08d383867dafd22ba867fb3829e05656edef718005071fdffdca8,20480,,,,1,4,,container_yolo_perception_update,copy_only,CPython,"3.12.7 | packaged by Anaconda, Inc. | (main, Oct  4 2024, 13:27:36) [GCC 11.2.0]",1,,True,True,0.0,False,False,0.0005,0.0005,containerized_yolo_perception_update,1,20480,False,1,Locally generated deterministic SmartOTA-Bench YOLO-style perception container fixture,5,0.001256,2026-07-17T15:45:42.120432+00:00,containers,True
True,True,True,5,0,True,e669a57fb08d98364bfc4188a4259b2d14d83698302da7cd0dcc57f9bed99e1c,0e8b0687acf08d383867dafd22ba867fb3829e05656edef718005071fdffdca8,perception_container_tar,copy_delta,4096,4096,0,5,True,True,uncompressed,deterministic_tar_derivation,smartota-container-layers,1.2.6,0.26.2,1.26.4,2.20.0,2.12.0,True,True,True,True,B,e669a57fb08d98364bfc4188a4259b2d14d83698302da7cd0dcc57f9bed99e1c,0,1,True,0,,0,500000.0,10,True,5000000.0,always_pass,2,constrained,2000000.0,524288,45.0,True,True,8388608,streaming,12582912,20480,0.053026,45.0,16384,pass,A,0e8b0687acf08d383867dafd22ba867fb3829e05656edef718005071fdffdca8,complete,0.012836,20480,0,2,26513,26513,30231,11543,False,1,False,False,False,False,8388608,20480,False,1,0,0.065862,4,container_av_perception,45.0,0.005487,26513,5,2942cbde2fd344cccea23aabbe8d5bf168610c71,False,0.5,"{'interruption_percentage': 0.5, 'interrupted_after_operations': 3, 'operation_count': 5, 'checkpoint_available': False, 'checkpoint_operation_index': 0, 'resumed_from_checkpoint': False, 'recovery_strategy': 'failed', 'recovery_success': False, 'rollback_success': False, 'rollback_ready_at_interruption': False, 'final_replay_validity': False, 'replay_errors': '', 'recovery_errors': 'no checkpoint and rollback is not ready', 'extra_network_bytes': 0, 'extra_flash_writes': 0, 'total_network_bytes': 18749, 'total_flash_write_bytes': 12288, 'interrupted_metrics': {'install_state': 'interrupted', 'package_size_bytes': 18749, 'network_bytes': 18749, 'staging_area_bytes': 0, 'backup_area_bytes': 0, 'installed_image_bytes': 20480, 'current_persistent_storage_bytes': 20480, 'peak_persistent_storage_bytes': 30231, 'peak_ram_bytes': 11543, 'flash_write_bytes': 12288, 'download_time_s': 0.037498, 'install_time_s': 0.008389, 'total_time_s': 0.045887, 'checkpoint_count': 0, 'latest_checkpoint_operation': 0, 'rollback_ready': False, 'unsafe_overwrite_count': 3, 'budget_violation_count': 0, 'budget_violations': [], 'ab_enabled': True, 'active_slot': 'A', 'inactive_slot': 'B', 'active_version': '0e8b0687acf08d383867dafd22ba867fb3829e05656edef718005071fdffdca8', 'inactive_version': '0e8b0687acf08d383867dafd22ba867fb3829e05656edef718005071fdffdca8', 'slot_capacity_bytes': 8388608, 'boot_attempt_counter': 0, 'max_boot_attempts': 2, 'pending_activation': False, 'health_verdict': 'not_run', 'rollback_performed': False, 'ab_update_valid': False, 'ab_rollback_ready': True, 'slot_storage_bytes': 20480, 'slot_storage_violation': False, 'activation_success': False, 'boot_health_success': False, 'rollback_after_failed_boot': False, 'rollback_success': False, 'reboot_count': 0, 'downtime_seconds': 0.0, 'slot_switch_count': 0}, 'recovered_metrics': {}, 'recovery_cost': {'discarded_operation_count': 3, 'replayed_operation_count': 0, 'network_bytes': 0, 'flash_write_bytes': 0}}",interrupt_050,0,1,False,0,0,0,0,1,False,Synthetic fixture with no third-party model weights,16384,/home/arpan/OTA/.cursor-tutor/ota_environment/results/final_deterministic_benchmark_20260505/bounded_manifests/smartota-container-yolo-small-only.json,1,11543,/home/arpan/OTA/.cursor-tutor/ota_environment/data/raw/containers/yolo-perception/yolo-perception-layer-new.tar,/home/arpan/OTA/.cursor-tutor/ota_environment/data/raw/containers/yolo-perception/yolo-perception-layer-new.tar,e669a57fb08d98364bfc4188a4259b2d14d83698302da7cd0dcc57f9bed99e1c,20480,/home/arpan/OTA/.cursor-tutor/ota_environment/data/raw/containers/yolo-perception/yolo-perception-layer-old.tar,/home/arpan/OTA/.cursor-tutor/ota_environment/data/raw/containers/yolo-perception/yolo-perception-layer-old.tar,0e8b0687acf08d383867dafd22ba867fb3829e05656edef718005071fdffdca8,20480,,,3,1,1,,container_yolo_perception_update,copy_delta,CPython,"3.12.7 | packaged by Anaconda, Inc. | (main, Oct  4 2024, 13:27:36) [GCC 11.2.0]",1,,True,True,0.0,False,False,0.005487,0.005487,containerized_yolo_perception_update,1,20480,False,1,Locally generated deterministic SmartOTA-Bench YOLO-style perception container fixture,5,0.006853,2026-07-17T15:45:42.120432+00:00,containers,True
True,True,True,5,4,True,e669a57fb08d98364bfc4188a4259b2d14d83698302da7cd0dcc57f9bed99e1c,0e8b0687acf08d383867dafd22ba867fb3829e05656edef718005071fdffdca8,perception_container_tar,backup_safe_copy_delta,4096,4096,0,5,True,True,uncompressed,deterministic_tar_derivation,smartota-container-layers,1.2.6,0.26.2,1.26.4,2.20.0,2.12.0,True,True,True,True,B,e669a57fb08d98364bfc4188a4259b2d14d83698302da7cd0dcc57f9bed99e1c,16384,1,True,0,,0,500000.0,10,True,5000000.0,always_pass,2,constrained,2000000.0,524288,45.0,True,True,8388608,streaming,12582912,36864,0.053954,45.0,32768,pass,A,0e8b0687acf08d383867dafd22ba867fb3829e05656edef718005071fdffdca8,complete,0.016113,20480,0,2,26977,26977,44457,11543,False,1,False,False,True,False,8388608,20480,False,1,0,0.070067,0,container_av_perception,45.0,0.009978,26977,9,2942cbde2fd344cccea23aabbe8d5bf168610c71,False,0.5,"{'interruption_percentage': 0.5, 'interrupted_after_operations': 5, 'operation_count': 9, 'checkpoint_available': False, 'checkpoint_operation_index': 0, 'resumed_from_checkpoint': False, 'recovery_strategy': 'rollback_reinstall', 'recovery_success': True, 'rollback_success': True, 'rollback_ready_at_interruption': True, 'final_replay_validity': True, 'replay_errors': '', 'recovery_errors': '', 'extra_network_bytes': 9346, 'extra_flash_writes': 20480, 'total_network_bytes': 36323, 'total_flash_write_bytes': 53248, 'interrupted_metrics': {'install_state': 'interrupted', 'package_size_bytes': 9346, 'network_bytes': 9346, 'staging_area_bytes': 0, 'backup_area_bytes': 12288, 'installed_image_bytes': 20480, 'current_persistent_storage_bytes': 32768, 'peak_persistent_storage_bytes': 36707, 'peak_ram_bytes': 11543, 'flash_write_bytes': 20480, 'download_time_s': 0.018692, 'install_time_s': 0.010027, 'total_time_s': 0.028719, 'checkpoint_count': 0, 'latest_checkpoint_operation': 0, 'rollback_ready': True, 'unsafe_overwrite_count': 0, 'budget_violation_count': 0, 'budget_violations': [], 'ab_enabled': True, 'active_slot': 'A', 'inactive_slot': 'B', 'active_version': '0e8b0687acf08d383867dafd22ba867fb3829e05656edef718005071fdffdca8', 'inactive_version': '0e8b0687acf08d383867dafd22ba867fb3829e05656edef718005071fdffdca8', 'slot_capacity_bytes': 8388608, 'boot_attempt_counter': 0, 'max_boot_attempts': 2, 'pending_activation': False, 'health_verdict': 'not_run', 'rollback_performed': False, 'ab_update_valid': False, 'ab_rollback_ready': True, 'slot_storage_bytes': 20480, 'slot_storage_violation': False, 'activation_success': False, 'boot_health_success': False, 'rollback_after_failed_boot': False, 'rollback_success': False, 'reboot_count': 0, 'downtime_seconds': 0.0, 'slot_switch_count': 0}, 'recovered_metrics': {'install_state': 'complete', 'package_size_bytes': 36323, 'network_bytes': 36323, 'staging_area_bytes': 0, 'backup_area_bytes': 16384, 'installed_image_bytes': 20480, 'current_persistent_storage_bytes': 36864, 'peak_persistent_storage_bytes': 44457, 'peak_ram_bytes': 11543, 'flash_write_bytes': 53248, 'download_time_s': 0.072646, 'install_time_s': 0.02614, 'total_time_s': 0.098786, 'checkpoint_count': 1, 'latest_checkpoint_operation': 10, 'rollback_ready': True, 'unsafe_overwrite_count': 0, 'budget_violation_count': 0, 'budget_violations': [], 'ab_enabled': True, 'active_slot': 'B', 'inactive_slot': 'A', 'active_version': 'e669a57fb08d98364bfc4188a4259b2d14d83698302da7cd0dcc57f9bed99e1c', 'inactive_version': '0e8b0687acf08d383867dafd22ba867fb3829e05656edef718005071fdffdca8', 'slot_capacity_bytes': 8388608, 'boot_attempt_counter': 1, 'max_boot_attempts': 2, 'pending_activation': False, 'health_verdict': 'pass', 'rollback_performed': False, 'ab_update_valid': True, 'ab_rollback_ready': True, 'slot_storage_bytes': 20480, 'slot_storage_violation': False, 'activation_success': True, 'boot_health_success': True, 'rollback_after_failed_boot': False, 'rollback_success': False, 'reboot_count': 1, 'downtime_seconds': 45.0, 'slot_switch_count': 1}, 'recovery_cost': {'discarded_operation_count': 5, 'replayed_operation_count': 9, 'network_bytes': 26977, 'flash_write_bytes': 32768}}",interrupt_050,0,0,True,20480,9346,9,1,1,False,Synthetic fixture with no third-party model weights,16384,/home/arpan/OTA/.cursor-tutor/ota_environment/results/final_deterministic_benchmark_20260505/bounded_manifests/smartota-container-yolo-small-only.json,1,11543,/home/arpan/OTA/.cursor-tutor/ota_environment/data/raw/containers/yolo-perception/yolo-perception-layer-new.tar,/home/arpan/OTA/.cursor-tutor/ota_environment/data/raw/containers/yolo-perception/yolo-perception-layer-new.tar,e669a57fb08d98364bfc4188a4259b2d14d83698302da7cd0dcc57f9bed99e1c,20480,/home/arpan/OTA/.cursor-tutor/ota_environment/data/raw/containers/yolo-perception/yolo-perception-layer-old.tar,/home/arpan/OTA/.cursor-tutor/ota_environment/data/raw/containers/yolo-perception/yolo-perception-layer-old.tar,0e8b0687acf08d383867dafd22ba867fb3829e05656edef718005071fdffdca8,20480,4,,3,1,1,,container_yolo_perception_update,backup_safe_copy_delta,CPython,"3.12.7 | packaged by Anaconda, Inc. | (main, Oct  4 2024, 13:27:36) [GCC 11.2.0]",1,,True,True,0.0,False,False,0.009978,0.009978,containerized_yolo_perception_update,1,20480,False,1,Locally generated deterministic SmartOTA-Bench YOLO-style perception container fixture,9,0.012774,2026-07-17T15:45:42.120432+00:00,containers,True
True,True,True,5,4,True,e669a57fb08d98364bfc4188a4259b2d14d83698302da7cd0dcc57f9bed99e1c,0e8b0687acf08d383867dafd22ba867fb3829e05656edef718005071fdffdca8,perception_container_tar,deployment_aware_greedy,4096,4096,0,5,True,True,uncompressed,deterministic_tar_derivation,smartota-container-layers,1.2.6,0.26.2,1.26.4,2.20.0,2.12.0,True,True,True,True,B,e669a57fb08d98364bfc4188a4259b2d14d83698302da7cd0dcc57f9bed99e1c,16384,1,True,0,,0,500000.0,10,True,5000000.0,always_pass,2,constrained,2000000.0,524288,45.0,True,True,8388608,streaming,12582912,36864,0.053954,45.0,32768,pass,A,0e8b0687acf08d383867dafd22ba867fb3829e05656edef718005071fdffdca8,complete,0.016113,20480,0,2,26977,26977,44457,11543,False,1,False,False,True,False,8388608,20480,False,1,0,0.070067,0,container_av_perception,45.0,0.009842,26977,9,2942cbde2fd344cccea23aabbe8d5bf168610c71,False,0.5,"{'interruption_percentage': 0.5, 'interrupted_after_operations': 5, 'operation_count': 9, 'checkpoint_available': False, 'checkpoint_operation_index': 0, 'resumed_from_checkpoint': False, 'recovery_strategy': 'rollback_reinstall', 'recovery_success': True, 'rollback_success': True, 'rollback_ready_at_interruption': True, 'final_replay_validity': True, 'replay_errors': '', 'recovery_errors': '', 'extra_network_bytes': 9346, 'extra_flash_writes': 20480, 'total_network_bytes': 36323, 'total_flash_write_bytes': 53248, 'interrupted_metrics': {'install_state': 'interrupted', 'package_size_bytes': 9346, 'network_bytes': 9346, 'staging_area_bytes': 0, 'backup_area_bytes': 12288, 'installed_image_bytes': 20480, 'current_persistent_storage_bytes': 32768, 'peak_persistent_storage_bytes': 36707, 'peak_ram_bytes': 11543, 'flash_write_bytes': 20480, 'download_time_s': 0.018692, 'install_time_s': 0.010027, 'total_time_s': 0.028719, 'checkpoint_count': 0, 'latest_checkpoint_operation': 0, 'rollback_ready': True, 'unsafe_overwrite_count': 0, 'budget_violation_count': 0, 'budget_violations': [], 'ab_enabled': True, 'active_slot': 'A', 'inactive_slot': 'B', 'active_version': '0e8b0687acf08d383867dafd22ba867fb3829e05656edef718005071fdffdca8', 'inactive_version': '0e8b0687acf08d383867dafd22ba867fb3829e05656edef718005071fdffdca8', 'slot_capacity_bytes': 8388608, 'boot_attempt_counter': 0, 'max_boot_attempts': 2, 'pending_activation': False, 'health_verdict': 'not_run', 'rollback_performed': False, 'ab_update_valid': False, 'ab_rollback_ready': True, 'slot_storage_bytes': 20480, 'slot_storage_violation': False, 'activation_success': False, 'boot_health_success': False, 'rollback_after_failed_boot': False, 'rollback_success': False, 'reboot_count': 0, 'downtime_seconds': 0.0, 'slot_switch_count': 0}, 'recovered_metrics': {'install_state': 'complete', 'package_size_bytes': 36323, 'network_bytes': 36323, 'staging_area_bytes': 0, 'backup_area_bytes': 16384, 'installed_image_bytes': 20480, 'current_persistent_storage_bytes': 36864, 'peak_persistent_storage_bytes': 44457, 'peak_ram_bytes': 11543, 'flash_write_bytes': 53248, 'download_time_s': 0.072646, 'install_time_s': 0.02614, 'total_time_s': 0.098786, 'checkpoint_count': 1, 'latest_checkpoint_operation': 10, 'rollback_ready': True, 'unsafe_overwrite_count': 0, 'budget_violation_count': 0, 'budget_violations': [], 'ab_enabled': True, 'active_slot': 'B', 'inactive_slot': 'A', 'active_version': 'e669a57fb08d98364bfc4188a4259b2d14d83698302da7cd0dcc57f9bed99e1c', 'inactive_version': '0e8b0687acf08d383867dafd22ba867fb3829e05656edef718005071fdffdca8', 'slot_capacity_bytes': 8388608, 'boot_attempt_counter': 1, 'max_boot_attempts': 2, 'pending_activation': False, 'health_verdict': 'pass', 'rollback_performed': False, 'ab_update_valid': True, 'ab_rollback_ready': True, 'slot_storage_bytes': 20480, 'slot_storage_violation': False, 'activation_success': True, 'boot_health_success': True, 'rollback_after_failed_boot': False, 'rollback_success': False, 'reboot_count': 1, 'downtime_seconds': 45.0, 'slot_switch_count': 1}, 'recovery_cost': {'discarded_operation_count': 5, 'replayed_operation_count': 9, 'network_bytes': 26977, 'flash_write_bytes': 32768}}",interrupt_050,0,0,True,20480,9346,9,1,1,False,Synthetic fixture with no third-party model weights,16384,/home/arpan/OTA/.cursor-tutor/ota_environment/results/final_deterministic_benchmark_20260505/bounded_manifests/smartota-container-yolo-small-only.json,1,11543,/home/arpan/OTA/.cursor-tutor/ota_environment/data/raw/containers/yolo-perception/yolo-perception-layer-new.tar,/home/arpan/OTA/.cursor-tutor/ota_environment/data/raw/containers/yolo-perception/yolo-perception-layer-new.tar,e669a57fb08d98364bfc4188a4259b2d14d83698302da7cd0dcc57f9bed99e1c,20480,/home/arpan/OTA/.cursor-tutor/ota_environment/data/raw/containers/yolo-perception/yolo-perception-layer-old.tar,/home/arpan/OTA/.cursor-tutor/ota_environment/data/raw/containers/yolo-perception/yolo-perception-layer-old.tar,0e8b0687acf08d383867dafd22ba867fb3829e05656edef718005071fdffdca8,20480,4,,3,1,1,,container_yolo_perception_update,deployment_aware_greedy,CPython,"3.12.7 | packaged by Anaconda, Inc. | (main, Oct  4 2024, 13:27:36) [GCC 11.2.0]",1,,True,True,0.0,False,False,0.009842,0.009842,containerized_yolo_perception_update,1,20480,False,1,Locally generated deterministic SmartOTA-Bench YOLO-style perception container fixture,9,0.012614,2026-07-17T15:45:42.120432+00:00,containers,True
True,True,True,5,0,True,e669a57fb08d98364bfc4188a4259b2d14d83698302da7cd0dcc57f9bed99e1c,0e8b0687acf08d383867dafd22ba867fb3829e05656edef718005071fdffdca8,perception_container_tar,rsync_rolling_hash,4096,4096,0,5,True,True,uncompressed,deterministic_tar_derivation,smartota-container-layers,1.2.6,0.26.2,1.26.4,2.20.0,2.12.0,True,True,True,True,B,e669a57fb08d98364bfc4188a4259b2d14d83698302da7cd0dcc57f9bed99e1c,0,1,True,0,,0,500000.0,10,True,5000000.0,always_pass,2,constrained,2000000.0,524288,45.0,True,True,8388608,streaming,12582912,20480,0.07835,45.0,16384,pass,A,0e8b0687acf08d383867dafd22ba867fb3829e05656edef718005071fdffdca8,complete,0.003277,20480,0,2,39175,39175,30231,4096,False,1,False,False,False,False,8388608,20480,False,1,0,0.081627,4,container_av_perception,45.0,0.004731,39175,5,2942cbde2fd344cccea23aabbe8d5bf168610c71,False,0.5,"{'interruption_percentage': 0.5, 'interrupted_after_operations': 3, 'operation_count': 5, 'checkpoint_available': False, 'checkpoint_operation_index': 0, 'resumed_from_checkpoint': False, 'recovery_strategy': 'failed', 'recovery_success': False, 'rollback_success': False, 'rollback_ready_at_interruption': False, 'final_replay_validity': False, 'replay_errors': '', 'recovery_errors': 'no checkpoint and rollback is not ready', 'extra_network_bytes': 0, 'extra_flash_writes': 0, 'total_network_bytes': 29253, 'total_flash_write_bytes': 12288, 'interrupted_metrics': {'install_state': 'interrupted', 'package_size_bytes': 29253, 'network_bytes': 29253, 'staging_area_bytes': 0, 'backup_area_bytes': 0, 'installed_image_bytes': 20480, 'current_persistent_storage_bytes': 20480, 'peak_persistent_storage_bytes': 30231, 'peak_ram_bytes': 4096, 'flash_write_bytes': 12288, 'download_time_s': 0.058506, 'install_time_s': 0.002458, 'total_time_s': 0.060964, 'checkpoint_count': 0, 'latest_checkpoint_operation': 0, 'rollback_ready': False, 'unsafe_overwrite_count': 3, 'budget_violation_count': 0, 'budget_violations': [], 'ab_enabled': True, 'active_slot': 'A', 'inactive_slot': 'B', 'active_version': '0e8b0687acf08d383867dafd22ba867fb3829e05656edef718005071fdffdca8', 'inactive_version': '0e8b0687acf08d383867dafd22ba867fb3829e05656edef718005071fdffdca8', 'slot_capacity_bytes': 8388608, 'boot_attempt_counter': 0, 'max_boot_attempts': 2, 'pending_activation': False, 'health_verdict': 'not_run', 'rollback_performed': False, 'ab_update_valid': False, 'ab_rollback_ready': True, 'slot_storage_bytes': 20480, 'slot_storage_violation': False, 'activation_success': False, 'boot_health_success': False, 'rollback_after_failed_boot': False, 'rollback_success': False, 'reboot_count': 0, 'downtime_seconds': 0.0, 'slot_switch_count': 0}, 'recovered_metrics': {}, 'recovery_cost': {'discarded_operation_count': 3, 'replayed_operation_count': 0, 'network_bytes': 0, 'flash_write_bytes': 0}}",interrupt_050,0,1,False,0,0,0,0,1,False,Synthetic fixture with no third-party model weights,16384,/home/arpan/OTA/.cursor-tutor/ota_environment/results/final_deterministic_benchmark_20260505/bounded_manifests/smartota-container-yolo-small-only.json,1,4096,/home/arpan/OTA/.cursor-tutor/ota_environment/data/raw/containers/yolo-perception/yolo-perception-layer-new.tar,/home/arpan/OTA/.cursor-tutor/ota_environment/data/raw/containers/yolo-perception/yolo-perception-layer-new.tar,e669a57fb08d98364bfc4188a4259b2d14d83698302da7cd0dcc57f9bed99e1c,20480,/home/arpan/OTA/.cursor-tutor/ota_environment/data/raw/containers/yolo-perception/yolo-perception-layer-old.tar,/home/arpan/OTA/.cursor-tutor/ota_environment/data/raw/containers/yolo-perception/yolo-perception-layer-old.tar,0e8b0687acf08d383867dafd22ba867fb3829e05656edef718005071fdffdca8,20480,,,,1,4,,container_yolo_perception_update,rsync_rolling_hash,CPython,"3.12.7 | packaged by Anaconda, Inc. | (main, Oct  4 2024, 13:27:36) [GCC 11.2.0]",1,,True,True,0.0,False,False,0.004731,0.004731,containerized_yolo_perception_update,1,20480,False,1,Locally generated deterministic SmartOTA-Bench YOLO-style perception container fixture,5,0.005397,2026-07-17T15:45:42.120432+00:00,containers,True
True,True,True,2,0,True,e669a57fb08d98364bfc4188a4259b2d14d83698302da7cd0dcc57f9bed99e1c,0e8b0687acf08d383867dafd22ba867fb3829e05656edef718005071fdffdca8,perception_container_tar,full_replacement,4096,4096,0,5,True,True,uncompressed,deterministic_tar_derivation,smartota-container-layers,1.2.6,0.26.2,1.26.4,2.20.0,2.12.0,True,True,True,True,B,e669a57fb08d98364bfc4188a4259b2d14d83698302da7cd0dcc57f9bed99e1c,0,1,True,0,,0,500000.0,10,True,5000000.0,always_pass,2,constrained,2000000.0,524288,45.0,True,True,8388608,streaming,12582912,20480,0.096166,45.0,20480,pass,A,0e8b0687acf08d383867dafd22ba867fb3829e05656edef718005071fdffdca8,complete,0.004096,20480,0,2,48083,48083,84843,20480,False,1,False,False,False,False,8388608,20480,False,1,0,0.100262,1,container_av_perception,45.0,0.00041,48083,2,2942cbde2fd344cccea23aabbe8d5bf168610c71,False,0.75,"{'interruption_percentage': 0.75, 'interrupted_after_operations': 1, 'operation_count': 2, 'checkpoint_available': False, 'checkpoint_operation_index': 0, 'resumed_from_checkpoint': False, 'recovery_strategy': 'failed', 'recovery_success': False, 'rollback_success': False, 'rollback_ready_at_interruption': False, 'final_replay_validity': False, 'replay_errors': '', 'recovery_errors': 'no checkpoint and rollback is not ready', 'extra_network_bytes': 0, 'extra_flash_writes': 0, 'total_network_bytes': 47979, 'total_flash_write_bytes': 20480, 'interrupted_metrics': {'install_state': 'interrupted', 'package_size_bytes': 47979, 'network_bytes': 47979, 'staging_area_bytes': 0, 'backup_area_bytes': 0, 'installed_image_bytes': 36864, 'current_persistent_storage_bytes': 36864, 'peak_persistent_storage_bytes': 84843, 'peak_ram_bytes': 20480, 'flash_write_bytes': 20480, 'download_time_s': 0.095958, 'install_time_s': 0.004096, 'total_time_s': 0.100054, 'checkpoint_count': 0, 'latest_checkpoint_operation': 0, 'rollback_ready': False, 'unsafe_overwrite_count': 1, 'budget_violation_count': 0, 'budget_violations': [], 'ab_enabled': True, 'active_slot': 'A', 'inactive_slot': 'B', 'active_version': '0e8b0687acf08d383867dafd22ba867fb3829e05656edef718005071fdffdca8', 'inactive_version': '0e8b0687acf08d383867dafd22ba867fb3829e05656edef718005071fdffdca8', 'slot_capacity_bytes': 8388608, 'boot_attempt_counter': 0, 'max_boot_attempts': 2, 'pending_activation': False, 'health_verdict': 'not_run', 'rollback_performed': False, 'ab_update_valid': False, 'ab_rollback_ready': True, 'slot_storage_bytes': 20480, 'slot_storage_violation': False, 'activation_success': False, 'boot_health_success': False, 'rollback_after_failed_boot': False, 'rollback_success': False, 'reboot_count': 0, 'downtime_seconds': 0.0, 'slot_switch_count': 0}, 'recovered_metrics': {}, 'recovery_cost': {'discarded_operation_count': 1, 'replayed_operation_count': 0, 'network_bytes': 0, 'flash_write_bytes': 0}}",interrupt_075,0,1,False,0,0,0,0,1,False,Synthetic fixture with no third-party model weights,16384,/home/arpan/OTA/.cursor-tutor/ota_environment/results/final_deterministic_benchmark_20260505/bounded_manifests/smartota-container-yolo-small-only.json,1,20480,/home/arpan/OTA/.cursor-tutor/ota_environment/data/raw/containers/yolo-perception/yolo-perception-layer-new.tar,/home/arpan/OTA/.cursor-tutor/ota_environment/data/raw/containers/yolo-perception/yolo-perception-layer-new.tar,e669a57fb08d98364bfc4188a4259b2d14d83698302da7cd0dcc57f9bed99e1c,20480,/home/arpan/OTA/.cursor-tutor/ota_environment/data/raw/containers/yolo-perception/yolo-perception-layer-old.tar,/home/arpan/OTA/.cursor-tutor/ota_environment/data/raw/containers/yolo-perception/yolo-perception-layer-old.tar,0e8b0687acf08d383867dafd22ba867fb3829e05656edef718005071fdffdca8,20480,,,,,1,1,container_yolo_perception_update,full_replacement,CPython,"3.12.7 | packaged by Anaconda, Inc. | (main, Oct  4 2024, 13:27:36) [GCC 11.2.0]",1,,True,True,0.0,False,False,0.00041,0.00041,containerized_yolo_perception_update,1,20480,False,1,Locally generated deterministic SmartOTA-Bench YOLO-style perception container fixture,2,0.00116,2026-07-17T15:45:42.120432+00:00,containers,True
True,True,True,2,0,True,e669a57fb08d98364bfc4188a4259b2d14d83698302da7cd0dcc57f9bed99e1c,0e8b0687acf08d383867dafd22ba867fb3829e05656edef718005071fdffdca8,perception_container_tar,whole_file_bsdiff,4096,4096,0,5,True,True,uncompressed,deterministic_tar_derivation,smartota-container-layers,1.2.6,0.26.2,1.26.4,2.20.0,2.12.0,True,True,True,True,B,e669a57fb08d98364bfc4188a4259b2d14d83698302da7cd0dcc57f9bed99e1c,0,1,True,0,,0,500000.0,10,True,5000000.0,always_pass,2,constrained,2000000.0,524288,45.0,True,True,8388608,streaming,12582912,20480,0.048158,45.0,20480,pass,A,0e8b0687acf08d383867dafd22ba867fb3829e05656edef718005071fdffdca8,complete,0.019422,20480,0,2,24079,24079,60839,51133,False,1,False,False,False,False,8388608,20480,False,1,0,0.067581,1,container_av_perception,45.0,0.005405,24079,2,2942cbde2fd344cccea23aabbe8d5bf168610c71,False,0.75,"{'interruption_percentage': 0.75, 'interrupted_after_operations': 1, 'operation_count': 2, 'checkpoint_available': False, 'checkpoint_operation_index': 0, 'resumed_from_checkpoint': False, 'recovery_strategy': 'failed', 'recovery_success': False, 'rollback_success': False, 'rollback_ready_at_interruption': False, 'final_replay_validity': False, 'replay_errors': '', 'recovery_errors': 'no checkpoint and rollback is not ready', 'extra_network_bytes': 0, 'extra_flash_writes': 0, 'total_network_bytes': 23975, 'total_flash_write_bytes': 20480, 'interrupted_metrics': {'install_state': 'interrupted', 'package_size_bytes': 23975, 'network_bytes': 23975, 'staging_area_bytes': 0, 'backup_area_bytes': 0, 'installed_image_bytes': 36864, 'current_persistent_storage_bytes': 36864, 'peak_persistent_storage_bytes': 60839, 'peak_ram_bytes': 51133, 'flash_write_bytes': 20480, 'download_time_s': 0.04795, 'install_time_s': 0.019422, 'total_time_s': 0.067373, 'checkpoint_count': 0, 'latest_checkpoint_operation': 0, 'rollback_ready': False, 'unsafe_overwrite_count': 1, 'budget_violation_count': 0, 'budget_violations': [], 'ab_enabled': True, 'active_slot': 'A', 'inactive_slot': 'B', 'active_version': '0e8b0687acf08d383867dafd22ba867fb3829e05656edef718005071fdffdca8', 'inactive_version': '0e8b0687acf08d383867dafd22ba867fb3829e05656edef718005071fdffdca8', 'slot_capacity_bytes': 8388608, 'boot_attempt_counter': 0, 'max_boot_attempts': 2, 'pending_activation': False, 'health_verdict': 'not_run', 'rollback_performed': False, 'ab_update_valid': False, 'ab_rollback_ready': True, 'slot_storage_bytes': 20480, 'slot_storage_violation': False, 'activation_success': False, 'boot_health_success': False, 'rollback_after_failed_boot': False, 'rollback_success': False, 'reboot_count': 0, 'downtime_seconds': 0.0, 'slot_switch_count': 0}, 'recovered_metrics': {}, 'recovery_cost': {'discarded_operation_count': 1, 'replayed_operation_count': 0, 'network_bytes': 0, 'flash_write_bytes': 0}}",interrupt_075,0,1,False,0,0,0,0,1,False,Synthetic fixture with no third-party model weights,16384,/home/arpan/OTA/.cursor-tutor/ota_environment/results/final_deterministic_benchmark_20260505/bounded_manifests/smartota-container-yolo-small-only.json,1,51133,/home/arpan/OTA/.cursor-tutor/ota_environment/data/raw/containers/yolo-perception/yolo-perception-layer-new.tar,/home/arpan/OTA/.cursor-tutor/ota_environment/data/raw/containers/yolo-perception/yolo-perception-layer-new.tar,e669a57fb08d98364bfc4188a4259b2d14d83698302da7cd0dcc57f9bed99e1c,20480,/home/arpan/OTA/.cursor-tutor/ota_environment/data/raw/containers/yolo-perception/yolo-perception-layer-old.tar,/home/arpan/OTA/.cursor-tutor/ota_environment/data/raw/containers/yolo-perception/yolo-perception-layer-old.tar,0e8b0687acf08d383867dafd22ba867fb3829e05656edef718005071fdffdca8,20480,,,1,,,1,container_yolo_perception_update,whole_file_bsdiff,CPython,"3.12.7 | packaged by Anaconda, Inc. | (main, Oct  4 2024, 13:27:36) [GCC 11.2.0]",1,,True,True,0.0,False,False,0.005405,0.005405,containerized_yolo_perception_update,1,20480,False,1,Locally generated deterministic SmartOTA-Bench YOLO-style perception container fixture,2,0.007101,2026-07-17T15:45:42.120432+00:00,containers,True
True,True,True,5,0,True,e669a57fb08d98364bfc4188a4259b2d14d83698302da7cd0dcc57f9bed99e1c,0e8b0687acf08d383867dafd22ba867fb3829e05656edef718005071fdffdca8,perception_container_tar,blockwise_bsdiff,4096,4096,0,5,True,True,uncompressed,deterministic_tar_derivation,smartota-container-layers,1.2.6,0.26.2,1.26.4,2.20.0,2.12.0,True,True,True,True,B,e669a57fb08d98364bfc4188a4259b2d14d83698302da7cd0dcc57f9bed99e1c,0,1,True,0,,0,500000.0,10,True,5000000.0,always_pass,2,constrained,2000000.0,524288,45.0,True,True,8388608,streaming,12582912,20480,0.055682,45.0,16384,pass,A,0e8b0687acf08d383867dafd22ba867fb3829e05656edef718005071fdffdca8,complete,0.017212,20480,0,2,27841,27841,31559,12847,False,1,False,False,False,False,8388608,20480,False,1,0,0.072894,4,container_av_perception,45.0,0.005638,27841,5,2942cbde2fd344cccea23aabbe8d5bf168610c71,False,0.75,"{'interruption_percentage': 0.75, 'interrupted_after_operations': 4, 'operation_count': 5, 'checkpoint_available': False, 'checkpoint_operation_index': 0, 'resumed_from_checkpoint': False, 'recovery_strategy': 'failed', 'recovery_success': False, 'rollback_success': False, 'rollback_ready_at_interruption': False, 'final_replay_validity': False, 'replay_errors': '', 'recovery_errors': 'no checkpoint and rollback is not ready', 'extra_network_bytes': 0, 'extra_flash_writes': 0, 'total_network_bytes': 27670, 'total_flash_write_bytes': 16384, 'interrupted_metrics': {'install_state': 'interrupted', 'package_size_bytes': 27670, 'network_bytes': 27670, 'staging_area_bytes': 0, 'backup_area_bytes': 0, 'installed_image_bytes': 20480, 'current_persistent_storage_bytes': 20480, 'peak_persistent_storage_bytes': 31559, 'peak_ram_bytes': 12847, 'flash_write_bytes': 16384, 'download_time_s': 0.05534, 'install_time_s': 0.017212, 'total_time_s': 0.072552, 'checkpoint_count': 0, 'latest_checkpoint_operation': 0, 'rollback_ready': False, 'unsafe_overwrite_count': 4, 'budget_violation_count': 0, 'budget_violations': [], 'ab_enabled': True, 'active_slot': 'A', 'inactive_slot': 'B', 'active_version': '0e8b0687acf08d383867dafd22ba867fb3829e05656edef718005071fdffdca8', 'inactive_version': '0e8b0687acf08d383867dafd22ba867fb3829e05656edef718005071fdffdca8', 'slot_capacity_bytes': 8388608, 'boot_attempt_counter': 0, 'max_boot_attempts': 2, 'pending_activation': False, 'health_verdict': 'not_run', 'rollback_performed': False, 'ab_update_valid': False, 'ab_rollback_ready': True, 'slot_storage_bytes': 20480, 'slot_storage_violation': False, 'activation_success': False, 'boot_health_success': False, 'rollback_after_failed_boot': False, 'rollback_success': False, 'reboot_count': 0, 'downtime_seconds': 0.0, 'slot_switch_count': 0}, 'recovered_metrics': {}, 'recovery_cost': {'discarded_operation_count': 4, 'replayed_operation_count': 0, 'network_bytes': 0, 'flash_write_bytes': 0}}",interrupt_075,0,1,False,0,0,0,0,1,False,Synthetic fixture with no third-party model weights,16384,/home/arpan/OTA/.cursor-tutor/ota_environment/results/final_deterministic_benchmark_20260505/bounded_manifests/smartota-container-yolo-small-only.json,1,12847,/home/arpan/OTA/.cursor-tutor/ota_environment/data/raw/containers/yolo-perception/yolo-perception-layer-new.tar,/home/arpan/OTA/.cursor-tutor/ota_environment/data/raw/containers/yolo-perception/yolo-perception-layer-new.tar,e669a57fb08d98364bfc4188a4259b2d14d83698302da7cd0dcc57f9bed99e1c,20480,/home/arpan/OTA/.cursor-tutor/ota_environment/data/raw/containers/yolo-perception/yolo-perception-layer-old.tar,/home/arpan/OTA/.cursor-tutor/ota_environment/data/raw/containers/yolo-perception/yolo-perception-layer-old.tar,0e8b0687acf08d383867dafd22ba867fb3829e05656edef718005071fdffdca8,20480,,,4,1,,,container_yolo_perception_update,blockwise_bsdiff,CPython,"3.12.7 | packaged by Anaconda, Inc. | (main, Oct  4 2024, 13:27:36) [GCC 11.2.0]",1,,True,True,0.0,False,False,0.005638,0.005638,containerized_yolo_perception_update,1,20480,False,1,Locally generated deterministic SmartOTA-Bench YOLO-style perception container fixture,5,0.007543,2026-07-17T15:45:42.120432+00:00,containers,True
True,True,True,5,0,True,e669a57fb08d98364bfc4188a4259b2d14d83698302da7cd0dcc57f9bed99e1c,0e8b0687acf08d383867dafd22ba867fb3829e05656edef718005071fdffdca8,perception_container_tar,copy_only,4096,4096,0,5,True,True,uncompressed,deterministic_tar_derivation,smartota-container-layers,1.2.6,0.26.2,1.26.4,2.20.0,2.12.0,True,True,True,True,B,e669a57fb08d98364bfc4188a4259b2d14d83698302da7cd0dcc57f9bed99e1c,0,1,True,0,,0,500000.0,10,True,5000000.0,always_pass,2,constrained,2000000.0,524288,45.0,True,True,8388608,streaming,12582912,20480,0.07835,45.0,16384,pass,A,0e8b0687acf08d383867dafd22ba867fb3829e05656edef718005071fdffdca8,complete,0.003277,20480,0,2,39175,39175,30231,4096,False,1,False,False,False,False,8388608,20480,False,1,0,0.081627,4,container_av_perception,45.0,0.000453,39175,5,2942cbde2fd344cccea23aabbe8d5bf168610c71,False,0.75,"{'interruption_percentage': 0.75, 'interrupted_after_operations': 4, 'operation_count': 5, 'checkpoint_available': False, 'checkpoint_operation_index': 0, 'resumed_from_checkpoint': False, 'recovery_strategy': 'failed', 'recovery_success': False, 'rollback_success': False, 'rollback_ready_at_interruption': False, 'final_replay_validity': False, 'replay_errors': '', 'recovery_errors': 'no checkpoint and rollback is not ready', 'extra_network_bytes': 0, 'extra_flash_writes': 0, 'total_network_bytes': 39004, 'total_flash_write_bytes': 16384, 'interrupted_metrics': {'install_state': 'interrupted', 'package_size_bytes': 39004, 'network_bytes': 39004, 'staging_area_bytes': 0, 'backup_area_bytes': 0, 'installed_image_bytes': 20480, 'current_persistent_storage_bytes': 20480, 'peak_persistent_storage_bytes': 30231, 'peak_ram_bytes': 4096, 'flash_write_bytes': 16384, 'download_time_s': 0.078008, 'install_time_s': 0.003277, 'total_time_s': 0.081285, 'checkpoint_count': 0, 'latest_checkpoint_operation': 0, 'rollback_ready': False, 'unsafe_overwrite_count': 4, 'budget_violation_count': 0, 'budget_violations': [], 'ab_enabled': True, 'active_slot': 'A', 'inactive_slot': 'B', 'active_version': '0e8b0687acf08d383867dafd22ba867fb3829e05656edef718005071fdffdca8', 'inactive_version': '0e8b0687acf08d383867dafd22ba867fb3829e05656edef718005071fdffdca8', 'slot_capacity_bytes': 8388608, 'boot_attempt_counter': 0, 'max_boot_attempts': 2, 'pending_activation': False, 'health_verdict': 'not_run', 'rollback_performed': False, 'ab_update_valid': False, 'ab_rollback_ready': True, 'slot_storage_bytes': 20480, 'slot_storage_violation': False, 'activation_success': False, 'boot_health_success': False, 'rollback_after_failed_boot': False, 'rollback_success': False, 'reboot_count': 0, 'downtime_seconds': 0.0, 'slot_switch_count': 0}, 'recovered_metrics': {}, 'recovery_cost': {'discarded_operation_count': 4, 'replayed_operation_count': 0, 'network_bytes': 0, 'flash_write_bytes': 0}}",interrupt_075,0,1,False,0,0,0,0,1,False,Synthetic fixture with no third-party model weights,16384,/home/arpan/OTA/.cursor-tutor/ota_environment/results/final_deterministic_benchmark_20260505/bounded_manifests/smartota-container-yolo-small-only.json,1,4096,/home/arpan/OTA/.cursor-tutor/ota_environment/data/raw/containers/yolo-perception/yolo-perception-layer-new.tar,/home/arpan/OTA/.cursor-tutor/ota_environment/data/raw/containers/yolo-perception/yolo-perception-layer-new.tar,e669a57fb08d98364bfc4188a4259b2d14d83698302da7cd0dcc57f9bed99e1c,20480,/home/arpan/OTA/.cursor-tutor/ota_environment/data/raw/containers/yolo-perception/yolo-perception-layer-old.tar,/home/arpan/OTA/.cursor-tutor/ota_environment/data/raw/containers/yolo-perception/yolo-perception-layer-old.tar,0e8b0687acf08d383867dafd22ba867fb3829e05656edef718005071fdffdca8,20480,,,,1,4,,container_yolo_perception_update,copy_only,CPython,"3.12.7 | packaged by Anaconda, Inc. | (main, Oct  4 2024, 13:27:36) [GCC 11.2.0]",1,,True,True,0.0,False,False,0.000453,0.000453,containerized_yolo_perception_update,1,20480,False,1,Locally generated deterministic SmartOTA-Bench YOLO-style perception container fixture,5,0.001205,2026-07-17T15:45:42.120432+00:00,containers,True
True,True,True,5,0,True,e669a57fb08d98364bfc4188a4259b2d14d83698302da7cd0dcc57f9bed99e1c,0e8b0687acf08d383867dafd22ba867fb3829e05656edef718005071fdffdca8,perception_container_tar,copy_delta,4096,4096,0,5,True,True,uncompressed,deterministic_tar_derivation,smartota-container-layers,1.2.6,0.26.2,1.26.4,2.20.0,2.12.0,True,True,True,True,B,e669a57fb08d98364bfc4188a4259b2d14d83698302da7cd0dcc57f9bed99e1c,0,1,True,0,,0,500000.0,10,True,5000000.0,always_pass,2,constrained,2000000.0,524288,45.0,True,True,8388608,streaming,12582912,20480,0.053026,45.0,16384,pass,A,0e8b0687acf08d383867dafd22ba867fb3829e05656edef718005071fdffdca8,complete,0.012836,20480,0,2,26513,26513,30231,11543,False,1,False,False,False,False,8388608,20480,False,1,0,0.065862,4,container_av_perception,45.0,0.005448,26513,5,2942cbde2fd344cccea23aabbe8d5bf168610c71,False,0.75,"{'interruption_percentage': 0.75, 'interrupted_after_operations': 4, 'operation_count': 5, 'checkpoint_available': False, 'checkpoint_operation_index': 0, 'resumed_from_checkpoint': False, 'recovery_strategy': 'failed', 'recovery_success': False, 'rollback_success': False, 'rollback_ready_at_interruption': False, 'final_replay_validity': False, 'replay_errors': '', 'recovery_errors': 'no checkpoint and rollback is not ready', 'extra_network_bytes': 0, 'extra_flash_writes': 0, 'total_network_bytes': 26342, 'total_flash_write_bytes': 16384, 'interrupted_metrics': {'install_state': 'interrupted', 'package_size_bytes': 26342, 'network_bytes': 26342, 'staging_area_bytes': 0, 'backup_area_bytes': 0, 'installed_image_bytes': 20480, 'current_persistent_storage_bytes': 20480, 'peak_persistent_storage_bytes': 30231, 'peak_ram_bytes': 11543, 'flash_write_bytes': 16384, 'download_time_s': 0.052684, 'install_time_s': 0.012836, 'total_time_s': 0.06552, 'checkpoint_count': 0, 'latest_checkpoint_operation': 0, 'rollback_ready': False, 'unsafe_overwrite_count': 4, 'budget_violation_count': 0, 'budget_violations': [], 'ab_enabled': True, 'active_slot': 'A', 'inactive_slot': 'B', 'active_version': '0e8b0687acf08d383867dafd22ba867fb3829e05656edef718005071fdffdca8', 'inactive_version': '0e8b0687acf08d383867dafd22ba867fb3829e05656edef718005071fdffdca8', 'slot_capacity_bytes': 8388608, 'boot_attempt_counter': 0, 'max_boot_attempts': 2, 'pending_activation': False, 'health_verdict': 'not_run', 'rollback_performed': False, 'ab_update_valid': False, 'ab_rollback_ready': True, 'slot_storage_bytes': 20480, 'slot_storage_violation': False, 'activation_success': False, 'boot_health_success': False, 'rollback_after_failed_boot': False, 'rollback_success': False, 'reboot_count': 0, 'downtime_seconds': 0.0, 'slot_switch_count': 0}, 'recovered_metrics': {}, 'recovery_cost': {'discarded_operation_count': 4, 'replayed_operation_count': 0, 'network_bytes': 0, 'flash_write_bytes': 0}}",interrupt_075,0,1,False,0,0,0,0,1,False,Synthetic fixture with no third-party model weights,16384,/home/arpan/OTA/.cursor-tutor/ota_environment/results/final_deterministic_benchmark_20260505/bounded_manifests/smartota-container-yolo-small-only.json,1,11543,/home/arpan/OTA/.cursor-tutor/ota_environment/data/raw/containers/yolo-perception/yolo-perception-layer-new.tar,/home/arpan/OTA/.cursor-tutor/ota_environment/data/raw/containers/yolo-perception/yolo-perception-layer-new.tar,e669a57fb08d98364bfc4188a4259b2d14d83698302da7cd0dcc57f9bed99e1c,20480,/home/arpan/OTA/.cursor-tutor/ota_environment/data/raw/containers/yolo-perception/yolo-perception-layer-old.tar,/home/arpan/OTA/.cursor-tutor/ota_environment/data/raw/containers/yolo-perception/yolo-perception-layer-old.tar,0e8b0687acf08d383867dafd22ba867fb3829e05656edef718005071fdffdca8,20480,,,3,1,1,,container_yolo_perception_update,copy_delta,CPython,"3.12.7 | packaged by Anaconda, Inc. | (main, Oct  4 2024, 13:27:36) [GCC 11.2.0]",1,,True,True,0.0,False,False,0.005448,0.005448,containerized_yolo_perception_update,1,20480,False,1,Locally generated deterministic SmartOTA-Bench YOLO-style perception container fixture,5,0.006914,2026-07-17T15:45:42.120432+00:00,containers,True
True,True,True,5,4,True,e669a57fb08d98364bfc4188a4259b2d14d83698302da7cd0dcc57f9bed99e1c,0e8b0687acf08d383867dafd22ba867fb3829e05656edef718005071fdffdca8,perception_container_tar,backup_safe_copy_delta,4096,4096,0,5,True,True,uncompressed,deterministic_tar_derivation,smartota-container-layers,1.2.6,0.26.2,1.26.4,2.20.0,2.12.0,True,True,True,True,B,e669a57fb08d98364bfc4188a4259b2d14d83698302da7cd0dcc57f9bed99e1c,16384,1,True,0,,0,500000.0,10,True,5000000.0,always_pass,2,constrained,2000000.0,524288,45.0,True,True,8388608,streaming,12582912,36864,0.053954,45.0,32768,pass,A,0e8b0687acf08d383867dafd22ba867fb3829e05656edef718005071fdffdca8,complete,0.016113,20480,0,2,26977,26977,44457,11543,False,1,False,False,True,False,8388608,20480,False,1,0,0.070067,0,container_av_perception,45.0,0.010164,26977,9,2942cbde2fd344cccea23aabbe8d5bf168610c71,False,0.75,"{'interruption_percentage': 0.75, 'interrupted_after_operations': 7, 'operation_count': 9, 'checkpoint_available': False, 'checkpoint_operation_index': 0, 'resumed_from_checkpoint': False, 'recovery_strategy': 'rollback_reinstall', 'recovery_success': True, 'rollback_success': True, 'rollback_ready_at_interruption': True, 'final_replay_validity': True, 'replay_errors': '', 'recovery_errors': '', 'extra_network_bytes': 19213, 'extra_flash_writes': 28672, 'total_network_bytes': 46190, 'total_flash_write_bytes': 61440, 'interrupted_metrics': {'install_state': 'interrupted', 'package_size_bytes': 19213, 'network_bytes': 19213, 'staging_area_bytes': 0, 'backup_area_bytes': 16384, 'installed_image_bytes': 20480, 'current_persistent_storage_bytes': 36864, 'peak_persistent_storage_bytes': 42519, 'peak_ram_bytes': 11543, 'flash_write_bytes': 28672, 'download_time_s': 0.038426, 'install_time_s': 0.011665, 'total_time_s': 0.050091, 'checkpoint_count': 0, 'latest_checkpoint_operation': 0, 'rollback_ready': True, 'unsafe_overwrite_count': 0, 'budget_violation_count': 0, 'budget_violations': [], 'ab_enabled': True, 'active_slot': 'A', 'inactive_slot': 'B', 'active_version': '0e8b0687acf08d383867dafd22ba867fb3829e05656edef718005071fdffdca8', 'inactive_version': '0e8b0687acf08d383867dafd22ba867fb3829e05656edef718005071fdffdca8', 'slot_capacity_bytes': 8388608, 'boot_attempt_counter': 0, 'max_boot_attempts': 2, 'pending_activation': False, 'health_verdict': 'not_run', 'rollback_performed': False, 'ab_update_valid': False, 'ab_rollback_ready': True, 'slot_storage_bytes': 20480, 'slot_storage_violation': False, 'activation_success': False, 'boot_health_success': False, 'rollback_after_failed_boot': False, 'rollback_success': False, 'reboot_count': 0, 'downtime_seconds': 0.0, 'slot_switch_count': 0}, 'recovered_metrics': {'install_state': 'complete', 'package_size_bytes': 46190, 'network_bytes': 46190, 'staging_area_bytes': 0, 'backup_area_bytes': 16384, 'installed_image_bytes': 20480, 'current_persistent_storage_bytes': 36864, 'peak_persistent_storage_bytes': 46615, 'peak_ram_bytes': 11543, 'flash_write_bytes': 61440, 'download_time_s': 0.09238, 'install_time_s': 0.027778, 'total_time_s': 0.120159, 'checkpoint_count': 1, 'latest_checkpoint_operation': 10, 'rollback_ready': True, 'unsafe_overwrite_count': 0, 'budget_violation_count': 0, 'budget_violations': [], 'ab_enabled': True, 'active_slot': 'B', 'inactive_slot': 'A', 'active_version': 'e669a57fb08d98364bfc4188a4259b2d14d83698302da7cd0dcc57f9bed99e1c', 'inactive_version': '0e8b0687acf08d383867dafd22ba867fb3829e05656edef718005071fdffdca8', 'slot_capacity_bytes': 8388608, 'boot_attempt_counter': 1, 'max_boot_attempts': 2, 'pending_activation': False, 'health_verdict': 'pass', 'rollback_performed': False, 'ab_update_valid': True, 'ab_rollback_ready': True, 'slot_storage_bytes': 20480, 'slot_storage_violation': False, 'activation_success': True, 'boot_health_success': True, 'rollback_after_failed_boot': False, 'rollback_success': False, 'reboot_count': 1, 'downtime_seconds': 45.0, 'slot_switch_count': 1}, 'recovery_cost': {'discarded_operation_count': 7, 'replayed_operation_count': 9, 'network_bytes': 26977, 'flash_write_bytes': 32768}}",interrupt_075,0,0,True,28672,19213,9,1,1,False,Synthetic fixture with no third-party model weights,16384,/home/arpan/OTA/.cursor-tutor/ota_environment/results/final_deterministic_benchmark_20260505/bounded_manifests/smartota-container-yolo-small-only.json,1,11543,/home/arpan/OTA/.cursor-tutor/ota_environment/data/raw/containers/yolo-perception/yolo-perception-layer-new.tar,/home/arpan/OTA/.cursor-tutor/ota_environment/data/raw/containers/yolo-perception/yolo-perception-layer-new.tar,e669a57fb08d98364bfc4188a4259b2d14d83698302da7cd0dcc57f9bed99e1c,20480,/home/arpan/OTA/.cursor-tutor/ota_environment/data/raw/containers/yolo-perception/yolo-perception-layer-old.tar,/home/arpan/OTA/.cursor-tutor/ota_environment/data/raw/containers/yolo-perception/yolo-perception-layer-old.tar,0e8b0687acf08d383867dafd22ba867fb3829e05656edef718005071fdffdca8,20480,4,,3,1,1,,container_yolo_perception_update,backup_safe_copy_delta,CPython,"3.12.7 | packaged by Anaconda, Inc. | (main, Oct  4 2024, 13:27:36) [GCC 11.2.0]",1,,True,True,0.0,False,False,0.010164,0.010164,containerized_yolo_perception_update,1,20480,False,1,Locally generated deterministic SmartOTA-Bench YOLO-style perception container fixture,9,0.01317,2026-07-17T15:45:42.120432+00:00,containers,True
True,True,True,5,4,True,e669a57fb08d98364bfc4188a4259b2d14d83698302da7cd0dcc57f9bed99e1c,0e8b0687acf08d383867dafd22ba867fb3829e05656edef718005071fdffdca8,perception_container_tar,deployment_aware_greedy,4096,4096,0,5,True,True,uncompressed,deterministic_tar_derivation,smartota-container-layers,1.2.6,0.26.2,1.26.4,2.20.0,2.12.0,True,True,True,True,B,e669a57fb08d98364bfc4188a4259b2d14d83698302da7cd0dcc57f9bed99e1c,16384,1,True,0,,0,500000.0,10,True,5000000.0,always_pass,2,constrained,2000000.0,524288,45.0,True,True,8388608,streaming,12582912,36864,0.053954,45.0,32768,pass,A,0e8b0687acf08d383867dafd22ba867fb3829e05656edef718005071fdffdca8,complete,0.016113,20480,0,2,26977,26977,44457,11543,False,1,False,False,True,False,8388608,20480,False,1,0,0.070067,0,container_av_perception,45.0,0.009606,26977,9,2942cbde2fd344cccea23aabbe8d5bf168610c71,False,0.75,"{'interruption_percentage': 0.75, 'interrupted_after_operations': 7, 'operation_count': 9, 'checkpoint_available': False, 'checkpoint_operation_index': 0, 'resumed_from_checkpoint': False, 'recovery_strategy': 'rollback_reinstall', 'recovery_success': True, 'rollback_success': True, 'rollback_ready_at_interruption': True, 'final_replay_validity': True, 'replay_errors': '', 'recovery_errors': '', 'extra_network_bytes': 19213, 'extra_flash_writes': 28672, 'total_network_bytes': 46190, 'total_flash_write_bytes': 61440, 'interrupted_metrics': {'install_state': 'interrupted', 'package_size_bytes': 19213, 'network_bytes': 19213, 'staging_area_bytes': 0, 'backup_area_bytes': 16384, 'installed_image_bytes': 20480, 'current_persistent_storage_bytes': 36864, 'peak_persistent_storage_bytes': 42519, 'peak_ram_bytes': 11543, 'flash_write_bytes': 28672, 'download_time_s': 0.038426, 'install_time_s': 0.011665, 'total_time_s': 0.050091, 'checkpoint_count': 0, 'latest_checkpoint_operation': 0, 'rollback_ready': True, 'unsafe_overwrite_count': 0, 'budget_violation_count': 0, 'budget_violations': [], 'ab_enabled': True, 'active_slot': 'A', 'inactive_slot': 'B', 'active_version': '0e8b0687acf08d383867dafd22ba867fb3829e05656edef718005071fdffdca8', 'inactive_version': '0e8b0687acf08d383867dafd22ba867fb3829e05656edef718005071fdffdca8', 'slot_capacity_bytes': 8388608, 'boot_attempt_counter': 0, 'max_boot_attempts': 2, 'pending_activation': False, 'health_verdict': 'not_run', 'rollback_performed': False, 'ab_update_valid': False, 'ab_rollback_ready': True, 'slot_storage_bytes': 20480, 'slot_storage_violation': False, 'activation_success': False, 'boot_health_success': False, 'rollback_after_failed_boot': False, 'rollback_success': False, 'reboot_count': 0, 'downtime_seconds': 0.0, 'slot_switch_count': 0}, 'recovered_metrics': {'install_state': 'complete', 'package_size_bytes': 46190, 'network_bytes': 46190, 'staging_area_bytes': 0, 'backup_area_bytes': 16384, 'installed_image_bytes': 20480, 'current_persistent_storage_bytes': 36864, 'peak_persistent_storage_bytes': 46615, 'peak_ram_bytes': 11543, 'flash_write_bytes': 61440, 'download_time_s': 0.09238, 'install_time_s': 0.027778, 'total_time_s': 0.120159, 'checkpoint_count': 1, 'latest_checkpoint_operation': 10, 'rollback_ready': True, 'unsafe_overwrite_count': 0, 'budget_violation_count': 0, 'budget_violations': [], 'ab_enabled': True, 'active_slot': 'B', 'inactive_slot': 'A', 'active_version': 'e669a57fb08d98364bfc4188a4259b2d14d83698302da7cd0dcc57f9bed99e1c', 'inactive_version': '0e8b0687acf08d383867dafd22ba867fb3829e05656edef718005071fdffdca8', 'slot_capacity_bytes': 8388608, 'boot_attempt_counter': 1, 'max_boot_attempts': 2, 'pending_activation': False, 'health_verdict': 'pass', 'rollback_performed': False, 'ab_update_valid': True, 'ab_rollback_ready': True, 'slot_storage_bytes': 20480, 'slot_storage_violation': False, 'activation_success': True, 'boot_health_success': True, 'rollback_after_failed_boot': False, 'rollback_success': False, 'reboot_count': 1, 'downtime_seconds': 45.0, 'slot_switch_count': 1}, 'recovery_cost': {'discarded_operation_count': 7, 'replayed_operation_count': 9, 'network_bytes': 26977, 'flash_write_bytes': 32768}}",interrupt_075,0,0,True,28672,19213,9,1,1,False,Synthetic fixture with no third-party model weights,16384,/home/arpan/OTA/.cursor-tutor/ota_environment/results/final_deterministic_benchmark_20260505/bounded_manifests/smartota-container-yolo-small-only.json,1,11543,/home/arpan/OTA/.cursor-tutor/ota_environment/data/raw/containers/yolo-perception/yolo-perception-layer-new.tar,/home/arpan/OTA/.cursor-tutor/ota_environment/data/raw/containers/yolo-perception/yolo-perception-layer-new.tar,e669a57fb08d98364bfc4188a4259b2d14d83698302da7cd0dcc57f9bed99e1c,20480,/home/arpan/OTA/.cursor-tutor/ota_environment/data/raw/containers/yolo-perception/yolo-perception-layer-old.tar,/home/arpan/OTA/.cursor-tutor/ota_environment/data/raw/containers/yolo-perception/yolo-perception-layer-old.tar,0e8b0687acf08d383867dafd22ba867fb3829e05656edef718005071fdffdca8,20480,4,,3,1,1,,container_yolo_perception_update,deployment_aware_greedy,CPython,"3.12.7 | packaged by Anaconda, Inc. | (main, Oct  4 2024, 13:27:36) [GCC 11.2.0]",1,,True,True,0.0,False,False,0.009606,0.009606,containerized_yolo_perception_update,1,20480,False,1,Locally generated deterministic SmartOTA-Bench YOLO-style perception container fixture,9,0.012446,2026-07-17T15:45:42.120432+00:00,containers,True
True,True,True,5,0,True,e669a57fb08d98364bfc4188a4259b2d14d83698302da7cd0dcc57f9bed99e1c,0e8b0687acf08d383867dafd22ba867fb3829e05656edef718005071fdffdca8,perception_container_tar,rsync_rolling_hash,4096,4096,0,5,True,True,uncompressed,deterministic_tar_derivation,smartota-container-layers,1.2.6,0.26.2,1.26.4,2.20.0,2.12.0,True,True,True,True,B,e669a57fb08d98364bfc4188a4259b2d14d83698302da7cd0dcc57f9bed99e1c,0,1,True,0,,0,500000.0,10,True,5000000.0,always_pass,2,constrained,2000000.0,524288,45.0,True,True,8388608,streaming,12582912,20480,0.07835,45.0,16384,pass,A,0e8b0687acf08d383867dafd22ba867fb3829e05656edef718005071fdffdca8,complete,0.003277,20480,0,2,39175,39175,30231,4096,False,1,False,False,False,False,8388608,20480,False,1,0,0.081627,4,container_av_perception,45.0,0.004658,39175,5,2942cbde2fd344cccea23aabbe8d5bf168610c71,False,0.75,"{'interruption_percentage': 0.75, 'interrupted_after_operations': 4, 'operation_count': 5, 'checkpoint_available': False, 'checkpoint_operation_index': 0, 'resumed_from_checkpoint': False, 'recovery_strategy': 'failed', 'recovery_success': False, 'rollback_success': False, 'rollback_ready_at_interruption': False, 'final_replay_validity': False, 'replay_errors': '', 'recovery_errors': 'no checkpoint and rollback is not ready', 'extra_network_bytes': 0, 'extra_flash_writes': 0, 'total_network_bytes': 39004, 'total_flash_write_bytes': 16384, 'interrupted_metrics': {'install_state': 'interrupted', 'package_size_bytes': 39004, 'network_bytes': 39004, 'staging_area_bytes': 0, 'backup_area_bytes': 0, 'installed_image_bytes': 20480, 'current_persistent_storage_bytes': 20480, 'peak_persistent_storage_bytes': 30231, 'peak_ram_bytes': 4096, 'flash_write_bytes': 16384, 'download_time_s': 0.078008, 'install_time_s': 0.003277, 'total_time_s': 0.081285, 'checkpoint_count': 0, 'latest_checkpoint_operation': 0, 'rollback_ready': False, 'unsafe_overwrite_count': 4, 'budget_violation_count': 0, 'budget_violations': [], 'ab_enabled': True, 'active_slot': 'A', 'inactive_slot': 'B', 'active_version': '0e8b0687acf08d383867dafd22ba867fb3829e05656edef718005071fdffdca8', 'inactive_version': '0e8b0687acf08d383867dafd22ba867fb3829e05656edef718005071fdffdca8', 'slot_capacity_bytes': 8388608, 'boot_attempt_counter': 0, 'max_boot_attempts': 2, 'pending_activation': False, 'health_verdict': 'not_run', 'rollback_performed': False, 'ab_update_valid': False, 'ab_rollback_ready': True, 'slot_storage_bytes': 20480, 'slot_storage_violation': False, 'activation_success': False, 'boot_health_success': False, 'rollback_after_failed_boot': False, 'rollback_success': False, 'reboot_count': 0, 'downtime_seconds': 0.0, 'slot_switch_count': 0}, 'recovered_metrics': {}, 'recovery_cost': {'discarded_operation_count': 4, 'replayed_operation_count': 0, 'network_bytes': 0, 'flash_write_bytes': 0}}",interrupt_075,0,1,False,0,0,0,0,1,False,Synthetic fixture with no third-party model weights,16384,/home/arpan/OTA/.cursor-tutor/ota_environment/results/final_deterministic_benchmark_20260505/bounded_manifests/smartota-container-yolo-small-only.json,1,4096,/home/arpan/OTA/.cursor-tutor/ota_environment/data/raw/containers/yolo-perception/yolo-perception-layer-new.tar,/home/arpan/OTA/.cursor-tutor/ota_environment/data/raw/containers/yolo-perception/yolo-perception-layer-new.tar,e669a57fb08d98364bfc4188a4259b2d14d83698302da7cd0dcc57f9bed99e1c,20480,/home/arpan/OTA/.cursor-tutor/ota_environment/data/raw/containers/yolo-perception/yolo-perception-layer-old.tar,/home/arpan/OTA/.cursor-tutor/ota_environment/data/raw/containers/yolo-perception/yolo-perception-layer-old.tar,0e8b0687acf08d383867dafd22ba867fb3829e05656edef718005071fdffdca8,20480,,,,1,4,,container_yolo_perception_update,rsync_rolling_hash,CPython,"3.12.7 | packaged by Anaconda, Inc. | (main, Oct  4 2024, 13:27:36) [GCC 11.2.0]",1,,True,True,0.0,False,False,0.004658,0.004658,containerized_yolo_perception_update,1,20480,False,1,Locally generated deterministic SmartOTA-Bench YOLO-style perception container fixture,5,0.00538,2026-07-17T15:45:42.120432+00:00,containers,True
True,True,True,2,0,True,e669a57fb08d98364bfc4188a4259b2d14d83698302da7cd0dcc57f9bed99e1c,0e8b0687acf08d383867dafd22ba867fb3829e05656edef718005071fdffdca8,perception_container_tar,full_replacement,4096,4096,0,5,True,True,uncompressed,deterministic_tar_derivation,smartota-container-layers,1.2.6,0.26.2,1.26.4,2.20.0,2.12.0,True,True,True,True,B,e669a57fb08d98364bfc4188a4259b2d14d83698302da7cd0dcc57f9bed99e1c,0,1,True,0,,0,128000.0,5,True,1000000.0,always_pass,3,severe_edge_device,512000.0,131072,90.0,True,True,4194304,streaming,6291456,20480,0.375648,90.0,20480,pass,A,0e8b0687acf08d383867dafd22ba867fb3829e05656edef718005071fdffdca8,complete,0.02048,20480,0,3,48083,48083,84843,20480,False,1,False,False,False,False,4194304,20480,False,1,0,0.396128,1,container_av_perception,90.0,0.000406,48083,2,2942cbde2fd344cccea23aabbe8d5bf168610c71,False,0.25,"{'interruption_percentage': 0.25, 'interrupted_after_operations': 1, 'operation_count': 2, 'checkpoint_available': False, 'checkpoint_operation_index': 0, 'resumed_from_checkpoint': False, 'recovery_strategy': 'failed', 'recovery_success': False, 'rollback_success': False, 'rollback_ready_at_interruption': False, 'final_replay_validity': False, 'replay_errors': '', 'recovery_errors': 'no checkpoint and rollback is not ready', 'extra_network_bytes': 0, 'extra_flash_writes': 0, 'total_network_bytes': 47979, 'total_flash_write_bytes': 20480, 'interrupted_metrics': {'install_state': 'interrupted', 'package_size_bytes': 47979, 'network_bytes': 47979, 'staging_area_bytes': 0, 'backup_area_bytes': 0, 'installed_image_bytes': 36864, 'current_persistent_storage_bytes': 36864, 'peak_persistent_storage_bytes': 84843, 'peak_ram_bytes': 20480, 'flash_write_bytes': 20480, 'download_time_s': 0.374836, 'install_time_s': 0.02048, 'total_time_s': 0.395316, 'checkpoint_count': 0, 'latest_checkpoint_operation': 0, 'rollback_ready': False, 'unsafe_overwrite_count': 1, 'budget_violation_count': 0, 'budget_violations': [], 'ab_enabled': True, 'active_slot': 'A', 'inactive_slot': 'B', 'active_version': '0e8b0687acf08d383867dafd22ba867fb3829e05656edef718005071fdffdca8', 'inactive_version': '0e8b0687acf08d383867dafd22ba867fb3829e05656edef718005071fdffdca8', 'slot_capacity_bytes': 4194304, 'boot_attempt_counter': 0, 'max_boot_attempts': 3, 'pending_activation': False, 'health_verdict': 'not_run', 'rollback_performed': False, 'ab_update_valid': False, 'ab_rollback_ready': True, 'slot_storage_bytes': 20480, 'slot_storage_violation': False, 'activation_success': False, 'boot_health_success': False, 'rollback_after_failed_boot': False, 'rollback_success': False, 'reboot_count': 0, 'downtime_seconds': 0.0, 'slot_switch_count': 0}, 'recovered_metrics': {}, 'recovery_cost': {'discarded_operation_count': 1, 'replayed_operation_count': 0, 'network_bytes': 0, 'flash_write_bytes': 0}}",interrupt_025,0,1,False,0,0,0,0,1,False,Synthetic fixture with no third-party model weights,16384,/home/arpan/OTA/.cursor-tutor/ota_environment/results/final_deterministic_benchmark_20260505/bounded_manifests/smartota-container-yolo-small-only.json,1,20480,/home/arpan/OTA/.cursor-tutor/ota_environment/data/raw/containers/yolo-perception/yolo-perception-layer-new.tar,/home/arpan/OTA/.cursor-tutor/ota_environment/data/raw/containers/yolo-perception/yolo-perception-layer-new.tar,e669a57fb08d98364bfc4188a4259b2d14d83698302da7cd0dcc57f9bed99e1c,20480,/home/arpan/OTA/.cursor-tutor/ota_environment/data/raw/containers/yolo-perception/yolo-perception-layer-old.tar,/home/arpan/OTA/.cursor-tutor/ota_environment/data/raw/containers/yolo-perception/yolo-perception-layer-old.tar,0e8b0687acf08d383867dafd22ba867fb3829e05656edef718005071fdffdca8,20480,,,,,1,1,container_yolo_perception_update,full_replacement,CPython,"3.12.7 | packaged by Anaconda, Inc. | (main, Oct  4 2024, 13:27:36) [GCC 11.2.0]",1,,True,True,0.0,False,False,0.000406,0.000406,containerized_yolo_perception_update,1,20480,False,1,Locally generated deterministic SmartOTA-Bench YOLO-style perception container fixture,2,0.001104,2026-07-17T15:45:42.120432+00:00,containers,True
True,True,True,2,0,True,e669a57fb08d98364bfc4188a4259b2d14d83698302da7cd0dcc57f9bed99e1c,0e8b0687acf08d383867dafd22ba867fb3829e05656edef718005071fdffdca8,perception_container_tar,whole_file_bsdiff,4096,4096,0,5,True,True,uncompressed,deterministic_tar_derivation,smartota-container-layers,1.2.6,0.26.2,1.26.4,2.20.0,2.12.0,True,True,True,True,B,e669a57fb08d98364bfc4188a4259b2d14d83698302da7cd0dcc57f9bed99e1c,0,1,True,0,,0,128000.0,5,True,1000000.0,always_pass,3,severe_edge_device,512000.0,131072,90.0,True,True,4194304,streaming,6291456,20480,0.188117,90.0,20480,pass,A,0e8b0687acf08d383867dafd22ba867fb3829e05656edef718005071fdffdca8,complete,0.080349,20480,0,3,24079,24079,60839,51133,False,1,False,False,False,False,4194304,20480,False,1,0,0.268466,1,container_av_perception,90.0,0.00495,24079,2,2942cbde2fd344cccea23aabbe8d5bf168610c71,False,0.25,"{'interruption_percentage': 0.25, 'interrupted_after_operations': 1, 'operation_count': 2, 'checkpoint_available': False, 'checkpoint_operation_index': 0, 'resumed_from_checkpoint': False, 'recovery_strategy': 'failed', 'recovery_success': False, 'rollback_success': False, 'rollback_ready_at_interruption': False, 'final_replay_validity': False, 'replay_errors': '', 'recovery_errors': 'no checkpoint and rollback is not ready', 'extra_network_bytes': 0, 'extra_flash_writes': 0, 'total_network_bytes': 23975, 'total_flash_write_bytes': 20480, 'interrupted_metrics': {'install_state': 'interrupted', 'package_size_bytes': 23975, 'network_bytes': 23975, 'staging_area_bytes': 0, 'backup_area_bytes': 0, 'installed_image_bytes': 36864, 'current_persistent_storage_bytes': 36864, 'peak_persistent_storage_bytes': 60839, 'peak_ram_bytes': 51133, 'flash_write_bytes': 20480, 'download_time_s': 0.187305, 'install_time_s': 0.080349, 'total_time_s': 0.267654, 'checkpoint_count': 0, 'latest_checkpoint_operation': 0, 'rollback_ready': False, 'unsafe_overwrite_count': 1, 'budget_violation_count': 0, 'budget_violations': [], 'ab_enabled': True, 'active_slot': 'A', 'inactive_slot': 'B', 'active_version': '0e8b0687acf08d383867dafd22ba867fb3829e05656edef718005071fdffdca8', 'inactive_version': '0e8b0687acf08d383867dafd22ba867fb3829e05656edef718005071fdffdca8', 'slot_capacity_bytes': 4194304, 'boot_attempt_counter': 0, 'max_boot_attempts': 3, 'pending_activation': False, 'health_verdict': 'not_run', 'rollback_performed': False, 'ab_update_valid': False, 'ab_rollback_ready': True, 'slot_storage_bytes': 20480, 'slot_storage_violation': False, 'activation_success': False, 'boot_health_success': False, 'rollback_after_failed_boot': False, 'rollback_success': False, 'reboot_count': 0, 'downtime_seconds': 0.0, 'slot_switch_count': 0}, 'recovered_metrics': {}, 'recovery_cost': {'discarded_operation_count': 1, 'replayed_operation_count': 0, 'network_bytes': 0, 'flash_write_bytes': 0}}",interrupt_025,0,1,False,0,0,0,0,1,False,Synthetic fixture with no third-party model weights,16384,/home/arpan/OTA/.cursor-tutor/ota_environment/results/final_deterministic_benchmark_20260505/bounded_manifests/smartota-container-yolo-small-only.json,1,51133,/home/arpan/OTA/.cursor-tutor/ota_environment/data/raw/containers/yolo-perception/yolo-perception-layer-new.tar,/home/arpan/OTA/.cursor-tutor/ota_environment/data/raw/containers/yolo-perception/yolo-perception-layer-new.tar,e669a57fb08d98364bfc4188a4259b2d14d83698302da7cd0dcc57f9bed99e1c,20480,/home/arpan/OTA/.cursor-tutor/ota_environment/data/raw/containers/yolo-perception/yolo-perception-layer-old.tar,/home/arpan/OTA/.cursor-tutor/ota_environment/data/raw/containers/yolo-perception/yolo-perception-layer-old.tar,0e8b0687acf08d383867dafd22ba867fb3829e05656edef718005071fdffdca8,20480,,,1,,,1,container_yolo_perception_update,whole_file_bsdiff,CPython,"3.12.7 | packaged by Anaconda, Inc. | (main, Oct  4 2024, 13:27:36) [GCC 11.2.0]",1,,True,True,0.0,False,False,0.00495,0.00495,containerized_yolo_perception_update,1,20480,False,1,Locally generated deterministic SmartOTA-Bench YOLO-style perception container fixture,2,0.006707,2026-07-17T15:45:42.120432+00:00,containers,True
True,True,True,5,0,True,e669a57fb08d98364bfc4188a4259b2d14d83698302da7cd0dcc57f9bed99e1c,0e8b0687acf08d383867dafd22ba867fb3829e05656edef718005071fdffdca8,perception_container_tar,blockwise_bsdiff,4096,4096,0,5,True,True,uncompressed,deterministic_tar_derivation,smartota-container-layers,1.2.6,0.26.2,1.26.4,2.20.0,2.12.0,True,True,True,True,B,e669a57fb08d98364bfc4188a4259b2d14d83698302da7cd0dcc57f9bed99e1c,0,1,True,0,,1,128000.0,5,True,1000000.0,always_pass,3,severe_edge_device,512000.0,131072,90.0,True,True,4194304,streaming,6291456,20480,0.217508,90.0,16384,pass,A,0e8b0687acf08d383867dafd22ba867fb3829e05656edef718005071fdffdca8,complete,0.070818,20480,5,3,27841,27841,31559,12847,False,1,False,False,False,False,4194304,20480,False,1,0,0.288325,4,container_av_perception,90.0,0.005817,27841,5,2942cbde2fd344cccea23aabbe8d5bf168610c71,False,0.25,"{'interruption_percentage': 0.25, 'interrupted_after_operations': 2, 'operation_count': 5, 'checkpoint_available': False, 'checkpoint_operation_index': 0, 'resumed_from_checkpoint': False, 'recovery_strategy': 'failed', 'recovery_success': False, 'rollback_success': False, 'rollback_ready_at_interruption': False, 'final_replay_validity': False, 'replay_errors': '', 'recovery_errors': 'no checkpoint and rollback is not ready', 'extra_network_bytes': 0, 'extra_flash_writes': 0, 'total_network_bytes': 8998, 'total_flash_write_bytes': 8192, 'interrupted_metrics': {'install_state': 'interrupted', 'package_size_bytes': 8998, 'network_bytes': 8998, 'staging_area_bytes': 0, 'backup_area_bytes': 0, 'installed_image_bytes': 20480, 'current_persistent_storage_bytes': 20480, 'peak_persistent_storage_bytes': 28515, 'peak_ram_bytes': 11543, 'flash_write_bytes': 8192, 'download_time_s': 0.070297, 'install_time_s': 0.03136, 'total_time_s': 0.101657, 'checkpoint_count': 0, 'latest_checkpoint_operation': 0, 'rollback_ready': False, 'unsafe_overwrite_count': 2, 'budget_violation_count': 0, 'budget_violations': [], 'ab_enabled': True, 'active_slot': 'A', 'inactive_slot': 'B', 'active_version': '0e8b0687acf08d383867dafd22ba867fb3829e05656edef718005071fdffdca8', 'inactive_version': '0e8b0687acf08d383867dafd22ba867fb3829e05656edef718005071fdffdca8', 'slot_capacity_bytes': 4194304, 'boot_attempt_counter': 0, 'max_boot_attempts': 3, 'pending_activation': False, 'health_verdict': 'not_run', 'rollback_performed': False, 'ab_update_valid': False, 'ab_rollback_ready': True, 'slot_storage_bytes': 20480, 'slot_storage_violation': False, 'activation_success': False, 'boot_health_success': False, 'rollback_after_failed_boot': False, 'rollback_success': False, 'reboot_count': 0, 'downtime_seconds': 0.0, 'slot_switch_count': 0}, 'recovered_metrics': {}, 'recovery_cost': {'discarded_operation_count': 2, 'replayed_operation_count': 0, 'network_bytes': 0, 'flash_write_bytes': 0}}",interrupt_025,0,1,False,0,0,0,0,1,False,Synthetic fixture with no third-party model weights,16384,/home/arpan/OTA/.cursor-tutor/ota_environment/results/final_deterministic_benchmark_20260505/bounded_manifests/smartota-container-yolo-small-only.json,1,12847,/home/arpan/OTA/.cursor-tutor/ota_environment/data/raw/containers/yolo-perception/yolo-perception-layer-new.tar,/home/arpan/OTA/.cursor-tutor/ota_environment/data/raw/containers/yolo-perception/yolo-perception-layer-new.tar,e669a57fb08d98364bfc4188a4259b2d14d83698302da7cd0dcc57f9bed99e1c,20480,/home/arpan/OTA/.cursor-tutor/ota_environment/data/raw/containers/yolo-perception/yolo-perception-layer-old.tar,/home/arpan/OTA/.cursor-tutor/ota_environment/data/raw/containers/yolo-perception/yolo-perception-layer-old.tar,0e8b0687acf08d383867dafd22ba867fb3829e05656edef718005071fdffdca8,20480,,,4,1,,,container_yolo_perception_update,blockwise_bsdiff,CPython,"3.12.7 | packaged by Anaconda, Inc. | (main, Oct  4 2024, 13:27:36) [GCC 11.2.0]",1,,True,True,0.0,False,False,0.005817,0.005817,containerized_yolo_perception_update,1,20480,False,1,Locally generated deterministic SmartOTA-Bench YOLO-style perception container fixture,5,0.007375,2026-07-17T15:45:42.120432+00:00,containers,True
True,True,True,5,0,True,e669a57fb08d98364bfc4188a4259b2d14d83698302da7cd0dcc57f9bed99e1c,0e8b0687acf08d383867dafd22ba867fb3829e05656edef718005071fdffdca8,perception_container_tar,copy_only,4096,4096,0,5,True,True,uncompressed,deterministic_tar_derivation,smartota-container-layers,1.2.6,0.26.2,1.26.4,2.20.0,2.12.0,True,True,True,True,B,e669a57fb08d98364bfc4188a4259b2d14d83698302da7cd0dcc57f9bed99e1c,0,1,True,0,,1,128000.0,5,True,1000000.0,always_pass,3,severe_edge_device,512000.0,131072,90.0,True,True,4194304,streaming,6291456,20480,0.306055,90.0,16384,pass,A,0e8b0687acf08d383867dafd22ba867fb3829e05656edef718005071fdffdca8,complete,0.016384,20480,5,3,39175,39175,30231,4096,False,1,False,False,False,False,4194304,20480,False,1,0,0.322439,4,container_av_perception,90.0,0.00051,39175,5,2942cbde2fd344cccea23aabbe8d5bf168610c71,False,0.25,"{'interruption_percentage': 0.25, 'interrupted_after_operations': 2, 'operation_count': 5, 'checkpoint_available': False, 'checkpoint_operation_index': 0, 'resumed_from_checkpoint': False, 'recovery_strategy': 'failed', 'recovery_success': False, 'rollback_success': False, 'rollback_ready_at_interruption': False, 'final_replay_validity': False, 'replay_errors': '', 'recovery_errors': 'no checkpoint and rollback is not ready', 'extra_network_bytes': 0, 'extra_flash_writes': 0, 'total_network_bytes': 19502, 'total_flash_write_bytes': 8192, 'interrupted_metrics': {'install_state': 'interrupted', 'package_size_bytes': 19502, 'network_bytes': 19502, 'staging_area_bytes': 0, 'backup_area_bytes': 0, 'installed_image_bytes': 20480, 'current_persistent_storage_bytes': 20480, 'peak_persistent_storage_bytes': 30231, 'peak_ram_bytes': 4096, 'flash_write_bytes': 8192, 'download_time_s': 0.152359, 'install_time_s': 0.008192, 'total_time_s': 0.160551, 'checkpoint_count': 0, 'latest_checkpoint_operation': 0, 'rollback_ready': False, 'unsafe_overwrite_count': 2, 'budget_violation_count': 0, 'budget_violations': [], 'ab_enabled': True, 'active_slot': 'A', 'inactive_slot': 'B', 'active_version': '0e8b0687acf08d383867dafd22ba867fb3829e05656edef718005071fdffdca8', 'inactive_version': '0e8b0687acf08d383867dafd22ba867fb3829e05656edef718005071fdffdca8', 'slot_capacity_bytes': 4194304, 'boot_attempt_counter': 0, 'max_boot_attempts': 3, 'pending_activation': False, 'health_verdict': 'not_run', 'rollback_performed': False, 'ab_update_valid': False, 'ab_rollback_ready': True, 'slot_storage_bytes': 20480, 'slot_storage_violation': False, 'activation_success': False, 'boot_health_success': False, 'rollback_after_failed_boot': False, 'rollback_success': False, 'reboot_count': 0, 'downtime_seconds': 0.0, 'slot_switch_count': 0}, 'recovered_metrics': {}, 'recovery_cost': {'discarded_operation_count': 2, 'replayed_operation_count': 0, 'network_bytes': 0, 'flash_write_bytes': 0}}",interrupt_025,0,1,False,0,0,0,0,1,False,Synthetic fixture with no third-party model weights,16384,/home/arpan/OTA/.cursor-tutor/ota_environment/results/final_deterministic_benchmark_20260505/bounded_manifests/smartota-container-yolo-small-only.json,1,4096,/home/arpan/OTA/.cursor-tutor/ota_environment/data/raw/containers/yolo-perception/yolo-perception-layer-new.tar,/home/arpan/OTA/.cursor-tutor/ota_environment/data/raw/containers/yolo-perception/yolo-perception-layer-new.tar,e669a57fb08d98364bfc4188a4259b2d14d83698302da7cd0dcc57f9bed99e1c,20480,/home/arpan/OTA/.cursor-tutor/ota_environment/data/raw/containers/yolo-perception/yolo-perception-layer-old.tar,/home/arpan/OTA/.cursor-tutor/ota_environment/data/raw/containers/yolo-perception/yolo-perception-layer-old.tar,0e8b0687acf08d383867dafd22ba867fb3829e05656edef718005071fdffdca8,20480,,,,1,4,,container_yolo_perception_update,copy_only,CPython,"3.12.7 | packaged by Anaconda, Inc. | (main, Oct  4 2024, 13:27:36) [GCC 11.2.0]",1,,True,True,0.0,False,False,0.00051,0.00051,containerized_yolo_perception_update,1,20480,False,1,Locally generated deterministic SmartOTA-Bench YOLO-style perception container fixture,5,0.001132,2026-07-17T15:45:42.120432+00:00,containers,True
True,True,True,5,0,True,e669a57fb08d98364bfc4188a4259b2d14d83698302da7cd0dcc57f9bed99e1c,0e8b0687acf08d383867dafd22ba867fb3829e05656edef718005071fdffdca8,perception_container_tar,copy_delta,4096,4096,0,5,True,True,uncompressed,deterministic_tar_derivation,smartota-container-layers,1.2.6,0.26.2,1.26.4,2.20.0,2.12.0,True,True,True,True,B,e669a57fb08d98364bfc4188a4259b2d14d83698302da7cd0dcc57f9bed99e1c,0,1,True,0,,1,128000.0,5,True,1000000.0,always_pass,3,severe_edge_device,512000.0,131072,90.0,True,True,4194304,streaming,6291456,20480,0.207133,90.0,16384,pass,A,0e8b0687acf08d383867dafd22ba867fb3829e05656edef718005071fdffdca8,complete,0.053726,20480,5,3,26513,26513,30231,11543,False,1,False,False,False,False,4194304,20480,False,1,0,0.260859,4,container_av_perception,90.0,0.005419,26513,5,2942cbde2fd344cccea23aabbe8d5bf168610c71,False,0.25,"{'interruption_percentage': 0.25, 'interrupted_after_operations': 2, 'operation_count': 5, 'checkpoint_available': False, 'checkpoint_operation_index': 0, 'resumed_from_checkpoint': False, 'recovery_strategy': 'failed', 'recovery_success': False, 'rollback_success': False, 'rollback_ready_at_interruption': False, 'final_replay_validity': False, 'replay_errors': '', 'recovery_errors': 'no checkpoint and rollback is not ready', 'extra_network_bytes': 0, 'extra_flash_writes': 0, 'total_network_bytes': 8998, 'total_flash_write_bytes': 8192, 'interrupted_metrics': {'install_state': 'interrupted', 'package_size_bytes': 8998, 'network_bytes': 8998, 'staging_area_bytes': 0, 'backup_area_bytes': 0, 'installed_image_bytes': 20480, 'current_persistent_storage_bytes': 20480, 'peak_persistent_storage_bytes': 28515, 'peak_ram_bytes': 11543, 'flash_write_bytes': 8192, 'download_time_s': 0.070297, 'install_time_s': 0.03136, 'total_time_s': 0.101657, 'checkpoint_count': 0, 'latest_checkpoint_operation': 0, 'rollback_ready': False, 'unsafe_overwrite_count': 2, 'budget_violation_count': 0, 'budget_violations': [], 'ab_enabled': True, 'active_slot': 'A', 'inactive_slot': 'B', 'active_version': '0e8b0687acf08d383867dafd22ba867fb3829e05656edef718005071fdffdca8', 'inactive_version': '0e8b0687acf08d383867dafd22ba867fb3829e05656edef718005071fdffdca8', 'slot_capacity_bytes': 4194304, 'boot_attempt_counter': 0, 'max_boot_attempts': 3, 'pending_activation': False, 'health_verdict': 'not_run', 'rollback_performed': False, 'ab_update_valid': False, 'ab_rollback_ready': True, 'slot_storage_bytes': 20480, 'slot_storage_violation': False, 'activation_success': False, 'boot_health_success': False, 'rollback_after_failed_boot': False, 'rollback_success': False, 'reboot_count': 0, 'downtime_seconds': 0.0, 'slot_switch_count': 0}, 'recovered_metrics': {}, 'recovery_cost': {'discarded_operation_count': 2, 'replayed_operation_count': 0, 'network_bytes': 0, 'flash_write_bytes': 0}}",interrupt_025,0,1,False,0,0,0,0,1,False,Synthetic fixture with no third-party model weights,16384,/home/arpan/OTA/.cursor-tutor/ota_environment/results/final_deterministic_benchmark_20260505/bounded_manifests/smartota-container-yolo-small-only.json,1,11543,/home/arpan/OTA/.cursor-tutor/ota_environment/data/raw/containers/yolo-perception/yolo-perception-layer-new.tar,/home/arpan/OTA/.cursor-tutor/ota_environment/data/raw/containers/yolo-perception/yolo-perception-layer-new.tar,e669a57fb08d98364bfc4188a4259b2d14d83698302da7cd0dcc57f9bed99e1c,20480,/home/arpan/OTA/.cursor-tutor/ota_environment/data/raw/containers/yolo-perception/yolo-perception-layer-old.tar,/home/arpan/OTA/.cursor-tutor/ota_environment/data/raw/containers/yolo-perception/yolo-perception-layer-old.tar,0e8b0687acf08d383867dafd22ba867fb3829e05656edef718005071fdffdca8,20480,,,3,1,1,,container_yolo_perception_update,copy_delta,CPython,"3.12.7 | packaged by Anaconda, Inc. | (main, Oct  4 2024, 13:27:36) [GCC 11.2.0]",1,,True,True,0.0,False,False,0.005419,0.005419,containerized_yolo_perception_update,1,20480,False,1,Locally generated deterministic SmartOTA-Bench YOLO-style perception container fixture,5,0.006716,2026-07-17T15:45:42.120432+00:00,containers,True
True,True,True,5,4,True,e669a57fb08d98364bfc4188a4259b2d14d83698302da7cd0dcc57f9bed99e1c,0e8b0687acf08d383867dafd22ba867fb3829e05656edef718005071fdffdca8,perception_container_tar,backup_safe_copy_delta,4096,4096,0,5,True,True,uncompressed,deterministic_tar_derivation,smartota-container-layers,1.2.6,0.26.2,1.26.4,2.20.0,2.12.0,True,True,True,True,B,e669a57fb08d98364bfc4188a4259b2d14d83698302da7cd0dcc57f9bed99e1c,16384,1,True,0,,1,128000.0,5,True,1000000.0,always_pass,3,severe_edge_device,512000.0,131072,90.0,True,True,4194304,streaming,6291456,36864,0.210758,90.0,32768,pass,A,0e8b0687acf08d383867dafd22ba867fb3829e05656edef718005071fdffdca8,complete,0.07011,20480,5,3,26977,26977,44457,11543,False,1,False,False,True,False,4194304,20480,False,1,0,0.280868,0,container_av_perception,90.0,0.010155,26977,9,2942cbde2fd344cccea23aabbe8d5bf168610c71,False,0.25,"{'interruption_percentage': 0.25, 'interrupted_after_operations': 3, 'operation_count': 9, 'checkpoint_available': False, 'checkpoint_operation_index': 0, 'resumed_from_checkpoint': False, 'recovery_strategy': 'rollback_reinstall', 'recovery_success': True, 'rollback_success': True, 'rollback_ready_at_interruption': True, 'final_replay_validity': True, 'replay_errors': '', 'recovery_errors': '', 'extra_network_bytes': 1195, 'extra_flash_writes': 12288, 'total_network_bytes': 28172, 'total_flash_write_bytes': 45056, 'interrupted_metrics': {'install_state': 'interrupted', 'package_size_bytes': 1195, 'network_bytes': 1195, 'staging_area_bytes': 0, 'backup_area_bytes': 8192, 'installed_image_bytes': 20480, 'current_persistent_storage_bytes': 28672, 'peak_persistent_storage_bytes': 28672, 'peak_ram_bytes': 8511, 'flash_write_bytes': 12288, 'download_time_s': 0.009336, 'install_time_s': 0.020911, 'total_time_s': 0.030247, 'checkpoint_count': 0, 'latest_checkpoint_operation': 0, 'rollback_ready': True, 'unsafe_overwrite_count': 0, 'budget_violation_count': 0, 'budget_violations': [], 'ab_enabled': True, 'active_slot': 'A', 'inactive_slot': 'B', 'active_version': '0e8b0687acf08d383867dafd22ba867fb3829e05656edef718005071fdffdca8', 'inactive_version': '0e8b0687acf08d383867dafd22ba867fb3829e05656edef718005071fdffdca8', 'slot_capacity_bytes': 4194304, 'boot_attempt_counter': 0, 'max_boot_attempts': 3, 'pending_activation': False, 'health_verdict': 'not_run', 'rollback_performed': False, 'ab_update_valid': False, 'ab_rollback_ready': True, 'slot_storage_bytes': 20480, 'slot_storage_violation': False, 'activation_success': False, 'boot_health_success': False, 'rollback_after_failed_boot': False, 'rollback_success': False, 'reboot_count': 0, 'downtime_seconds': 0.0, 'slot_switch_count': 0}, 'recovered_metrics': {'install_state': 'complete', 'package_size_bytes': 28172, 'network_bytes': 28172, 'staging_area_bytes': 0, 'backup_area_bytes': 16384, 'installed_image_bytes': 20480, 'current_persistent_storage_bytes': 36864, 'peak_persistent_storage_bytes': 44457, 'peak_ram_bytes': 11543, 'flash_write_bytes': 45056, 'download_time_s': 0.220094, 'install_time_s': 0.091021, 'total_time_s': 0.311115, 'checkpoint_count': 2, 'latest_checkpoint_operation': 10, 'rollback_ready': True, 'unsafe_overwrite_count': 0, 'budget_violation_count': 0, 'budget_violations': [], 'ab_enabled': True, 'active_slot': 'B', 'inactive_slot': 'A', 'active_version': 'e669a57fb08d98364bfc4188a4259b2d14d83698302da7cd0dcc57f9bed99e1c', 'inactive_version': '0e8b0687acf08d383867dafd22ba867fb3829e05656edef718005071fdffdca8', 'slot_capacity_bytes': 4194304, 'boot_attempt_counter': 1, 'max_boot_attempts': 3, 'pending_activation': False, 'health_verdict': 'pass', 'rollback_performed': False, 'ab_update_valid': True, 'ab_rollback_ready': True, 'slot_storage_bytes': 20480, 'slot_storage_violation': False, 'activation_success': True, 'boot_health_success': True, 'rollback_after_failed_boot': False, 'rollback_success': False, 'reboot_count': 1, 'downtime_seconds': 90.0, 'slot_switch_count': 1}, 'recovery_cost': {'discarded_operation_count': 3, 'replayed_operation_count': 9, 'network_bytes': 26977, 'flash_write_bytes': 32768}}",interrupt_025,0,0,True,12288,1195,9,1,1,False,Synthetic fixture with no third-party model weights,16384,/home/arpan/OTA/.cursor-tutor/ota_environment/results/final_deterministic_benchmark_20260505/bounded_manifests/smartota-container-yolo-small-only.json,1,11543,/home/arpan/OTA/.cursor-tutor/ota_environment/data/raw/containers/yolo-perception/yolo-perception-layer-new.tar,/home/arpan/OTA/.cursor-tutor/ota_environment/data/raw/containers/yolo-perception/yolo-perception-layer-new.tar,e669a57fb08d98364bfc4188a4259b2d14d83698302da7cd0dcc57f9bed99e1c,20480,/home/arpan/OTA/.cursor-tutor/ota_environment/data/raw/containers/yolo-perception/yolo-perception-layer-old.tar,/home/arpan/OTA/.cursor-tutor/ota_environment/data/raw/containers/yolo-perception/yolo-perception-layer-old.tar,0e8b0687acf08d383867dafd22ba867fb3829e05656edef718005071fdffdca8,20480,4,,3,1,1,,container_yolo_perception_update,backup_safe_copy_delta,CPython,"3.12.7 | packaged by Anaconda, Inc. | (main, Oct  4 2024, 13:27:36) [GCC 11.2.0]",1,,True,True,0.0,False,False,0.010155,0.010155,containerized_yolo_perception_update,1,20480,False,1,Locally generated deterministic SmartOTA-Bench YOLO-style perception container fixture,9,0.012875,2026-07-17T15:45:42.120432+00:00,containers,True
True,True,True,5,4,True,e669a57fb08d98364bfc4188a4259b2d14d83698302da7cd0dcc57f9bed99e1c,0e8b0687acf08d383867dafd22ba867fb3829e05656edef718005071fdffdca8,perception_container_tar,deployment_aware_greedy,4096,4096,0,5,True,True,uncompressed,deterministic_tar_derivation,smartota-container-layers,1.2.6,0.26.2,1.26.4,2.20.0,2.12.0,True,True,True,True,B,e669a57fb08d98364bfc4188a4259b2d14d83698302da7cd0dcc57f9bed99e1c,16384,1,True,0,,1,128000.0,5,True,1000000.0,always_pass,3,severe_edge_device,512000.0,131072,90.0,True,True,4194304,streaming,6291456,36864,0.210758,90.0,32768,pass,A,0e8b0687acf08d383867dafd22ba867fb3829e05656edef718005071fdffdca8,complete,0.07011,20480,5,3,26977,26977,44457,11543,False,1,False,False,True,False,4194304,20480,False,1,0,0.280868,0,container_av_perception,90.0,0.009825,26977,9,2942cbde2fd344cccea23aabbe8d5bf168610c71,False,0.25,"{'interruption_percentage': 0.25, 'interrupted_after_operations': 3, 'operation_count': 9, 'checkpoint_available': False, 'checkpoint_operation_index': 0, 'resumed_from_checkpoint': False, 'recovery_strategy': 'rollback_reinstall', 'recovery_success': True, 'rollback_success': True, 'rollback_ready_at_interruption': True, 'final_replay_validity': True, 'replay_errors': '', 'recovery_errors': '', 'extra_network_bytes': 1195, 'extra_flash_writes': 12288, 'total_network_bytes': 28172, 'total_flash_write_bytes': 45056, 'interrupted_metrics': {'install_state': 'interrupted', 'package_size_bytes': 1195, 'network_bytes': 1195, 'staging_area_bytes': 0, 'backup_area_bytes': 8192, 'installed_image_bytes': 20480, 'current_persistent_storage_bytes': 28672, 'peak_persistent_storage_bytes': 28672, 'peak_ram_bytes': 8511, 'flash_write_bytes': 12288, 'download_time_s': 0.009336, 'install_time_s': 0.020911, 'total_time_s': 0.030247, 'checkpoint_count': 0, 'latest_checkpoint_operation': 0, 'rollback_ready': True, 'unsafe_overwrite_count': 0, 'budget_violation_count': 0, 'budget_violations': [], 'ab_enabled': True, 'active_slot': 'A', 'inactive_slot': 'B', 'active_version': '0e8b0687acf08d383867dafd22ba867fb3829e05656edef718005071fdffdca8', 'inactive_version': '0e8b0687acf08d383867dafd22ba867fb3829e05656edef718005071fdffdca8', 'slot_capacity_bytes': 4194304, 'boot_attempt_counter': 0, 'max_boot_attempts': 3, 'pending_activation': False, 'health_verdict': 'not_run', 'rollback_performed': False, 'ab_update_valid': False, 'ab_rollback_ready': True, 'slot_storage_bytes': 20480, 'slot_storage_violation': False, 'activation_success': False, 'boot_health_success': False, 'rollback_after_failed_boot': False, 'rollback_success': False, 'reboot_count': 0, 'downtime_seconds': 0.0, 'slot_switch_count': 0}, 'recovered_metrics': {'install_state': 'complete', 'package_size_bytes': 28172, 'network_bytes': 28172, 'staging_area_bytes': 0, 'backup_area_bytes': 16384, 'installed_image_bytes': 20480, 'current_persistent_storage_bytes': 36864, 'peak_persistent_storage_bytes': 44457, 'peak_ram_bytes': 11543, 'flash_write_bytes': 45056, 'download_time_s': 0.220094, 'install_time_s': 0.091021, 'total_time_s': 0.311115, 'checkpoint_count': 2, 'latest_checkpoint_operation': 10, 'rollback_ready': True, 'unsafe_overwrite_count': 0, 'budget_violation_count': 0, 'budget_violations': [], 'ab_enabled': True, 'active_slot': 'B', 'inactive_slot': 'A', 'active_version': 'e669a57fb08d98364bfc4188a4259b2d14d83698302da7cd0dcc57f9bed99e1c', 'inactive_version': '0e8b0687acf08d383867dafd22ba867fb3829e05656edef718005071fdffdca8', 'slot_capacity_bytes': 4194304, 'boot_attempt_counter': 1, 'max_boot_attempts': 3, 'pending_activation': False, 'health_verdict': 'pass', 'rollback_performed': False, 'ab_update_valid': True, 'ab_rollback_ready': True, 'slot_storage_bytes': 20480, 'slot_storage_violation': False, 'activation_success': True, 'boot_health_success': True, 'rollback_after_failed_boot': False, 'rollback_success': False, 'reboot_count': 1, 'downtime_seconds': 90.0, 'slot_switch_count': 1}, 'recovery_cost': {'discarded_operation_count': 3, 'replayed_operation_count': 9, 'network_bytes': 26977, 'flash_write_bytes': 32768}}",interrupt_025,0,0,True,12288,1195,9,1,1,False,Synthetic fixture with no third-party model weights,16384,/home/arpan/OTA/.cursor-tutor/ota_environment/results/final_deterministic_benchmark_20260505/bounded_manifests/smartota-container-yolo-small-only.json,1,11543,/home/arpan/OTA/.cursor-tutor/ota_environment/data/raw/containers/yolo-perception/yolo-perception-layer-new.tar,/home/arpan/OTA/.cursor-tutor/ota_environment/data/raw/containers/yolo-perception/yolo-perception-layer-new.tar,e669a57fb08d98364bfc4188a4259b2d14d83698302da7cd0dcc57f9bed99e1c,20480,/home/arpan/OTA/.cursor-tutor/ota_environment/data/raw/containers/yolo-perception/yolo-perception-layer-old.tar,/home/arpan/OTA/.cursor-tutor/ota_environment/data/raw/containers/yolo-perception/yolo-perception-layer-old.tar,0e8b0687acf08d383867dafd22ba867fb3829e05656edef718005071fdffdca8,20480,4,,3,1,1,,container_yolo_perception_update,deployment_aware_greedy,CPython,"3.12.7 | packaged by Anaconda, Inc. | (main, Oct  4 2024, 13:27:36) [GCC 11.2.0]",1,,True,True,0.0,False,False,0.009825,0.009825,containerized_yolo_perception_update,1,20480,False,1,Locally generated deterministic SmartOTA-Bench YOLO-style perception container fixture,9,0.012511,2026-07-17T15:45:42.120432+00:00,containers,True
True,True,True,5,0,True,e669a57fb08d98364bfc4188a4259b2d14d83698302da7cd0dcc57f9bed99e1c,0e8b0687acf08d383867dafd22ba867fb3829e05656edef718005071fdffdca8,perception_container_tar,rsync_rolling_hash,4096,4096,0,5,True,True,uncompressed,deterministic_tar_derivation,smartota-container-layers,1.2.6,0.26.2,1.26.4,2.20.0,2.12.0,True,True,True,True,B,e669a57fb08d98364bfc4188a4259b2d14d83698302da7cd0dcc57f9bed99e1c,0,1,True,0,,1,128000.0,5,True,1000000.0,always_pass,3,severe_edge_device,512000.0,131072,90.0,True,True,4194304,streaming,6291456,20480,0.306055,90.0,16384,pass,A,0e8b0687acf08d383867dafd22ba867fb3829e05656edef718005071fdffdca8,complete,0.016384,20480,5,3,39175,39175,30231,4096,False,1,False,False,False,False,4194304,20480,False,1,0,0.322439,4,container_av_perception,90.0,0.004705,39175,5,2942cbde2fd344cccea23aabbe8d5bf168610c71,False,0.25,"{'interruption_percentage': 0.25, 'interrupted_after_operations': 2, 'operation_count': 5, 'checkpoint_available': False, 'checkpoint_operation_index': 0, 'resumed_from_checkpoint': False, 'recovery_strategy': 'failed', 'recovery_success': False, 'rollback_success': False, 'rollback_ready_at_interruption': False, 'final_replay_validity': False, 'replay_errors': '', 'recovery_errors': 'no checkpoint and rollback is not ready', 'extra_network_bytes': 0, 'extra_flash_writes': 0, 'total_network_bytes': 19502, 'total_flash_write_bytes': 8192, 'interrupted_metrics': {'install_state': 'interrupted', 'package_size_bytes': 19502, 'network_bytes': 19502, 'staging_area_bytes': 0, 'backup_area_bytes': 0, 'installed_image_bytes': 20480, 'current_persistent_storage_bytes': 20480, 'peak_persistent_storage_bytes': 30231, 'peak_ram_bytes': 4096, 'flash_write_bytes': 8192, 'download_time_s': 0.152359, 'install_time_s': 0.008192, 'total_time_s': 0.160551, 'checkpoint_count': 0, 'latest_checkpoint_operation': 0, 'rollback_ready': False, 'unsafe_overwrite_count': 2, 'budget_violation_count': 0, 'budget_violations': [], 'ab_enabled': True, 'active_slot': 'A', 'inactive_slot': 'B', 'active_version': '0e8b0687acf08d383867dafd22ba867fb3829e05656edef718005071fdffdca8', 'inactive_version': '0e8b0687acf08d383867dafd22ba867fb3829e05656edef718005071fdffdca8', 'slot_capacity_bytes': 4194304, 'boot_attempt_counter': 0, 'max_boot_attempts': 3, 'pending_activation': False, 'health_verdict': 'not_run', 'rollback_performed': False, 'ab_update_valid': False, 'ab_rollback_ready': True, 'slot_storage_bytes': 20480, 'slot_storage_violation': False, 'activation_success': False, 'boot_health_success': False, 'rollback_after_failed_boot': False, 'rollback_success': False, 'reboot_count': 0, 'downtime_seconds': 0.0, 'slot_switch_count': 0}, 'recovered_metrics': {}, 'recovery_cost': {'discarded_operation_count': 2, 'replayed_operation_count': 0, 'network_bytes': 0, 'flash_write_bytes': 0}}",interrupt_025,0,1,False,0,0,0,0,1,False,Synthetic fixture with no third-party model weights,16384,/home/arpan/OTA/.cursor-tutor/ota_environment/results/final_deterministic_benchmark_20260505/bounded_manifests/smartota-container-yolo-small-only.json,1,4096,/home/arpan/OTA/.cursor-tutor/ota_environment/data/raw/containers/yolo-perception/yolo-perception-layer-new.tar,/home/arpan/OTA/.cursor-tutor/ota_environment/data/raw/containers/yolo-perception/yolo-perception-layer-new.tar,e669a57fb08d98364bfc4188a4259b2d14d83698302da7cd0dcc57f9bed99e1c,20480,/home/arpan/OTA/.cursor-tutor/ota_environment/data/raw/containers/yolo-perception/yolo-perception-layer-old.tar,/home/arpan/OTA/.cursor-tutor/ota_environment/data/raw/containers/yolo-perception/yolo-perception-layer-old.tar,0e8b0687acf08d383867dafd22ba867fb3829e05656edef718005071fdffdca8,20480,,,,1,4,,container_yolo_perception_update,rsync_rolling_hash,CPython,"3.12.7 | packaged by Anaconda, Inc. | (main, Oct  4 2024, 13:27:36) [GCC 11.2.0]",1,,True,True,0.0,False,False,0.004705,0.004705,containerized_yolo_perception_update,1,20480,False,1,Locally generated deterministic SmartOTA-Bench YOLO-style perception container fixture,5,0.00537,2026-07-17T15:45:42.120432+00:00,containers,True
True,True,True,2,0,True,e669a57fb08d98364bfc4188a4259b2d14d83698302da7cd0dcc57f9bed99e1c,0e8b0687acf08d383867dafd22ba867fb3829e05656edef718005071fdffdca8,perception_container_tar,full_replacement,4096,4096,0,5,True,True,uncompressed,deterministic_tar_derivation,smartota-container-layers,1.2.6,0.26.2,1.26.4,2.20.0,2.12.0,True,True,True,True,B,e669a57fb08d98364bfc4188a4259b2d14d83698302da7cd0dcc57f9bed99e1c,0,1,True,0,,0,128000.0,5,True,1000000.0,always_pass,3,severe_edge_device,512000.0,131072,90.0,True,True,4194304,streaming,6291456,20480,0.375648,90.0,20480,pass,A,0e8b0687acf08d383867dafd22ba867fb3829e05656edef718005071fdffdca8,complete,0.02048,20480,0,3,48083,48083,84843,20480,False,1,False,False,False,False,4194304,20480,False,1,0,0.396128,1,container_av_perception,90.0,0.000444,48083,2,2942cbde2fd344cccea23aabbe8d5bf168610c71,False,0.5,"{'interruption_percentage': 0.5, 'interrupted_after_operations': 1, 'operation_count': 2, 'checkpoint_available': False, 'checkpoint_operation_index': 0, 'resumed_from_checkpoint': False, 'recovery_strategy': 'failed', 'recovery_success': False, 'rollback_success': False, 'rollback_ready_at_interruption': False, 'final_replay_validity': False, 'replay_errors': '', 'recovery_errors': 'no checkpoint and rollback is not ready', 'extra_network_bytes': 0, 'extra_flash_writes': 0, 'total_network_bytes': 47979, 'total_flash_write_bytes': 20480, 'interrupted_metrics': {'install_state': 'interrupted', 'package_size_bytes': 47979, 'network_bytes': 47979, 'staging_area_bytes': 0, 'backup_area_bytes': 0, 'installed_image_bytes': 36864, 'current_persistent_storage_bytes': 36864, 'peak_persistent_storage_bytes': 84843, 'peak_ram_bytes': 20480, 'flash_write_bytes': 20480, 'download_time_s': 0.374836, 'install_time_s': 0.02048, 'total_time_s': 0.395316, 'checkpoint_count': 0, 'latest_checkpoint_operation': 0, 'rollback_ready': False, 'unsafe_overwrite_count': 1, 'budget_violation_count': 0, 'budget_violations': [], 'ab_enabled': True, 'active_slot': 'A', 'inactive_slot': 'B', 'active_version': '0e8b0687acf08d383867dafd22ba867fb3829e05656edef718005071fdffdca8', 'inactive_version': '0e8b0687acf08d383867dafd22ba867fb3829e05656edef718005071fdffdca8', 'slot_capacity_bytes': 4194304, 'boot_attempt_counter': 0, 'max_boot_attempts': 3, 'pending_activation': False, 'health_verdict': 'not_run', 'rollback_performed': False, 'ab_update_valid': False, 'ab_rollback_ready': True, 'slot_storage_bytes': 20480, 'slot_storage_violation': False, 'activation_success': False, 'boot_health_success': False, 'rollback_after_failed_boot': False, 'rollback_success': False, 'reboot_count': 0, 'downtime_seconds': 0.0, 'slot_switch_count': 0}, 'recovered_metrics': {}, 'recovery_cost': {'discarded_operation_count': 1, 'replayed_operation_count': 0, 'network_bytes': 0, 'flash_write_bytes': 0}}",interrupt_050,0,1,False,0,0,0,0,1,False,Synthetic fixture with no third-party model weights,16384,/home/arpan/OTA/.cursor-tutor/ota_environment/results/final_deterministic_benchmark_20260505/bounded_manifests/smartota-container-yolo-small-only.json,1,20480,/home/arpan/OTA/.cursor-tutor/ota_environment/data/raw/containers/yolo-perception/yolo-perception-layer-new.tar,/home/arpan/OTA/.cursor-tutor/ota_environment/data/raw/containers/yolo-perception/yolo-perception-layer-new.tar,e669a57fb08d98364bfc4188a4259b2d14d83698302da7cd0dcc57f9bed99e1c,20480,/home/arpan/OTA/.cursor-tutor/ota_environment/data/raw/containers/yolo-perception/yolo-perception-layer-old.tar,/home/arpan/OTA/.cursor-tutor/ota_environment/data/raw/containers/yolo-perception/yolo-perception-layer-old.tar,0e8b0687acf08d383867dafd22ba867fb3829e05656edef718005071fdffdca8,20480,,,,,1,1,container_yolo_perception_update,full_replacement,CPython,"3.12.7 | packaged by Anaconda, Inc. | (main, Oct  4 2024, 13:27:36) [GCC 11.2.0]",1,,True,True,0.0,False,False,0.000444,0.000444,containerized_yolo_perception_update,1,20480,False,1,Locally generated deterministic SmartOTA-Bench YOLO-style perception container fixture,2,0.001199,2026-07-17T15:45:42.120432+00:00,containers,True
True,True,True,2,0,True,e669a57fb08d98364bfc4188a4259b2d14d83698302da7cd0dcc57f9bed99e1c,0e8b0687acf08d383867dafd22ba867fb3829e05656edef718005071fdffdca8,perception_container_tar,whole_file_bsdiff,4096,4096,0,5,True,True,uncompressed,deterministic_tar_derivation,smartota-container-layers,1.2.6,0.26.2,1.26.4,2.20.0,2.12.0,True,True,True,True,B,e669a57fb08d98364bfc4188a4259b2d14d83698302da7cd0dcc57f9bed99e1c,0,1,True,0,,0,128000.0,5,True,1000000.0,always_pass,3,severe_edge_device,512000.0,131072,90.0,True,True,4194304,streaming,6291456,20480,0.188117,90.0,20480,pass,A,0e8b0687acf08d383867dafd22ba867fb3829e05656edef718005071fdffdca8,complete,0.080349,20480,0,3,24079,24079,60839,51133,False,1,False,False,False,False,4194304,20480,False,1,0,0.268466,1,container_av_perception,90.0,0.004984,24079,2,2942cbde2fd344cccea23aabbe8d5bf168610c71,False,0.5,"{'interruption_percentage': 0.5, 'interrupted_after_operations': 1, 'operation_count': 2, 'checkpoint_available': False, 'checkpoint_operation_index': 0, 'resumed_from_checkpoint': False, 'recovery_strategy': 'failed', 'recovery_success': False, 'rollback_success': False, 'rollback_ready_at_interruption': False, 'final_replay_validity': False, 'replay_errors': '', 'recovery_errors': 'no checkpoint and rollback is not ready', 'extra_network_bytes': 0, 'extra_flash_writes': 0, 'total_network_bytes': 23975, 'total_flash_write_bytes': 20480, 'interrupted_metrics': {'install_state': 'interrupted', 'package_size_bytes': 23975, 'network_bytes': 23975, 'staging_area_bytes': 0, 'backup_area_bytes': 0, 'installed_image_bytes': 36864, 'current_persistent_storage_bytes': 36864, 'peak_persistent_storage_bytes': 60839, 'peak_ram_bytes': 51133, 'flash_write_bytes': 20480, 'download_time_s': 0.187305, 'install_time_s': 0.080349, 'total_time_s': 0.267654, 'checkpoint_count': 0, 'latest_checkpoint_operation': 0, 'rollback_ready': False, 'unsafe_overwrite_count': 1, 'budget_violation_count': 0, 'budget_violations': [], 'ab_enabled': True, 'active_slot': 'A', 'inactive_slot': 'B', 'active_version': '0e8b0687acf08d383867dafd22ba867fb3829e05656edef718005071fdffdca8', 'inactive_version': '0e8b0687acf08d383867dafd22ba867fb3829e05656edef718005071fdffdca8', 'slot_capacity_bytes': 4194304, 'boot_attempt_counter': 0, 'max_boot_attempts': 3, 'pending_activation': False, 'health_verdict': 'not_run', 'rollback_performed': False, 'ab_update_valid': False, 'ab_rollback_ready': True, 'slot_storage_bytes': 20480, 'slot_storage_violation': False, 'activation_success': False, 'boot_health_success': False, 'rollback_after_failed_boot': False, 'rollback_success': False, 'reboot_count': 0, 'downtime_seconds': 0.0, 'slot_switch_count': 0}, 'recovered_metrics': {}, 'recovery_cost': {'discarded_operation_count': 1, 'replayed_operation_count': 0, 'network_bytes': 0, 'flash_write_bytes': 0}}",interrupt_050,0,1,False,0,0,0,0,1,False,Synthetic fixture with no third-party model weights,16384,/home/arpan/OTA/.cursor-tutor/ota_environment/results/final_deterministic_benchmark_20260505/bounded_manifests/smartota-container-yolo-small-only.json,1,51133,/home/arpan/OTA/.cursor-tutor/ota_environment/data/raw/containers/yolo-perception/yolo-perception-layer-new.tar,/home/arpan/OTA/.cursor-tutor/ota_environment/data/raw/containers/yolo-perception/yolo-perception-layer-new.tar,e669a57fb08d98364bfc4188a4259b2d14d83698302da7cd0dcc57f9bed99e1c,20480,/home/arpan/OTA/.cursor-tutor/ota_environment/data/raw/containers/yolo-perception/yolo-perception-layer-old.tar,/home/arpan/OTA/.cursor-tutor/ota_environment/data/raw/containers/yolo-perception/yolo-perception-layer-old.tar,0e8b0687acf08d383867dafd22ba867fb3829e05656edef718005071fdffdca8,20480,,,1,,,1,container_yolo_perception_update,whole_file_bsdiff,CPython,"3.12.7 | packaged by Anaconda, Inc. | (main, Oct  4 2024, 13:27:36) [GCC 11.2.0]",1,,True,True,0.0,False,False,0.004984,0.004984,containerized_yolo_perception_update,1,20480,False,1,Locally generated deterministic SmartOTA-Bench YOLO-style perception container fixture,2,0.00664,2026-07-17T15:45:42.120432+00:00,containers,True
True,True,True,5,0,True,e669a57fb08d98364bfc4188a4259b2d14d83698302da7cd0dcc57f9bed99e1c,0e8b0687acf08d383867dafd22ba867fb3829e05656edef718005071fdffdca8,perception_container_tar,blockwise_bsdiff,4096,4096,0,5,True,True,uncompressed,deterministic_tar_derivation,smartota-container-layers,1.2.6,0.26.2,1.26.4,2.20.0,2.12.0,True,True,True,True,B,e669a57fb08d98364bfc4188a4259b2d14d83698302da7cd0dcc57f9bed99e1c,0,1,True,0,,1,128000.0,5,True,1000000.0,always_pass,3,severe_edge_device,512000.0,131072,90.0,True,True,4194304,streaming,6291456,20480,0.217508,90.0,16384,pass,A,0e8b0687acf08d383867dafd22ba867fb3829e05656edef718005071fdffdca8,complete,0.070818,20480,5,3,27841,27841,31559,12847,False,1,False,False,False,False,4194304,20480,False,1,0,0.288325,4,container_av_perception,90.0,0.005729,27841,5,2942cbde2fd344cccea23aabbe8d5bf168610c71,False,0.5,"{'interruption_percentage': 0.5, 'interrupted_after_operations': 3, 'operation_count': 5, 'checkpoint_available': False, 'checkpoint_operation_index': 0, 'resumed_from_checkpoint': False, 'recovery_strategy': 'failed', 'recovery_success': False, 'rollback_success': False, 'rollback_ready_at_interruption': False, 'final_replay_validity': False, 'replay_errors': '', 'recovery_errors': 'no checkpoint and rollback is not ready', 'extra_network_bytes': 0, 'extra_flash_writes': 0, 'total_network_bytes': 20077, 'total_flash_write_bytes': 12288, 'interrupted_metrics': {'install_state': 'interrupted', 'package_size_bytes': 20077, 'network_bytes': 20077, 'staging_area_bytes': 0, 'backup_area_bytes': 0, 'installed_image_bytes': 20480, 'current_persistent_storage_bytes': 20480, 'peak_persistent_storage_bytes': 31559, 'peak_ram_bytes': 12847, 'flash_write_bytes': 12288, 'download_time_s': 0.156852, 'install_time_s': 0.052548, 'total_time_s': 0.209399, 'checkpoint_count': 0, 'latest_checkpoint_operation': 0, 'rollback_ready': False, 'unsafe_overwrite_count': 3, 'budget_violation_count': 0, 'budget_violations': [], 'ab_enabled': True, 'active_slot': 'A', 'inactive_slot': 'B', 'active_version': '0e8b0687acf08d383867dafd22ba867fb3829e05656edef718005071fdffdca8', 'inactive_version': '0e8b0687acf08d383867dafd22ba867fb3829e05656edef718005071fdffdca8', 'slot_capacity_bytes': 4194304, 'boot_attempt_counter': 0, 'max_boot_attempts': 3, 'pending_activation': False, 'health_verdict': 'not_run', 'rollback_performed': False, 'ab_update_valid': False, 'ab_rollback_ready': True, 'slot_storage_bytes': 20480, 'slot_storage_violation': False, 'activation_success': False, 'boot_health_success': False, 'rollback_after_failed_boot': False, 'rollback_success': False, 'reboot_count': 0, 'downtime_seconds': 0.0, 'slot_switch_count': 0}, 'recovered_metrics': {}, 'recovery_cost': {'discarded_operation_count': 3, 'replayed_operation_count': 0, 'network_bytes': 0, 'flash_write_bytes': 0}}",interrupt_050,0,1,False,0,0,0,0,1,False,Synthetic fixture with no third-party model weights,16384,/home/arpan/OTA/.cursor-tutor/ota_environment/results/final_deterministic_benchmark_20260505/bounded_manifests/smartota-container-yolo-small-only.json,1,12847,/home/arpan/OTA/.cursor-tutor/ota_environment/data/raw/containers/yolo-perception/yolo-perception-layer-new.tar,/home/arpan/OTA/.cursor-tutor/ota_environment/data/raw/containers/yolo-perception/yolo-perception-layer-new.tar,e669a57fb08d98364bfc4188a4259b2d14d83698302da7cd0dcc57f9bed99e1c,20480,/home/arpan/OTA/.cursor-tutor/ota_environment/data/raw/containers/yolo-perception/yolo-perception-layer-old.tar,/home/arpan/OTA/.cursor-tutor/ota_environment/data/raw/containers/yolo-perception/yolo-perception-layer-old.tar,0e8b0687acf08d383867dafd22ba867fb3829e05656edef718005071fdffdca8,20480,,,4,1,,,container_yolo_perception_update,blockwise_bsdiff,CPython,"3.12.7 | packaged by Anaconda, Inc. | (main, Oct  4 2024, 13:27:36) [GCC 11.2.0]",1,,True,True,0.0,False,False,0.005729,0.005729,containerized_yolo_perception_update,1,20480,False,1,Locally generated deterministic SmartOTA-Bench YOLO-style perception container fixture,5,0.007403,2026-07-17T15:45:42.120432+00:00,containers,True
True,True,True,5,0,True,e669a57fb08d98364bfc4188a4259b2d14d83698302da7cd0dcc57f9bed99e1c,0e8b0687acf08d383867dafd22ba867fb3829e05656edef718005071fdffdca8,perception_container_tar,copy_only,4096,4096,0,5,True,True,uncompressed,deterministic_tar_derivation,smartota-container-layers,1.2.6,0.26.2,1.26.4,2.20.0,2.12.0,True,True,True,True,B,e669a57fb08d98364bfc4188a4259b2d14d83698302da7cd0dcc57f9bed99e1c,0,1,True,0,,1,128000.0,5,True,1000000.0,always_pass,3,severe_edge_device,512000.0,131072,90.0,True,True,4194304,streaming,6291456,20480,0.306055,90.0,16384,pass,A,0e8b0687acf08d383867dafd22ba867fb3829e05656edef718005071fdffdca8,complete,0.016384,20480,5,3,39175,39175,30231,4096,False,1,False,False,False,False,4194304,20480,False,1,0,0.322439,4,container_av_perception,90.0,0.000487,39175,5,2942cbde2fd344cccea23aabbe8d5bf168610c71,False,0.5,"{'interruption_percentage': 0.5, 'interrupted_after_operations': 3, 'operation_count': 5, 'checkpoint_available': False, 'checkpoint_operation_index': 0, 'resumed_from_checkpoint': False, 'recovery_strategy': 'failed', 'recovery_success': False, 'rollback_success': False, 'rollback_ready_at_interruption': False, 'final_replay_validity': False, 'replay_errors': '', 'recovery_errors': 'no checkpoint and rollback is not ready', 'extra_network_bytes': 0, 'extra_flash_writes': 0, 'total_network_bytes': 29253, 'total_flash_write_bytes': 12288, 'interrupted_metrics': {'install_state': 'interrupted', 'package_size_bytes': 29253, 'network_bytes': 29253, 'staging_area_bytes': 0, 'backup_area_bytes': 0, 'installed_image_bytes': 20480, 'current_persistent_storage_bytes': 20480, 'peak_persistent_storage_bytes': 30231, 'peak_ram_bytes': 4096, 'flash_write_bytes': 12288, 'download_time_s': 0.228539, 'install_time_s': 0.012288, 'total_time_s': 0.240827, 'checkpoint_count': 0, 'latest_checkpoint_operation': 0, 'rollback_ready': False, 'unsafe_overwrite_count': 3, 'budget_violation_count': 0, 'budget_violations': [], 'ab_enabled': True, 'active_slot': 'A', 'inactive_slot': 'B', 'active_version': '0e8b0687acf08d383867dafd22ba867fb3829e05656edef718005071fdffdca8', 'inactive_version': '0e8b0687acf08d383867dafd22ba867fb3829e05656edef718005071fdffdca8', 'slot_capacity_bytes': 4194304, 'boot_attempt_counter': 0, 'max_boot_attempts': 3, 'pending_activation': False, 'health_verdict': 'not_run', 'rollback_performed': False, 'ab_update_valid': False, 'ab_rollback_ready': True, 'slot_storage_bytes': 20480, 'slot_storage_violation': False, 'activation_success': False, 'boot_health_success': False, 'rollback_after_failed_boot': False, 'rollback_success': False, 'reboot_count': 0, 'downtime_seconds': 0.0, 'slot_switch_count': 0}, 'recovered_metrics': {}, 'recovery_cost': {'discarded_operation_count': 3, 'replayed_operation_count': 0, 'network_bytes': 0, 'flash_write_bytes': 0}}",interrupt_050,0,1,False,0,0,0,0,1,False,Synthetic fixture with no third-party model weights,16384,/home/arpan/OTA/.cursor-tutor/ota_environment/results/final_deterministic_benchmark_20260505/bounded_manifests/smartota-container-yolo-small-only.json,1,4096,/home/arpan/OTA/.cursor-tutor/ota_environment/data/raw/containers/yolo-perception/yolo-perception-layer-new.tar,/home/arpan/OTA/.cursor-tutor/ota_environment/data/raw/containers/yolo-perception/yolo-perception-layer-new.tar,e669a57fb08d98364bfc4188a4259b2d14d83698302da7cd0dcc57f9bed99e1c,20480,/home/arpan/OTA/.cursor-tutor/ota_environment/data/raw/containers/yolo-perception/yolo-perception-layer-old.tar,/home/arpan/OTA/.cursor-tutor/ota_environment/data/raw/containers/yolo-perception/yolo-perception-layer-old.tar,0e8b0687acf08d383867dafd22ba867fb3829e05656edef718005071fdffdca8,20480,,,,1,4,,container_yolo_perception_update,copy_only,CPython,"3.12.7 | packaged by Anaconda, Inc. | (main, Oct  4 2024, 13:27:36) [GCC 11.2.0]",1,,True,True,0.0,False,False,0.000487,0.000487,containerized_yolo_perception_update,1,20480,False,1,Locally generated deterministic SmartOTA-Bench YOLO-style perception container fixture,5,0.00121,2026-07-17T15:45:42.120432+00:00,containers,True
True,True,True,5,0,True,e669a57fb08d98364bfc4188a4259b2d14d83698302da7cd0dcc57f9bed99e1c,0e8b0687acf08d383867dafd22ba867fb3829e05656edef718005071fdffdca8,perception_container_tar,copy_delta,4096,4096,0,5,True,True,uncompressed,deterministic_tar_derivation,smartota-container-layers,1.2.6,0.26.2,1.26.4,2.20.0,2.12.0,True,True,True,True,B,e669a57fb08d98364bfc4188a4259b2d14d83698302da7cd0dcc57f9bed99e1c,0,1,True,0,,1,128000.0,5,True,1000000.0,always_pass,3,severe_edge_device,512000.0,131072,90.0,True,True,4194304,streaming,6291456,20480,0.207133,90.0,16384,pass,A,0e8b0687acf08d383867dafd22ba867fb3829e05656edef718005071fdffdca8,complete,0.053726,20480,5,3,26513,26513,30231,11543,False,1,False,False,False,False,4194304,20480,False,1,0,0.260859,4,container_av_perception,90.0,0.005531,26513,5,2942cbde2fd344cccea23aabbe8d5bf168610c71,False,0.5,"{'interruption_percentage': 0.5, 'interrupted_after_operations': 3, 'operation_count': 5, 'checkpoint_available': False, 'checkpoint_operation_index': 0, 'resumed_from_checkpoint': False, 'recovery_strategy': 'failed', 'recovery_success': False, 'rollback_success': False, 'rollback_ready_at_interruption': False, 'final_replay_validity': False, 'replay_errors': '', 'recovery_errors': 'no checkpoint and rollback is not ready', 'extra_network_bytes': 0, 'extra_flash_writes': 0, 'total_network_bytes': 18749, 'total_flash_write_bytes': 12288, 'interrupted_metrics': {'install_state': 'interrupted', 'package_size_bytes': 18749, 'network_bytes': 18749, 'staging_area_bytes': 0, 'backup_area_bytes': 0, 'installed_image_bytes': 20480, 'current_persistent_storage_bytes': 20480, 'peak_persistent_storage_bytes': 30231, 'peak_ram_bytes': 11543, 'flash_write_bytes': 12288, 'download_time_s': 0.146477, 'install_time_s': 0.035456, 'total_time_s': 0.181933, 'checkpoint_count': 0, 'latest_checkpoint_operation': 0, 'rollback_ready': False, 'unsafe_overwrite_count': 3, 'budget_violation_count': 0, 'budget_violations': [], 'ab_enabled': True, 'active_slot': 'A', 'inactive_slot': 'B', 'active_version': '0e8b0687acf08d383867dafd22ba867fb3829e05656edef718005071fdffdca8', 'inactive_version': '0e8b0687acf08d383867dafd22ba867fb3829e05656edef718005071fdffdca8', 'slot_capacity_bytes': 4194304, 'boot_attempt_counter': 0, 'max_boot_attempts': 3, 'pending_activation': False, 'health_verdict': 'not_run', 'rollback_performed': False, 'ab_update_valid': False, 'ab_rollback_ready': True, 'slot_storage_bytes': 20480, 'slot_storage_violation': False, 'activation_success': False, 'boot_health_success': False, 'rollback_after_failed_boot': False, 'rollback_success': False, 'reboot_count': 0, 'downtime_seconds': 0.0, 'slot_switch_count': 0}, 'recovered_metrics': {}, 'recovery_cost': {'discarded_operation_count': 3, 'replayed_operation_count': 0, 'network_bytes': 0, 'flash_write_bytes': 0}}",interrupt_050,0,1,False,0,0,0,0,1,False,Synthetic fixture with no third-party model weights,16384,/home/arpan/OTA/.cursor-tutor/ota_environment/results/final_deterministic_benchmark_20260505/bounded_manifests/smartota-container-yolo-small-only.json,1,11543,/home/arpan/OTA/.cursor-tutor/ota_environment/data/raw/containers/yolo-perception/yolo-perception-layer-new.tar,/home/arpan/OTA/.cursor-tutor/ota_environment/data/raw/containers/yolo-perception/yolo-perception-layer-new.tar,e669a57fb08d98364bfc4188a4259b2d14d83698302da7cd0dcc57f9bed99e1c,20480,/home/arpan/OTA/.cursor-tutor/ota_environment/data/raw/containers/yolo-perception/yolo-perception-layer-old.tar,/home/arpan/OTA/.cursor-tutor/ota_environment/data/raw/containers/yolo-perception/yolo-perception-layer-old.tar,0e8b0687acf08d383867dafd22ba867fb3829e05656edef718005071fdffdca8,20480,,,3,1,1,,container_yolo_perception_update,copy_delta,CPython,"3.12.7 | packaged by Anaconda, Inc. | (main, Oct  4 2024, 13:27:36) [GCC 11.2.0]",1,,True,True,0.0,False,False,0.005531,0.005531,containerized_yolo_perception_update,1,20480,False,1,Locally generated deterministic SmartOTA-Bench YOLO-style perception container fixture,5,0.006778,2026-07-17T15:45:42.120432+00:00,containers,True
True,True,True,5,4,True,e669a57fb08d98364bfc4188a4259b2d14d83698302da7cd0dcc57f9bed99e1c,0e8b0687acf08d383867dafd22ba867fb3829e05656edef718005071fdffdca8,perception_container_tar,backup_safe_copy_delta,4096,4096,0,5,True,True,uncompressed,deterministic_tar_derivation,smartota-container-layers,1.2.6,0.26.2,1.26.4,2.20.0,2.12.0,True,True,True,True,B,e669a57fb08d98364bfc4188a4259b2d14d83698302da7cd0dcc57f9bed99e1c,16384,1,True,0,,1,128000.0,5,True,1000000.0,always_pass,3,severe_edge_device,512000.0,131072,90.0,True,True,4194304,streaming,6291456,36864,0.210758,90.0,32768,pass,A,0e8b0687acf08d383867dafd22ba867fb3829e05656edef718005071fdffdca8,complete,0.07011,20480,5,3,26977,26977,44457,11543,False,1,False,False,True,False,4194304,20480,False,1,0,0.280868,0,container_av_perception,90.0,0.010324,26977,9,2942cbde2fd344cccea23aabbe8d5bf168610c71,False,0.5,"{'interruption_percentage': 0.5, 'interrupted_after_operations': 5, 'operation_count': 9, 'checkpoint_available': True, 'checkpoint_operation_index': 5, 'resumed_from_checkpoint': True, 'recovery_strategy': 'checkpoint_resume', 'recovery_success': True, 'rollback_success': True, 'rollback_ready_at_interruption': True, 'final_replay_validity': True, 'replay_errors': '', 'recovery_errors': '', 'extra_network_bytes': 0, 'extra_flash_writes': 0, 'total_network_bytes': 26977, 'total_flash_write_bytes': 32768, 'interrupted_metrics': {'install_state': 'interrupted', 'package_size_bytes': 9346, 'network_bytes': 9346, 'staging_area_bytes': 0, 'backup_area_bytes': 12288, 'installed_image_bytes': 20480, 'current_persistent_storage_bytes': 32768, 'peak_persistent_storage_bytes': 36707, 'peak_ram_bytes': 11543, 'flash_write_bytes': 20480, 'download_time_s': 0.073016, 'install_time_s': 0.043648, 'total_time_s': 0.116664, 'checkpoint_count': 1, 'latest_checkpoint_operation': 5, 'rollback_ready': True, 'unsafe_overwrite_count': 0, 'budget_violation_count': 0, 'budget_violations': [], 'ab_enabled': True, 'active_slot': 'A', 'inactive_slot': 'B', 'active_version': '0e8b0687acf08d383867dafd22ba867fb3829e05656edef718005071fdffdca8', 'inactive_version': '0e8b0687acf08d383867dafd22ba867fb3829e05656edef718005071fdffdca8', 'slot_capacity_bytes': 4194304, 'boot_attempt_counter': 0, 'max_boot_attempts': 3, 'pending_activation': False, 'health_verdict': 'not_run', 'rollback_performed': False, 'ab_update_valid': False, 'ab_rollback_ready': True, 'slot_storage_bytes': 20480, 'slot_storage_violation': False, 'activation_success': False, 'boot_health_success': False, 'rollback_after_failed_boot': False, 'rollback_success': False, 'reboot_count': 0, 'downtime_seconds': 0.0, 'slot_switch_count': 0}, 'recovered_metrics': {'install_state': 'complete', 'package_size_bytes': 26977, 'network_bytes': 26977, 'staging_area_bytes': 0, 'backup_area_bytes': 16384, 'installed_image_bytes': 20480, 'current_persistent_storage_bytes': 36864, 'peak_persistent_storage_bytes': 44457, 'peak_ram_bytes': 11543, 'flash_write_bytes': 32768, 'download_time_s': 0.210758, 'install_time_s': 0.07011, 'total_time_s': 0.280868, 'checkpoint_count': 1, 'latest_checkpoint_operation': 5, 'rollback_ready': True, 'unsafe_overwrite_count': 0, 'budget_violation_count': 0, 'budget_violations': [], 'ab_enabled': True, 'active_slot': 'B', 'inactive_slot': 'A', 'active_version': 'e669a57fb08d98364bfc4188a4259b2d14d83698302da7cd0dcc57f9bed99e1c', 'inactive_version': '0e8b0687acf08d383867dafd22ba867fb3829e05656edef718005071fdffdca8', 'slot_capacity_bytes': 4194304, 'boot_attempt_counter': 1, 'max_boot_attempts': 3, 'pending_activation': False, 'health_verdict': 'pass', 'rollback_performed': False, 'ab_update_valid': True, 'ab_rollback_ready': True, 'slot_storage_bytes': 20480, 'slot_storage_violation': False, 'activation_success': True, 'boot_health_success': True, 'rollback_after_failed_boot': False, 'rollback_success': False, 'reboot_count': 1, 'downtime_seconds': 90.0, 'slot_switch_count': 1}, 'recovery_cost': {'discarded_operation_count': 0, 'replayed_operation_count': 4, 'network_bytes': 17631, 'flash_write_bytes': 12288}}",interrupt_050,1,0,True,0,0,4,1,1,False,Synthetic fixture with no third-party model weights,16384,/home/arpan/OTA/.cursor-tutor/ota_environment/results/final_deterministic_benchmark_20260505/bounded_manifests/smartota-container-yolo-small-only.json,1,11543,/home/arpan/OTA/.cursor-tutor/ota_environment/data/raw/containers/yolo-perception/yolo-perception-layer-new.tar,/home/arpan/OTA/.cursor-tutor/ota_environment/data/raw/containers/yolo-perception/yolo-perception-layer-new.tar,e669a57fb08d98364bfc4188a4259b2d14d83698302da7cd0dcc57f9bed99e1c,20480,/home/arpan/OTA/.cursor-tutor/ota_environment/data/raw/containers/yolo-perception/yolo-perception-layer-old.tar,/home/arpan/OTA/.cursor-tutor/ota_environment/data/raw/containers/yolo-perception/yolo-perception-layer-old.tar,0e8b0687acf08d383867dafd22ba867fb3829e05656edef718005071fdffdca8,20480,4,,3,1,1,,container_yolo_perception_update,backup_safe_copy_delta,CPython,"3.12.7 | packaged by Anaconda, Inc. | (main, Oct  4 2024, 13:27:36) [GCC 11.2.0]",1,,True,True,0.0,False,False,0.010324,0.010324,containerized_yolo_perception_update,1,20480,False,1,Locally generated deterministic SmartOTA-Bench YOLO-style perception container fixture,9,0.012954,2026-07-17T15:45:42.120432+00:00,containers,True
True,True,True,5,4,True,e669a57fb08d98364bfc4188a4259b2d14d83698302da7cd0dcc57f9bed99e1c,0e8b0687acf08d383867dafd22ba867fb3829e05656edef718005071fdffdca8,perception_container_tar,deployment_aware_greedy,4096,4096,0,5,True,True,uncompressed,deterministic_tar_derivation,smartota-container-layers,1.2.6,0.26.2,1.26.4,2.20.0,2.12.0,True,True,True,True,B,e669a57fb08d98364bfc4188a4259b2d14d83698302da7cd0dcc57f9bed99e1c,16384,1,True,0,,1,128000.0,5,True,1000000.0,always_pass,3,severe_edge_device,512000.0,131072,90.0,True,True,4194304,streaming,6291456,36864,0.210758,90.0,32768,pass,A,0e8b0687acf08d383867dafd22ba867fb3829e05656edef718005071fdffdca8,complete,0.07011,20480,5,3,26977,26977,44457,11543,False,1,False,False,True,False,4194304,20480,False,1,0,0.280868,0,container_av_perception,90.0,0.009704,26977,9,2942cbde2fd344cccea23aabbe8d5bf168610c71,False,0.5,"{'interruption_percentage': 0.5, 'interrupted_after_operations': 5, 'operation_count': 9, 'checkpoint_available': True, 'checkpoint_operation_index': 5, 'resumed_from_checkpoint': True, 'recovery_strategy': 'checkpoint_resume', 'recovery_success': True, 'rollback_success': True, 'rollback_ready_at_interruption': True, 'final_replay_validity': True, 'replay_errors': '', 'recovery_errors': '', 'extra_network_bytes': 0, 'extra_flash_writes': 0, 'total_network_bytes': 26977, 'total_flash_write_bytes': 32768, 'interrupted_metrics': {'install_state': 'interrupted', 'package_size_bytes': 9346, 'network_bytes': 9346, 'staging_area_bytes': 0, 'backup_area_bytes': 12288, 'installed_image_bytes': 20480, 'current_persistent_storage_bytes': 32768, 'peak_persistent_storage_bytes': 36707, 'peak_ram_bytes': 11543, 'flash_write_bytes': 20480, 'download_time_s': 0.073016, 'install_time_s': 0.043648, 'total_time_s': 0.116664, 'checkpoint_count': 1, 'latest_checkpoint_operation': 5, 'rollback_ready': True, 'unsafe_overwrite_count': 0, 'budget_violation_count': 0, 'budget_violations': [], 'ab_enabled': True, 'active_slot': 'A', 'inactive_slot': 'B', 'active_version': '0e8b0687acf08d383867dafd22ba867fb3829e05656edef718005071fdffdca8', 'inactive_version': '0e8b0687acf08d383867dafd22ba867fb3829e05656edef718005071fdffdca8', 'slot_capacity_bytes': 4194304, 'boot_attempt_counter': 0, 'max_boot_attempts': 3, 'pending_activation': False, 'health_verdict': 'not_run', 'rollback_performed': False, 'ab_update_valid': False, 'ab_rollback_ready': True, 'slot_storage_bytes': 20480, 'slot_storage_violation': False, 'activation_success': False, 'boot_health_success': False, 'rollback_after_failed_boot': False, 'rollback_success': False, 'reboot_count': 0, 'downtime_seconds': 0.0, 'slot_switch_count': 0}, 'recovered_metrics': {'install_state': 'complete', 'package_size_bytes': 26977, 'network_bytes': 26977, 'staging_area_bytes': 0, 'backup_area_bytes': 16384, 'installed_image_bytes': 20480, 'current_persistent_storage_bytes': 36864, 'peak_persistent_storage_bytes': 44457, 'peak_ram_bytes': 11543, 'flash_write_bytes': 32768, 'download_time_s': 0.210758, 'install_time_s': 0.07011, 'total_time_s': 0.280868, 'checkpoint_count': 1, 'latest_checkpoint_operation': 5, 'rollback_ready': True, 'unsafe_overwrite_count': 0, 'budget_violation_count': 0, 'budget_violations': [], 'ab_enabled': True, 'active_slot': 'B', 'inactive_slot': 'A', 'active_version': 'e669a57fb08d98364bfc4188a4259b2d14d83698302da7cd0dcc57f9bed99e1c', 'inactive_version': '0e8b0687acf08d383867dafd22ba867fb3829e05656edef718005071fdffdca8', 'slot_capacity_bytes': 4194304, 'boot_attempt_counter': 1, 'max_boot_attempts': 3, 'pending_activation': False, 'health_verdict': 'pass', 'rollback_performed': False, 'ab_update_valid': True, 'ab_rollback_ready': True, 'slot_storage_bytes': 20480, 'slot_storage_violation': False, 'activation_success': True, 'boot_health_success': True, 'rollback_after_failed_boot': False, 'rollback_success': False, 'reboot_count': 1, 'downtime_seconds': 90.0, 'slot_switch_count': 1}, 'recovery_cost': {'discarded_operation_count': 0, 'replayed_operation_count': 4, 'network_bytes': 17631, 'flash_write_bytes': 12288}}",interrupt_050,1,0,True,0,0,4,1,1,False,Synthetic fixture with no third-party model weights,16384,/home/arpan/OTA/.cursor-tutor/ota_environment/results/final_deterministic_benchmark_20260505/bounded_manifests/smartota-container-yolo-small-only.json,1,11543,/home/arpan/OTA/.cursor-tutor/ota_environment/data/raw/containers/yolo-perception/yolo-perception-layer-new.tar,/home/arpan/OTA/.cursor-tutor/ota_environment/data/raw/containers/yolo-perception/yolo-perception-layer-new.tar,e669a57fb08d98364bfc4188a4259b2d14d83698302da7cd0dcc57f9bed99e1c,20480,/home/arpan/OTA/.cursor-tutor/ota_environment/data/raw/containers/yolo-perception/yolo-perception-layer-old.tar,/home/arpan/OTA/.cursor-tutor/ota_environment/data/raw/containers/yolo-perception/yolo-perception-layer-old.tar,0e8b0687acf08d383867dafd22ba867fb3829e05656edef718005071fdffdca8,20480,4,,3,1,1,,container_yolo_perception_update,deployment_aware_greedy,CPython,"3.12.7 | packaged by Anaconda, Inc. | (main, Oct  4 2024, 13:27:36) [GCC 11.2.0]",1,,True,True,0.0,False,False,0.009704,0.009704,containerized_yolo_perception_update,1,20480,False,1,Locally generated deterministic SmartOTA-Bench YOLO-style perception container fixture,9,0.012339,2026-07-17T15:45:42.120432+00:00,containers,True
True,True,True,5,0,True,e669a57fb08d98364bfc4188a4259b2d14d83698302da7cd0dcc57f9bed99e1c,0e8b0687acf08d383867dafd22ba867fb3829e05656edef718005071fdffdca8,perception_container_tar,rsync_rolling_hash,4096,4096,0,5,True,True,uncompressed,deterministic_tar_derivation,smartota-container-layers,1.2.6,0.26.2,1.26.4,2.20.0,2.12.0,True,True,True,True,B,e669a57fb08d98364bfc4188a4259b2d14d83698302da7cd0dcc57f9bed99e1c,0,1,True,0,,1,128000.0,5,True,1000000.0,always_pass,3,severe_edge_device,512000.0,131072,90.0,True,True,4194304,streaming,6291456,20480,0.306055,90.0,16384,pass,A,0e8b0687acf08d383867dafd22ba867fb3829e05656edef718005071fdffdca8,complete,0.016384,20480,5,3,39175,39175,30231,4096,False,1,False,False,False,False,4194304,20480,False,1,0,0.322439,4,container_av_perception,90.0,0.004713,39175,5,2942cbde2fd344cccea23aabbe8d5bf168610c71,False,0.5,"{'interruption_percentage': 0.5, 'interrupted_after_operations': 3, 'operation_count': 5, 'checkpoint_available': False, 'checkpoint_operation_index': 0, 'resumed_from_checkpoint': False, 'recovery_strategy': 'failed', 'recovery_success': False, 'rollback_success': False, 'rollback_ready_at_interruption': False, 'final_replay_validity': False, 'replay_errors': '', 'recovery_errors': 'no checkpoint and rollback is not ready', 'extra_network_bytes': 0, 'extra_flash_writes': 0, 'total_network_bytes': 29253, 'total_flash_write_bytes': 12288, 'interrupted_metrics': {'install_state': 'interrupted', 'package_size_bytes': 29253, 'network_bytes': 29253, 'staging_area_bytes': 0, 'backup_area_bytes': 0, 'installed_image_bytes': 20480, 'current_persistent_storage_bytes': 20480, 'peak_persistent_storage_bytes': 30231, 'peak_ram_bytes': 4096, 'flash_write_bytes': 12288, 'download_time_s': 0.228539, 'install_time_s': 0.012288, 'total_time_s': 0.240827, 'checkpoint_count': 0, 'latest_checkpoint_operation': 0, 'rollback_ready': False, 'unsafe_overwrite_count': 3, 'budget_violation_count': 0, 'budget_violations': [], 'ab_enabled': True, 'active_slot': 'A', 'inactive_slot': 'B', 'active_version': '0e8b0687acf08d383867dafd22ba867fb3829e05656edef718005071fdffdca8', 'inactive_version': '0e8b0687acf08d383867dafd22ba867fb3829e05656edef718005071fdffdca8', 'slot_capacity_bytes': 4194304, 'boot_attempt_counter': 0, 'max_boot_attempts': 3, 'pending_activation': False, 'health_verdict': 'not_run', 'rollback_performed': False, 'ab_update_valid': False, 'ab_rollback_ready': True, 'slot_storage_bytes': 20480, 'slot_storage_violation': False, 'activation_success': False, 'boot_health_success': False, 'rollback_after_failed_boot': False, 'rollback_success': False, 'reboot_count': 0, 'downtime_seconds': 0.0, 'slot_switch_count': 0}, 'recovered_metrics': {}, 'recovery_cost': {'discarded_operation_count': 3, 'replayed_operation_count': 0, 'network_bytes': 0, 'flash_write_bytes': 0}}",interrupt_050,0,1,False,0,0,0,0,1,False,Synthetic fixture with no third-party model weights,16384,/home/arpan/OTA/.cursor-tutor/ota_environment/results/final_deterministic_benchmark_20260505/bounded_manifests/smartota-container-yolo-small-only.json,1,4096,/home/arpan/OTA/.cursor-tutor/ota_environment/data/raw/containers/yolo-perception/yolo-perception-layer-new.tar,/home/arpan/OTA/.cursor-tutor/ota_environment/data/raw/containers/yolo-perception/yolo-perception-layer-new.tar,e669a57fb08d98364bfc4188a4259b2d14d83698302da7cd0dcc57f9bed99e1c,20480,/home/arpan/OTA/.cursor-tutor/ota_environment/data/raw/containers/yolo-perception/yolo-perception-layer-old.tar,/home/arpan/OTA/.cursor-tutor/ota_environment/data/raw/containers/yolo-perception/yolo-perception-layer-old.tar,0e8b0687acf08d383867dafd22ba867fb3829e05656edef718005071fdffdca8,20480,,,,1,4,,container_yolo_perception_update,rsync_rolling_hash,CPython,"3.12.7 | packaged by Anaconda, Inc. | (main, Oct  4 2024, 13:27:36) [GCC 11.2.0]",1,,True,True,0.0,False,False,0.004713,0.004713,containerized_yolo_perception_update,1,20480,False,1,Locally generated deterministic SmartOTA-Bench YOLO-style perception container fixture,5,0.00545,2026-07-17T15:45:42.120432+00:00,containers,True
True,True,True,2,0,True,e669a57fb08d98364bfc4188a4259b2d14d83698302da7cd0dcc57f9bed99e1c,0e8b0687acf08d383867dafd22ba867fb3829e05656edef718005071fdffdca8,perception_container_tar,full_replacement,4096,4096,0,5,True,True,uncompressed,deterministic_tar_derivation,smartota-container-layers,1.2.6,0.26.2,1.26.4,2.20.0,2.12.0,True,True,True,True,B,e669a57fb08d98364bfc4188a4259b2d14d83698302da7cd0dcc57f9bed99e1c,0,1,True,0,,0,128000.0,5,True,1000000.0,always_pass,3,severe_edge_device,512000.0,131072,90.0,True,True,4194304,streaming,6291456,20480,0.375648,90.0,20480,pass,A,0e8b0687acf08d383867dafd22ba867fb3829e05656edef718005071fdffdca8,complete,0.02048,20480,0,3,48083,48083,84843,20480,False,1,False,False,False,False,4194304,20480,False,1,0,0.396128,1,container_av_perception,90.0,0.000439,48083,2,2942cbde2fd344cccea23aabbe8d5bf168610c71,False,0.75,"{'interruption_percentage': 0.75, 'interrupted_after_operations': 1, 'operation_count': 2, 'checkpoint_available': False, 'checkpoint_operation_index': 0, 'resumed_from_checkpoint': False, 'recovery_strategy': 'failed', 'recovery_success': False, 'rollback_success': False, 'rollback_ready_at_interruption': False, 'final_replay_validity': False, 'replay_errors': '', 'recovery_errors': 'no checkpoint and rollback is not ready', 'extra_network_bytes': 0, 'extra_flash_writes': 0, 'total_network_bytes': 47979, 'total_flash_write_bytes': 20480, 'interrupted_metrics': {'install_state': 'interrupted', 'package_size_bytes': 47979, 'network_bytes': 47979, 'staging_area_bytes': 0, 'backup_area_bytes': 0, 'installed_image_bytes': 36864, 'current_persistent_storage_bytes': 36864, 'peak_persistent_storage_bytes': 84843, 'peak_ram_bytes': 20480, 'flash_write_bytes': 20480, 'download_time_s': 0.374836, 'install_time_s': 0.02048, 'total_time_s': 0.395316, 'checkpoint_count': 0, 'latest_checkpoint_operation': 0, 'rollback_ready': False, 'unsafe_overwrite_count': 1, 'budget_violation_count': 0, 'budget_violations': [], 'ab_enabled': True, 'active_slot': 'A', 'inactive_slot': 'B', 'active_version': '0e8b0687acf08d383867dafd22ba867fb3829e05656edef718005071fdffdca8', 'inactive_version': '0e8b0687acf08d383867dafd22ba867fb3829e05656edef718005071fdffdca8', 'slot_capacity_bytes': 4194304, 'boot_attempt_counter': 0, 'max_boot_attempts': 3, 'pending_activation': False, 'health_verdict': 'not_run', 'rollback_performed': False, 'ab_update_valid': False, 'ab_rollback_ready': True, 'slot_storage_bytes': 20480, 'slot_storage_violation': False, 'activation_success': False, 'boot_health_success': False, 'rollback_after_failed_boot': False, 'rollback_success': False, 'reboot_count': 0, 'downtime_seconds': 0.0, 'slot_switch_count': 0}, 'recovered_metrics': {}, 'recovery_cost': {'discarded_operation_count': 1, 'replayed_operation_count': 0, 'network_bytes': 0, 'flash_write_bytes': 0}}",interrupt_075,0,1,False,0,0,0,0,1,False,Synthetic fixture with no third-party model weights,16384,/home/arpan/OTA/.cursor-tutor/ota_environment/results/final_deterministic_benchmark_20260505/bounded_manifests/smartota-container-yolo-small-only.json,1,20480,/home/arpan/OTA/.cursor-tutor/ota_environment/data/raw/containers/yolo-perception/yolo-perception-layer-new.tar,/home/arpan/OTA/.cursor-tutor/ota_environment/data/raw/containers/yolo-perception/yolo-perception-layer-new.tar,e669a57fb08d98364bfc4188a4259b2d14d83698302da7cd0dcc57f9bed99e1c,20480,/home/arpan/OTA/.cursor-tutor/ota_environment/data/raw/containers/yolo-perception/yolo-perception-layer-old.tar,/home/arpan/OTA/.cursor-tutor/ota_environment/data/raw/containers/yolo-perception/yolo-perception-layer-old.tar,0e8b0687acf08d383867dafd22ba867fb3829e05656edef718005071fdffdca8,20480,,,,,1,1,container_yolo_perception_update,full_replacement,CPython,"3.12.7 | packaged by Anaconda, Inc. | (main, Oct  4 2024, 13:27:36) [GCC 11.2.0]",1,,True,True,0.0,False,False,0.000439,0.000439,containerized_yolo_perception_update,1,20480,False,1,Locally generated deterministic SmartOTA-Bench YOLO-style perception container fixture,2,0.00114,2026-07-17T15:45:42.120432+00:00,containers,True
True,True,True,2,0,True,e669a57fb08d98364bfc4188a4259b2d14d83698302da7cd0dcc57f9bed99e1c,0e8b0687acf08d383867dafd22ba867fb3829e05656edef718005071fdffdca8,perception_container_tar,whole_file_bsdiff,4096,4096,0,5,True,True,uncompressed,deterministic_tar_derivation,smartota-container-layers,1.2.6,0.26.2,1.26.4,2.20.0,2.12.0,True,True,True,True,B,e669a57fb08d98364bfc4188a4259b2d14d83698302da7cd0dcc57f9bed99e1c,0,1,True,0,,0,128000.0,5,True,1000000.0,always_pass,3,severe_edge_device,512000.0,131072,90.0,True,True,4194304,streaming,6291456,20480,0.188117,90.0,20480,pass,A,0e8b0687acf08d383867dafd22ba867fb3829e05656edef718005071fdffdca8,complete,0.080349,20480,0,3,24079,24079,60839,51133,False,1,False,False,False,False,4194304,20480,False,1,0,0.268466,1,container_av_perception,90.0,0.005358,24079,2,2942cbde2fd344cccea23aabbe8d5bf168610c71,False,0.75,"{'interruption_percentage': 0.75, 'interrupted_after_operations': 1, 'operation_count': 2, 'checkpoint_available': False, 'checkpoint_operation_index': 0, 'resumed_from_checkpoint': False, 'recovery_strategy': 'failed', 'recovery_success': False, 'rollback_success': False, 'rollback_ready_at_interruption': False, 'final_replay_validity': False, 'replay_errors': '', 'recovery_errors': 'no checkpoint and rollback is not ready', 'extra_network_bytes': 0, 'extra_flash_writes': 0, 'total_network_bytes': 23975, 'total_flash_write_bytes': 20480, 'interrupted_metrics': {'install_state': 'interrupted', 'package_size_bytes': 23975, 'network_bytes': 23975, 'staging_area_bytes': 0, 'backup_area_bytes': 0, 'installed_image_bytes': 36864, 'current_persistent_storage_bytes': 36864, 'peak_persistent_storage_bytes': 60839, 'peak_ram_bytes': 51133, 'flash_write_bytes': 20480, 'download_time_s': 0.187305, 'install_time_s': 0.080349, 'total_time_s': 0.267654, 'checkpoint_count': 0, 'latest_checkpoint_operation': 0, 'rollback_ready': False, 'unsafe_overwrite_count': 1, 'budget_violation_count': 0, 'budget_violations': [], 'ab_enabled': True, 'active_slot': 'A', 'inactive_slot': 'B', 'active_version': '0e8b0687acf08d383867dafd22ba867fb3829e05656edef718005071fdffdca8', 'inactive_version': '0e8b0687acf08d383867dafd22ba867fb3829e05656edef718005071fdffdca8', 'slot_capacity_bytes': 4194304, 'boot_attempt_counter': 0, 'max_boot_attempts': 3, 'pending_activation': False, 'health_verdict': 'not_run', 'rollback_performed': False, 'ab_update_valid': False, 'ab_rollback_ready': True, 'slot_storage_bytes': 20480, 'slot_storage_violation': False, 'activation_success': False, 'boot_health_success': False, 'rollback_after_failed_boot': False, 'rollback_success': False, 'reboot_count': 0, 'downtime_seconds': 0.0, 'slot_switch_count': 0}, 'recovered_metrics': {}, 'recovery_cost': {'discarded_operation_count': 1, 'replayed_operation_count': 0, 'network_bytes': 0, 'flash_write_bytes': 0}}",interrupt_075,0,1,False,0,0,0,0,1,False,Synthetic fixture with no third-party model weights,16384,/home/arpan/OTA/.cursor-tutor/ota_environment/results/final_deterministic_benchmark_20260505/bounded_manifests/smartota-container-yolo-small-only.json,1,51133,/home/arpan/OTA/.cursor-tutor/ota_environment/data/raw/containers/yolo-perception/yolo-perception-layer-new.tar,/home/arpan/OTA/.cursor-tutor/ota_environment/data/raw/containers/yolo-perception/yolo-perception-layer-new.tar,e669a57fb08d98364bfc4188a4259b2d14d83698302da7cd0dcc57f9bed99e1c,20480,/home/arpan/OTA/.cursor-tutor/ota_environment/data/raw/containers/yolo-perception/yolo-perception-layer-old.tar,/home/arpan/OTA/.cursor-tutor/ota_environment/data/raw/containers/yolo-perception/yolo-perception-layer-old.tar,0e8b0687acf08d383867dafd22ba867fb3829e05656edef718005071fdffdca8,20480,,,1,,,1,container_yolo_perception_update,whole_file_bsdiff,CPython,"3.12.7 | packaged by Anaconda, Inc. | (main, Oct  4 2024, 13:27:36) [GCC 11.2.0]",1,,True,True,0.0,False,False,0.005358,0.005358,containerized_yolo_perception_update,1,20480,False,1,Locally generated deterministic SmartOTA-Bench YOLO-style perception container fixture,2,0.006999,2026-07-17T15:45:42.120432+00:00,containers,True
True,True,True,5,0,True,e669a57fb08d98364bfc4188a4259b2d14d83698302da7cd0dcc57f9bed99e1c,0e8b0687acf08d383867dafd22ba867fb3829e05656edef718005071fdffdca8,perception_container_tar,blockwise_bsdiff,4096,4096,0,5,True,True,uncompressed,deterministic_tar_derivation,smartota-container-layers,1.2.6,0.26.2,1.26.4,2.20.0,2.12.0,True,True,True,True,B,e669a57fb08d98364bfc4188a4259b2d14d83698302da7cd0dcc57f9bed99e1c,0,1,True,0,,1,128000.0,5,True,1000000.0,always_pass,3,severe_edge_device,512000.0,131072,90.0,True,True,4194304,streaming,6291456,20480,0.217508,90.0,16384,pass,A,0e8b0687acf08d383867dafd22ba867fb3829e05656edef718005071fdffdca8,complete,0.070818,20480,5,3,27841,27841,31559,12847,False,1,False,False,False,False,4194304,20480,False,1,0,0.288325,4,container_av_perception,90.0,0.005513,27841,5,2942cbde2fd344cccea23aabbe8d5bf168610c71,False,0.75,"{'interruption_percentage': 0.75, 'interrupted_after_operations': 4, 'operation_count': 5, 'checkpoint_available': False, 'checkpoint_operation_index': 0, 'resumed_from_checkpoint': False, 'recovery_strategy': 'failed', 'recovery_success': False, 'rollback_success': False, 'rollback_ready_at_interruption': False, 'final_replay_validity': False, 'replay_errors': '', 'recovery_errors': 'no checkpoint and rollback is not ready', 'extra_network_bytes': 0, 'extra_flash_writes': 0, 'total_network_bytes': 27670, 'total_flash_write_bytes': 16384, 'interrupted_metrics': {'install_state': 'interrupted', 'package_size_bytes': 27670, 'network_bytes': 27670, 'staging_area_bytes': 0, 'backup_area_bytes': 0, 'installed_image_bytes': 20480, 'current_persistent_storage_bytes': 20480, 'peak_persistent_storage_bytes': 31559, 'peak_ram_bytes': 12847, 'flash_write_bytes': 16384, 'download_time_s': 0.216172, 'install_time_s': 0.070818, 'total_time_s': 0.286989, 'checkpoint_count': 0, 'latest_checkpoint_operation': 0, 'rollback_ready': False, 'unsafe_overwrite_count': 4, 'budget_violation_count': 0, 'budget_violations': [], 'ab_enabled': True, 'active_slot': 'A', 'inactive_slot': 'B', 'active_version': '0e8b0687acf08d383867dafd22ba867fb3829e05656edef718005071fdffdca8', 'inactive_version': '0e8b0687acf08d383867dafd22ba867fb3829e05656edef718005071fdffdca8', 'slot_capacity_bytes': 4194304, 'boot_attempt_counter': 0, 'max_boot_attempts': 3, 'pending_activation': False, 'health_verdict': 'not_run', 'rollback_performed': False, 'ab_update_valid': False, 'ab_rollback_ready': True, 'slot_storage_bytes': 20480, 'slot_storage_violation': False, 'activation_success': False, 'boot_health_success': False, 'rollback_after_failed_boot': False, 'rollback_success': False, 'reboot_count': 0, 'downtime_seconds': 0.0, 'slot_switch_count': 0}, 'recovered_metrics': {}, 'recovery_cost': {'discarded_operation_count': 4, 'replayed_operation_count': 0, 'network_bytes': 0, 'flash_write_bytes': 0}}",interrupt_075,0,1,False,0,0,0,0,1,False,Synthetic fixture with no third-party model weights,16384,/home/arpan/OTA/.cursor-tutor/ota_environment/results/final_deterministic_benchmark_20260505/bounded_manifests/smartota-container-yolo-small-only.json,1,12847,/home/arpan/OTA/.cursor-tutor/ota_environment/data/raw/containers/yolo-perception/yolo-perception-layer-new.tar,/home/arpan/OTA/.cursor-tutor/ota_environment/data/raw/containers/yolo-perception/yolo-perception-layer-new.tar,e669a57fb08d98364bfc4188a4259b2d14d83698302da7cd0dcc57f9bed99e1c,20480,/home/arpan/OTA/.cursor-tutor/ota_environment/data/raw/containers/yolo-perception/yolo-perception-layer-old.tar,/home/arpan/OTA/.cursor-tutor/ota_environment/data/raw/containers/yolo-perception/yolo-perception-layer-old.tar,0e8b0687acf08d383867dafd22ba867fb3829e05656edef718005071fdffdca8,20480,,,4,1,,,container_yolo_perception_update,blockwise_bsdiff,CPython,"3.12.7 | packaged by Anaconda, Inc. | (main, Oct  4 2024, 13:27:36) [GCC 11.2.0]",1,,True,True,0.0,False,False,0.005513,0.005513,containerized_yolo_perception_update,1,20480,False,1,Locally generated deterministic SmartOTA-Bench YOLO-style perception container fixture,5,0.007511,2026-07-17T15:45:42.120432+00:00,containers,True
True,True,True,5,0,True,e669a57fb08d98364bfc4188a4259b2d14d83698302da7cd0dcc57f9bed99e1c,0e8b0687acf08d383867dafd22ba867fb3829e05656edef718005071fdffdca8,perception_container_tar,copy_only,4096,4096,0,5,True,True,uncompressed,deterministic_tar_derivation,smartota-container-layers,1.2.6,0.26.2,1.26.4,2.20.0,2.12.0,True,True,True,True,B,e669a57fb08d98364bfc4188a4259b2d14d83698302da7cd0dcc57f9bed99e1c,0,1,True,0,,1,128000.0,5,True,1000000.0,always_pass,3,severe_edge_device,512000.0,131072,90.0,True,True,4194304,streaming,6291456,20480,0.306055,90.0,16384,pass,A,0e8b0687acf08d383867dafd22ba867fb3829e05656edef718005071fdffdca8,complete,0.016384,20480,5,3,39175,39175,30231,4096,False,1,False,False,False,False,4194304,20480,False,1,0,0.322439,4,container_av_perception,90.0,0.000458,39175,5,2942cbde2fd344cccea23aabbe8d5bf168610c71,False,0.75,"{'interruption_percentage': 0.75, 'interrupted_after_operations': 4, 'operation_count': 5, 'checkpoint_available': False, 'checkpoint_operation_index': 0, 'resumed_from_checkpoint': False, 'recovery_strategy': 'failed', 'recovery_success': False, 'rollback_success': False, 'rollback_ready_at_interruption': False, 'final_replay_validity': False, 'replay_errors': '', 'recovery_errors': 'no checkpoint and rollback is not ready', 'extra_network_bytes': 0, 'extra_flash_writes': 0, 'total_network_bytes': 39004, 'total_flash_write_bytes': 16384, 'interrupted_metrics': {'install_state': 'interrupted', 'package_size_bytes': 39004, 'network_bytes': 39004, 'staging_area_bytes': 0, 'backup_area_bytes': 0, 'installed_image_bytes': 20480, 'current_persistent_storage_bytes': 20480, 'peak_persistent_storage_bytes': 30231, 'peak_ram_bytes': 4096, 'flash_write_bytes': 16384, 'download_time_s': 0.304719, 'install_time_s': 0.016384, 'total_time_s': 0.321103, 'checkpoint_count': 0, 'latest_checkpoint_operation': 0, 'rollback_ready': False, 'unsafe_overwrite_count': 4, 'budget_violation_count': 0, 'budget_violations': [], 'ab_enabled': True, 'active_slot': 'A', 'inactive_slot': 'B', 'active_version': '0e8b0687acf08d383867dafd22ba867fb3829e05656edef718005071fdffdca8', 'inactive_version': '0e8b0687acf08d383867dafd22ba867fb3829e05656edef718005071fdffdca8', 'slot_capacity_bytes': 4194304, 'boot_attempt_counter': 0, 'max_boot_attempts': 3, 'pending_activation': False, 'health_verdict': 'not_run', 'rollback_performed': False, 'ab_update_valid': False, 'ab_rollback_ready': True, 'slot_storage_bytes': 20480, 'slot_storage_violation': False, 'activation_success': False, 'boot_health_success': False, 'rollback_after_failed_boot': False, 'rollback_success': False, 'reboot_count': 0, 'downtime_seconds': 0.0, 'slot_switch_count': 0}, 'recovered_metrics': {}, 'recovery_cost': {'discarded_operation_count': 4, 'replayed_operation_count': 0, 'network_bytes': 0, 'flash_write_bytes': 0}}",interrupt_075,0,1,False,0,0,0,0,1,False,Synthetic fixture with no third-party model weights,16384,/home/arpan/OTA/.cursor-tutor/ota_environment/results/final_deterministic_benchmark_20260505/bounded_manifests/smartota-container-yolo-small-only.json,1,4096,/home/arpan/OTA/.cursor-tutor/ota_environment/data/raw/containers/yolo-perception/yolo-perception-layer-new.tar,/home/arpan/OTA/.cursor-tutor/ota_environment/data/raw/containers/yolo-perception/yolo-perception-layer-new.tar,e669a57fb08d98364bfc4188a4259b2d14d83698302da7cd0dcc57f9bed99e1c,20480,/home/arpan/OTA/.cursor-tutor/ota_environment/data/raw/containers/yolo-perception/yolo-perception-layer-old.tar,/home/arpan/OTA/.cursor-tutor/ota_environment/data/raw/containers/yolo-perception/yolo-perception-layer-old.tar,0e8b0687acf08d383867dafd22ba867fb3829e05656edef718005071fdffdca8,20480,,,,1,4,,container_yolo_perception_update,copy_only,CPython,"3.12.7 | packaged by Anaconda, Inc. | (main, Oct  4 2024, 13:27:36) [GCC 11.2.0]",1,,True,True,0.0,False,False,0.000458,0.000458,containerized_yolo_perception_update,1,20480,False,1,Locally generated deterministic SmartOTA-Bench YOLO-style perception container fixture,5,0.001171,2026-07-17T15:45:42.120432+00:00,containers,True
True,True,True,5,0,True,e669a57fb08d98364bfc4188a4259b2d14d83698302da7cd0dcc57f9bed99e1c,0e8b0687acf08d383867dafd22ba867fb3829e05656edef718005071fdffdca8,perception_container_tar,copy_delta,4096,4096,0,5,True,True,uncompressed,deterministic_tar_derivation,smartota-container-layers,1.2.6,0.26.2,1.26.4,2.20.0,2.12.0,True,True,True,True,B,e669a57fb08d98364bfc4188a4259b2d14d83698302da7cd0dcc57f9bed99e1c,0,1,True,0,,1,128000.0,5,True,1000000.0,always_pass,3,severe_edge_device,512000.0,131072,90.0,True,True,4194304,streaming,6291456,20480,0.207133,90.0,16384,pass,A,0e8b0687acf08d383867dafd22ba867fb3829e05656edef718005071fdffdca8,complete,0.053726,20480,5,3,26513,26513,30231,11543,False,1,False,False,False,False,4194304,20480,False,1,0,0.260859,4,container_av_perception,90.0,0.005431,26513,5,2942cbde2fd344cccea23aabbe8d5bf168610c71,False,0.75,"{'interruption_percentage': 0.75, 'interrupted_after_operations': 4, 'operation_count': 5, 'checkpoint_available': False, 'checkpoint_operation_index': 0, 'resumed_from_checkpoint': False, 'recovery_strategy': 'failed', 'recovery_success': False, 'rollback_success': False, 'rollback_ready_at_interruption': False, 'final_replay_validity': False, 'replay_errors': '', 'recovery_errors': 'no checkpoint and rollback is not ready', 'extra_network_bytes': 0, 'extra_flash_writes': 0, 'total_network_bytes': 26342, 'total_flash_write_bytes': 16384, 'interrupted_metrics': {'install_state': 'interrupted', 'package_size_bytes': 26342, 'network_bytes': 26342, 'staging_area_bytes': 0, 'backup_area_bytes': 0, 'installed_image_bytes': 20480, 'current_persistent_storage_bytes': 20480, 'peak_persistent_storage_bytes': 30231, 'peak_ram_bytes': 11543, 'flash_write_bytes': 16384, 'download_time_s': 0.205797, 'install_time_s': 0.053726, 'total_time_s': 0.259523, 'checkpoint_count': 0, 'latest_checkpoint_operation': 0, 'rollback_ready': False, 'unsafe_overwrite_count': 4, 'budget_violation_count': 0, 'budget_violations': [], 'ab_enabled': True, 'active_slot': 'A', 'inactive_slot': 'B', 'active_version': '0e8b0687acf08d383867dafd22ba867fb3829e05656edef718005071fdffdca8', 'inactive_version': '0e8b0687acf08d383867dafd22ba867fb3829e05656edef718005071fdffdca8', 'slot_capacity_bytes': 4194304, 'boot_attempt_counter': 0, 'max_boot_attempts': 3, 'pending_activation': False, 'health_verdict': 'not_run', 'rollback_performed': False, 'ab_update_valid': False, 'ab_rollback_ready': True, 'slot_storage_bytes': 20480, 'slot_storage_violation': False, 'activation_success': False, 'boot_health_success': False, 'rollback_after_failed_boot': False, 'rollback_success': False, 'reboot_count': 0, 'downtime_seconds': 0.0, 'slot_switch_count': 0}, 'recovered_metrics': {}, 'recovery_cost': {'discarded_operation_count': 4, 'replayed_operation_count': 0, 'network_bytes': 0, 'flash_write_bytes': 0}}",interrupt_075,0,1,False,0,0,0,0,1,False,Synthetic fixture with no third-party model weights,16384,/home/arpan/OTA/.cursor-tutor/ota_environment/results/final_deterministic_benchmark_20260505/bounded_manifests/smartota-container-yolo-small-only.json,1,11543,/home/arpan/OTA/.cursor-tutor/ota_environment/data/raw/containers/yolo-perception/yolo-perception-layer-new.tar,/home/arpan/OTA/.cursor-tutor/ota_environment/data/raw/containers/yolo-perception/yolo-perception-layer-new.tar,e669a57fb08d98364bfc4188a4259b2d14d83698302da7cd0dcc57f9bed99e1c,20480,/home/arpan/OTA/.cursor-tutor/ota_environment/data/raw/containers/yolo-perception/yolo-perception-layer-old.tar,/home/arpan/OTA/.cursor-tutor/ota_environment/data/raw/containers/yolo-perception/yolo-perception-layer-old.tar,0e8b0687acf08d383867dafd22ba867fb3829e05656edef718005071fdffdca8,20480,,,3,1,1,,container_yolo_perception_update,copy_delta,CPython,"3.12.7 | packaged by Anaconda, Inc. | (main, Oct  4 2024, 13:27:36) [GCC 11.2.0]",1,,True,True,0.0,False,False,0.005431,0.005431,containerized_yolo_perception_update,1,20480,False,1,Locally generated deterministic SmartOTA-Bench YOLO-style perception container fixture,5,0.006909,2026-07-17T15:45:42.120432+00:00,containers,True
True,True,True,5,4,True,e669a57fb08d98364bfc4188a4259b2d14d83698302da7cd0dcc57f9bed99e1c,0e8b0687acf08d383867dafd22ba867fb3829e05656edef718005071fdffdca8,perception_container_tar,backup_safe_copy_delta,4096,4096,0,5,True,True,uncompressed,deterministic_tar_derivation,smartota-container-layers,1.2.6,0.26.2,1.26.4,2.20.0,2.12.0,True,True,True,True,B,e669a57fb08d98364bfc4188a4259b2d14d83698302da7cd0dcc57f9bed99e1c,16384,1,True,0,,1,128000.0,5,True,1000000.0,always_pass,3,severe_edge_device,512000.0,131072,90.0,True,True,4194304,streaming,6291456,36864,0.210758,90.0,32768,pass,A,0e8b0687acf08d383867dafd22ba867fb3829e05656edef718005071fdffdca8,complete,0.07011,20480,5,3,26977,26977,44457,11543,False,1,False,False,True,False,4194304,20480,False,1,0,0.280868,0,container_av_perception,90.0,0.010131,26977,9,2942cbde2fd344cccea23aabbe8d5bf168610c71,False,0.75,"{'interruption_percentage': 0.75, 'interrupted_after_operations': 7, 'operation_count': 9, 'checkpoint_available': True, 'checkpoint_operation_index': 5, 'resumed_from_checkpoint': True, 'recovery_strategy': 'checkpoint_resume', 'recovery_success': True, 'rollback_success': True, 'rollback_ready_at_interruption': True, 'final_replay_validity': True, 'replay_errors': '', 'recovery_errors': '', 'extra_network_bytes': 9867, 'extra_flash_writes': 8192, 'total_network_bytes': 36844, 'total_flash_write_bytes': 40960, 'interrupted_metrics': {'install_state': 'interrupted', 'package_size_bytes': 19213, 'network_bytes': 19213, 'staging_area_bytes': 0, 'backup_area_bytes': 16384, 'installed_image_bytes': 20480, 'current_persistent_storage_bytes': 36864, 'peak_persistent_storage_bytes': 42519, 'peak_ram_bytes': 11543, 'flash_write_bytes': 28672, 'download_time_s': 0.150102, 'install_time_s': 0.05184, 'total_time_s': 0.201942, 'checkpoint_count': 1, 'latest_checkpoint_operation': 5, 'rollback_ready': True, 'unsafe_overwrite_count': 0, 'budget_violation_count': 0, 'budget_violations': [], 'ab_enabled': True, 'active_slot': 'A', 'inactive_slot': 'B', 'active_version': '0e8b0687acf08d383867dafd22ba867fb3829e05656edef718005071fdffdca8', 'inactive_version': '0e8b0687acf08d383867dafd22ba867fb3829e05656edef718005071fdffdca8', 'slot_capacity_bytes': 4194304, 'boot_attempt_counter': 0, 'max_boot_attempts': 3, 'pending_activation': False, 'health_verdict': 'not_run', 'rollback_performed': False, 'ab_update_valid': False, 'ab_rollback_ready': True, 'slot_storage_bytes': 20480, 'slot_storage_violation': False, 'activation_success': False, 'boot_health_success': False, 'rollback_after_failed_boot': False, 'rollback_success': False, 'reboot_count': 0, 'downtime_seconds': 0.0, 'slot_switch_count': 0}, 'recovered_metrics': {'install_state': 'complete', 'package_size_bytes': 26977, 'network_bytes': 26977, 'staging_area_bytes': 0, 'backup_area_bytes': 16384, 'installed_image_bytes': 20480, 'current_persistent_storage_bytes': 36864, 'peak_persistent_storage_bytes': 44457, 'peak_ram_bytes': 11543, 'flash_write_bytes': 32768, 'download_time_s': 0.210758, 'install_time_s': 0.07011, 'total_time_s': 0.280868, 'checkpoint_count': 1, 'latest_checkpoint_operation': 5, 'rollback_ready': True, 'unsafe_overwrite_count': 0, 'budget_violation_count': 0, 'budget_violations': [], 'ab_enabled': True, 'active_slot': 'B', 'inactive_slot': 'A', 'active_version': 'e669a57fb08d98364bfc4188a4259b2d14d83698302da7cd0dcc57f9bed99e1c', 'inactive_version': '0e8b0687acf08d383867dafd22ba867fb3829e05656edef718005071fdffdca8', 'slot_capacity_bytes': 4194304, 'boot_attempt_counter': 1, 'max_boot_attempts': 3, 'pending_activation': False, 'health_verdict': 'pass', 'rollback_performed': False, 'ab_update_valid': True, 'ab_rollback_ready': True, 'slot_storage_bytes': 20480, 'slot_storage_violation': False, 'activation_success': True, 'boot_health_success': True, 'rollback_after_failed_boot': False, 'rollback_success': False, 'reboot_count': 1, 'downtime_seconds': 90.0, 'slot_switch_count': 1}, 'recovery_cost': {'discarded_operation_count': 2, 'replayed_operation_count': 4, 'network_bytes': 17631, 'flash_write_bytes': 12288}}",interrupt_075,1,0,True,8192,9867,4,1,1,False,Synthetic fixture with no third-party model weights,16384,/home/arpan/OTA/.cursor-tutor/ota_environment/results/final_deterministic_benchmark_20260505/bounded_manifests/smartota-container-yolo-small-only.json,1,11543,/home/arpan/OTA/.cursor-tutor/ota_environment/data/raw/containers/yolo-perception/yolo-perception-layer-new.tar,/home/arpan/OTA/.cursor-tutor/ota_environment/data/raw/containers/yolo-perception/yolo-perception-layer-new.tar,e669a57fb08d98364bfc4188a4259b2d14d83698302da7cd0dcc57f9bed99e1c,20480,/home/arpan/OTA/.cursor-tutor/ota_environment/data/raw/containers/yolo-perception/yolo-perception-layer-old.tar,/home/arpan/OTA/.cursor-tutor/ota_environment/data/raw/containers/yolo-perception/yolo-perception-layer-old.tar,0e8b0687acf08d383867dafd22ba867fb3829e05656edef718005071fdffdca8,20480,4,,3,1,1,,container_yolo_perception_update,backup_safe_copy_delta,CPython,"3.12.7 | packaged by Anaconda, Inc. | (main, Oct  4 2024, 13:27:36) [GCC 11.2.0]",1,,True,True,0.0,False,False,0.010131,0.010131,containerized_yolo_perception_update,1,20480,False,1,Locally generated deterministic SmartOTA-Bench YOLO-style perception container fixture,9,0.012799,2026-07-17T15:45:42.120432+00:00,containers,True
True,True,True,5,4,True,e669a57fb08d98364bfc4188a4259b2d14d83698302da7cd0dcc57f9bed99e1c,0e8b0687acf08d383867dafd22ba867fb3829e05656edef718005071fdffdca8,perception_container_tar,deployment_aware_greedy,4096,4096,0,5,True,True,uncompressed,deterministic_tar_derivation,smartota-container-layers,1.2.6,0.26.2,1.26.4,2.20.0,2.12.0,True,True,True,True,B,e669a57fb08d98364bfc4188a4259b2d14d83698302da7cd0dcc57f9bed99e1c,16384,1,True,0,,1,128000.0,5,True,1000000.0,always_pass,3,severe_edge_device,512000.0,131072,90.0,True,True,4194304,streaming,6291456,36864,0.210758,90.0,32768,pass,A,0e8b0687acf08d383867dafd22ba867fb3829e05656edef718005071fdffdca8,complete,0.07011,20480,5,3,26977,26977,44457,11543,False,1,False,False,True,False,4194304,20480,False,1,0,0.280868,0,container_av_perception,90.0,0.010228,26977,9,2942cbde2fd344cccea23aabbe8d5bf168610c71,False,0.75,"{'interruption_percentage': 0.75, 'interrupted_after_operations': 7, 'operation_count': 9, 'checkpoint_available': True, 'checkpoint_operation_index': 5, 'resumed_from_checkpoint': True, 'recovery_strategy': 'checkpoint_resume', 'recovery_success': True, 'rollback_success': True, 'rollback_ready_at_interruption': True, 'final_replay_validity': True, 'replay_errors': '', 'recovery_errors': '', 'extra_network_bytes': 9867, 'extra_flash_writes': 8192, 'total_network_bytes': 36844, 'total_flash_write_bytes': 40960, 'interrupted_metrics': {'install_state': 'interrupted', 'package_size_bytes': 19213, 'network_bytes': 19213, 'staging_area_bytes': 0, 'backup_area_bytes': 16384, 'installed_image_bytes': 20480, 'current_persistent_storage_bytes': 36864, 'peak_persistent_storage_bytes': 42519, 'peak_ram_bytes': 11543, 'flash_write_bytes': 28672, 'download_time_s': 0.150102, 'install_time_s': 0.05184, 'total_time_s': 0.201942, 'checkpoint_count': 1, 'latest_checkpoint_operation': 5, 'rollback_ready': True, 'unsafe_overwrite_count': 0, 'budget_violation_count': 0, 'budget_violations': [], 'ab_enabled': True, 'active_slot': 'A', 'inactive_slot': 'B', 'active_version': '0e8b0687acf08d383867dafd22ba867fb3829e05656edef718005071fdffdca8', 'inactive_version': '0e8b0687acf08d383867dafd22ba867fb3829e05656edef718005071fdffdca8', 'slot_capacity_bytes': 4194304, 'boot_attempt_counter': 0, 'max_boot_attempts': 3, 'pending_activation': False, 'health_verdict': 'not_run', 'rollback_performed': False, 'ab_update_valid': False, 'ab_rollback_ready': True, 'slot_storage_bytes': 20480, 'slot_storage_violation': False, 'activation_success': False, 'boot_health_success': False, 'rollback_after_failed_boot': False, 'rollback_success': False, 'reboot_count': 0, 'downtime_seconds': 0.0, 'slot_switch_count': 0}, 'recovered_metrics': {'install_state': 'complete', 'package_size_bytes': 26977, 'network_bytes': 26977, 'staging_area_bytes': 0, 'backup_area_bytes': 16384, 'installed_image_bytes': 20480, 'current_persistent_storage_bytes': 36864, 'peak_persistent_storage_bytes': 44457, 'peak_ram_bytes': 11543, 'flash_write_bytes': 32768, 'download_time_s': 0.210758, 'install_time_s': 0.07011, 'total_time_s': 0.280868, 'checkpoint_count': 1, 'latest_checkpoint_operation': 5, 'rollback_ready': True, 'unsafe_overwrite_count': 0, 'budget_violation_count': 0, 'budget_violations': [], 'ab_enabled': True, 'active_slot': 'B', 'inactive_slot': 'A', 'active_version': 'e669a57fb08d98364bfc4188a4259b2d14d83698302da7cd0dcc57f9bed99e1c', 'inactive_version': '0e8b0687acf08d383867dafd22ba867fb3829e05656edef718005071fdffdca8', 'slot_capacity_bytes': 4194304, 'boot_attempt_counter': 1, 'max_boot_attempts': 3, 'pending_activation': False, 'health_verdict': 'pass', 'rollback_performed': False, 'ab_update_valid': True, 'ab_rollback_ready': True, 'slot_storage_bytes': 20480, 'slot_storage_violation': False, 'activation_success': True, 'boot_health_success': True, 'rollback_after_failed_boot': False, 'rollback_success': False, 'reboot_count': 1, 'downtime_seconds': 90.0, 'slot_switch_count': 1}, 'recovery_cost': {'discarded_operation_count': 2, 'replayed_operation_count': 4, 'network_bytes': 17631, 'flash_write_bytes': 12288}}",interrupt_075,1,0,True,8192,9867,4,1,1,False,Synthetic fixture with no third-party model weights,16384,/home/arpan/OTA/.cursor-tutor/ota_environment/results/final_deterministic_benchmark_20260505/bounded_manifests/smartota-container-yolo-small-only.json,1,11543,/home/arpan/OTA/.cursor-tutor/ota_environment/data/raw/containers/yolo-perception/yolo-perception-layer-new.tar,/home/arpan/OTA/.cursor-tutor/ota_environment/data/raw/containers/yolo-perception/yolo-perception-layer-new.tar,e669a57fb08d98364bfc4188a4259b2d14d83698302da7cd0dcc57f9bed99e1c,20480,/home/arpan/OTA/.cursor-tutor/ota_environment/data/raw/containers/yolo-perception/yolo-perception-layer-old.tar,/home/arpan/OTA/.cursor-tutor/ota_environment/data/raw/containers/yolo-perception/yolo-perception-layer-old.tar,0e8b0687acf08d383867dafd22ba867fb3829e05656edef718005071fdffdca8,20480,4,,3,1,1,,container_yolo_perception_update,deployment_aware_greedy,CPython,"3.12.7 | packaged by Anaconda, Inc. | (main, Oct  4 2024, 13:27:36) [GCC 11.2.0]",1,,True,True,0.0,False,False,0.010228,0.010228,containerized_yolo_perception_update,1,20480,False,1,Locally generated deterministic SmartOTA-Bench YOLO-style perception container fixture,9,0.012777,2026-07-17T15:45:42.120432+00:00,containers,True
True,True,True,5,0,True,e669a57fb08d98364bfc4188a4259b2d14d83698302da7cd0dcc57f9bed99e1c,0e8b0687acf08d383867dafd22ba867fb3829e05656edef718005071fdffdca8,perception_container_tar,rsync_rolling_hash,4096,4096,0,5,True,True,uncompressed,deterministic_tar_derivation,smartota-container-layers,1.2.6,0.26.2,1.26.4,2.20.0,2.12.0,True,True,True,True,B,e669a57fb08d98364bfc4188a4259b2d14d83698302da7cd0dcc57f9bed99e1c,0,1,True,0,,1,128000.0,5,True,1000000.0,always_pass,3,severe_edge_device,512000.0,131072,90.0,True,True,4194304,streaming,6291456,20480,0.306055,90.0,16384,pass,A,0e8b0687acf08d383867dafd22ba867fb3829e05656edef718005071fdffdca8,complete,0.016384,20480,5,3,39175,39175,30231,4096,False,1,False,False,False,False,4194304,20480,False,1,0,0.322439,4,container_av_perception,90.0,0.004588,39175,5,2942cbde2fd344cccea23aabbe8d5bf168610c71,False,0.75,"{'interruption_percentage': 0.75, 'interrupted_after_operations': 4, 'operation_count': 5, 'checkpoint_available': False, 'checkpoint_operation_index': 0, 'resumed_from_checkpoint': False, 'recovery_strategy': 'failed', 'recovery_success': False, 'rollback_success': False, 'rollback_ready_at_interruption': False, 'final_replay_validity': False, 'replay_errors': '', 'recovery_errors': 'no checkpoint and rollback is not ready', 'extra_network_bytes': 0, 'extra_flash_writes': 0, 'total_network_bytes': 39004, 'total_flash_write_bytes': 16384, 'interrupted_metrics': {'install_state': 'interrupted', 'package_size_bytes': 39004, 'network_bytes': 39004, 'staging_area_bytes': 0, 'backup_area_bytes': 0, 'installed_image_bytes': 20480, 'current_persistent_storage_bytes': 20480, 'peak_persistent_storage_bytes': 30231, 'peak_ram_bytes': 4096, 'flash_write_bytes': 16384, 'download_time_s': 0.304719, 'install_time_s': 0.016384, 'total_time_s': 0.321103, 'checkpoint_count': 0, 'latest_checkpoint_operation': 0, 'rollback_ready': False, 'unsafe_overwrite_count': 4, 'budget_violation_count': 0, 'budget_violations': [], 'ab_enabled': True, 'active_slot': 'A', 'inactive_slot': 'B', 'active_version': '0e8b0687acf08d383867dafd22ba867fb3829e05656edef718005071fdffdca8', 'inactive_version': '0e8b0687acf08d383867dafd22ba867fb3829e05656edef718005071fdffdca8', 'slot_capacity_bytes': 4194304, 'boot_attempt_counter': 0, 'max_boot_attempts': 3, 'pending_activation': False, 'health_verdict': 'not_run', 'rollback_performed': False, 'ab_update_valid': False, 'ab_rollback_ready': True, 'slot_storage_bytes': 20480, 'slot_storage_violation': False, 'activation_success': False, 'boot_health_success': False, 'rollback_after_failed_boot': False, 'rollback_success': False, 'reboot_count': 0, 'downtime_seconds': 0.0, 'slot_switch_count': 0}, 'recovered_metrics': {}, 'recovery_cost': {'discarded_operation_count': 4, 'replayed_operation_count': 0, 'network_bytes': 0, 'flash_write_bytes': 0}}",interrupt_075,0,1,False,0,0,0,0,1,False,Synthetic fixture with no third-party model weights,16384,/home/arpan/OTA/.cursor-tutor/ota_environment/results/final_deterministic_benchmark_20260505/bounded_manifests/smartota-container-yolo-small-only.json,1,4096,/home/arpan/OTA/.cursor-tutor/ota_environment/data/raw/containers/yolo-perception/yolo-perception-layer-new.tar,/home/arpan/OTA/.cursor-tutor/ota_environment/data/raw/containers/yolo-perception/yolo-perception-layer-new.tar,e669a57fb08d98364bfc4188a4259b2d14d83698302da7cd0dcc57f9bed99e1c,20480,/home/arpan/OTA/.cursor-tutor/ota_environment/data/raw/containers/yolo-perception/yolo-perception-layer-old.tar,/home/arpan/OTA/.cursor-tutor/ota_environment/data/raw/containers/yolo-perception/yolo-perception-layer-old.tar,0e8b0687acf08d383867dafd22ba867fb3829e05656edef718005071fdffdca8,20480,,,,1,4,,container_yolo_perception_update,rsync_rolling_hash,CPython,"3.12.7 | packaged by Anaconda, Inc. | (main, Oct  4 2024, 13:27:36) [GCC 11.2.0]",1,,True,True,0.0,False,False,0.004588,0.004588,containerized_yolo_perception_update,1,20480,False,1,Locally generated deterministic SmartOTA-Bench YOLO-style perception container fixture,5,0.005381,2026-07-17T15:45:42.120432+00:00,containers,True
